case,split,T0,P,O2_CH4,H2O_CH4,t_end,t_onset,t_peak,t_tail,failed,induction_T_rmse,induction_T_max,induction_T_bias,induction_spc,induction_CH4,induction_O2,induction_H2O,induction_CO,induction_H2,induction_CO2,induction_maj,ignition_T_rmse,ignition_T_max,ignition_T_bias,ignition_spc,ignition_CH4,ignition_O2,ignition_H2O,ignition_CO,ignition_H2,ignition_CO2,ignition_maj,relaxation_T_rmse,relaxation_T_max,relaxation_T_bias,relaxation_spc,relaxation_CH4,relaxation_O2,relaxation_H2O,relaxation_CO,relaxation_H2,relaxation_CO2,relaxation_maj,tail_T_rmse,tail_T_max,tail_T_bias,tail_spc,tail_CH4,tail_O2,tail_H2O,tail_CO,tail_H2,tail_CO2,tail_maj,T_rmse_all,dT_end,end_CH4,end_O2,end_H2O,end_CO,end_H2,end_CO2,end_drift_C,end_drift_H,end_drift_O,end_sumY_minus_1,T_eq_true,T_eq_model_elements,T_h0_model_Y,A_fixed_point,B_element_drift,C_true_not_eq,dT_end_from_peak,T_rmse_from_peak,dT_end_from_tail,T_rmse_from_tail,drift_at_true_end_K,drift_at_true_end_maj
0,train,1454.6982134619311,69.26476540780459,0.6449070220106774,0.37397606094109476,0.01,1.4544312985821591e-05,2.7076116906293812e-05,0.0009516928097137383,False,0.18953904653376544,1.6760571192305633,0.03184501187274207,0.009263372437041673,2.090247614814883e-05,2.1295656333884775e-05,3.613637236690155e-05,0.03155519147448618,0.027911866271736932,0.059934440616249765,0.01991330547788697,24.75970535934571,33.713477632359854,20.54539066826075,0.043020986275653095,0.023697101208973663,0.024693736131305377,0.011418896834115247,0.046434846607979294,0.08002932332413577,0.0183276409138782,0.03410025750339792,13.623478884619562,17.16708964551526,-13.576092940587277,0.020482916364266135,0.017482270925614624,0.09634714269751,0.003020239662016504,0.006023802198972474,0.003870733029127855,0.007408763921011701,0.022358825405708858,17.092122192798847,17.254347160299858,-17.08822827832239,0.03325654339421602,0.12709488070965533,nan,0.0016579612480321843,0.0011951017725716666,0.00055612171966279,0.01734520436084099,0.029569853962152597,17.51653258468283,-17.254347160299858,0.03820666238104943,0.007084263202573135,-0.0014207459170428511,-0.0009191638315293523,0.0005053571604014704,0.014153116002493816,0.00017636527456686688,0.00026101823541407535,7.909513796375641e-05,1.2442134884604883e-06,2222.681977519936,2222.6786440366195,2223.363643997758,-17.256418821566513,-0.0033334833165099553,0.005405144583164656,-4.178189475541785,3.364565282560738,0.4928265809980985,0.48079045929225395,-0.003012853597283538,0.00010217291399672498
1,val,1572.967070893871,70.79465389931262,0.6900097302868887,0.38341317744316694,0.001,4.6749730606549354e-06,9.657928168834469e-06,9.553173055832934e-05,False,0.11336530075405335,0.9056458494817434,0.026520870289861616,0.01300747656041068,1.4170719051245354e-05,1.3177101308464331e-05,2.8957977014666386e-05,0.09310015276937697,0.04562915705271474,0.03513514107322245,0.028986792782114756,56.3462357107734,88.81206506439366,-45.506977106779104,0.06432517816905553,0.039769548848794585,0.080487249023627,0.0202740593091365,0.049506623921988846,0.04109214904043449,0.041115912908236,0.045374257175369574,0.6469514910071485,1.7708916427236545,-0.19789138252756608,0.014584953541931345,0.002874536818779423,0.059476131572190345,0.0007142954736987713,0.007975868929961868,0.0018718826377268022,0.027818922706263075,0.016788606356436715,0.5367393529285842,0.7483696388285352,-0.5354665518354731,0.010761398630792618,0.01469107017395845,0.008771328989121953,0.000863220766005401,0.0006299888847779354,0.0004011456807920237,0.009317376548920078,0.0057790218405959735,33.55254330795589,-0.5240966905380446,0.01642971034187,-0.01037824815587379,-0.0005951373031852161,-0.00045564328173191263,0.00028987923145319027,0.006619413470789066,-0.0006077682788947712,0.00023754028284831967,-0.00033195899219513045,-3.404372518667209e-06,2485.225277737661,2485.2220000265133,2485.9257912165594,-0.5221469822618019,-0.00327771114780262,0.0013280028715598746,-3.294965310380576,2.742655861282723,0.0337707688959199,0.0338905379519664,0.0004785479250131175,4.6131258212198265e-06
2,train,1473.947499359364,68.46291308335475,0.7160958705563708,0.41149688440327403,0.001,1.1852565278028705e-05,2.110471526022987e-05,0.0001121382654693891,False,0.3161315948171786,2.471742374819769,0.0693998722524063,0.005057782613750561,3.400283001417429e-05,3.0472829248812706e-05,5.69103807516637e-05,0.034476449311152284,0.032757834580198195,0.02447739921039419,0.015305511523626553,26.545947122931707,40.88926620957636,23.427405756717643,0.04054558315434553,0.030550770899270094,0.033495525893800185,0.0071387727637035785,0.026147530267891114,0.05625970087237518,0.03048170478928136,0.030679000914386922,9.268219873604286,10.94403328675844,-9.239514238105357,0.018835220058490698,0.01900960069167669,0.02660130336171174,0.0015373977661691806,0.002608165368902777,0.0023959004668367813,0.004507972508730547,0.009443390027337953,11.072748446826816,11.133825058308958,-11.071822339715274,0.022123210440290197,0.07633366096701201,0.022049913445642794,0.0008151561913140066,0.0007583147081773646,0.00039164794533539776,0.009058329853252434,0.018234503851789,17.169905399819736,-11.13380787032338,0.021330889310559074,-0.022127558912233246,-0.0007476568516422376,-0.0006541366829262752,0.00034370313542424603,0.00839597729185076,0.0001765165015034569,-0.00037269155770109285,0.00023285272394618696,1.5288834458448974e-06,2468.010042002801,2468.0179763394567,2468.211892101896,-11.142805747719649,0.00793433665558041,0.0010635407406880404,-5.435329882271162,4.627100519122044,0.260211748092388,0.24576909260117916,-1.0295385436620563e-05,9.858887114157496e-06
3,train,1508.1687255262837,57.55674867789221,0.5756263078111883,0.41326792684261016,0.1,1.2282263504632414e-05,2.583051390337672e-05,0.00999939578707778,False,0.19386371407917719,1.497535774782591,0.038171688400128204,0.008028699368564318,1.0558161491572701e-05,8.61119076301325e-06,2.128611180872654e-05,0.06719066045151248,0.01883404659159993,0.06474322655676293,0.02513473151065644,20.323854943991254,41.88406208577362,-2.905781487141562,0.03811484966762557,0.009901413052408685,0.024784397860177828,0.007536377535540742,0.031473579586136405,0.07044569113738657,0.03130895745853436,0.029241736105030763,11.996614058800803,19.88658726582662,-11.779476803742769,0.017845053109127207,0.012176530665551986,0.16187618002722973,0.003218502203967485,0.004570841971453867,0.003989980585090094,0.007747233089423854,0.032263211423786166,11.918252974081703,12.082234896646469,-11.915415302956312,0.02846447623078463,0.09443495298057177,nan,0.001093186565174701,0.0007006684958975159,0.0002610959771908862,0.010999055614162211,0.021497791926599417,13.726840405377931,-12.077460194987225,0.037473510501045346,0.0030593445599679985,-0.0011423000966471657,-0.0006292229312602557,0.00030483058567106353,0.010622093076708597,-0.0002183394369538826,9.014631043099139e-05,-0.0002640175383891381,-2.069866330778325e-06,2015.718910631648,2015.7145895150202,2016.0693701665114,-12.089415328339783,-0.004321116627806987,0.01627624998036481,-5.14262373927545,4.055381377772796,0.44283485386267785,0.42982838367876125,0.031289135685483416,0.0014948852680388917
4,train,1509.2135015697004,68.5426334876559,0.5901252418636326,0.426501963661759,0.1,9.313207406404641e-06,2.029264613591058e-05,0.004215452694108644,False,0.19523752417143253,1.427098055759643,0.04516676773424082,0.01002907605314629,6.690854326113102e-06,7.920182018694398e-06,1.1557659369212662e-05,0.059166552716611975,0.020031052143414916,0.02161183185789728,0.016805934235606366,13.131105770368828,24.61298754485051,-6.786612603558524,0.044171820799141503,0.011554120680753292,0.020953917090805158,0.008927896201591515,0.045313506219189253,0.044438233282089144,0.07283135675274656,0.034003171704529156,23.19236399938191,26.086323281741443,23.094870938065206,0.03700864515143687,0.03502027493628104,0.15276363852764704,0.013240295283531605,0.011405869768380969,0.012950367958302835,0.03843071661247109,0.04396852718110244,34.029040617799325,34.28677998506873,34.01623030835114,0.03266827261430727,0.16097665336885997,nan,0.00985957469926077,0.00554968308697956,0.0029008702622109073,0.0835481345780071,0.052566983199063666,21.417519701943117,34.212635404880075,-0.06720191847409275,-0.01507352553022206,-0.009689120103331028,-0.005601181655907172,0.0027724784841724774,0.08323462071755852,5.2857649888896495e-05,-0.0015056069899321515,-6.626341444528798e-05,-1.953114271535661e-06,2067.7108935334336,2067.724427487044,2069.683701586082,34.18467857526548,0.013533953610476601,0.014422876004118734,-4.745667428573597,3.7196211679665745,0.4901874055690314,0.4940772015371535,0.015454307535037515,0.0002839566983886594
5,val,1493.551584849258,51.60276965330491,0.5975721102700514,0.3897491277764211,0.1,1.4745425530556193e-05,3.097417583350936e-05,0.004397366113821414,False,0.19721580735111174,1.5774597445599738,0.036513849107130125,0.010069657767235007,6.543658478734853e-06,3.872118128697972e-06,1.6920091527009056e-05,0.06408672865958442,0.024182998747701804,0.07891840410552768,0.02786924456349139,23.634297481519628,39.17588481226858,9.486796834717623,0.04978334933420003,0.018435403799137336,0.024415875360607762,0.010308581697938721,0.05610474309281973,0.10336576870335112,0.024388882387696313,0.03950320917359183,21.176625065497092,29.52963015257683,-20.966617622241777,0.03403098319734177,0.028127190832389418,0.17149704637137014,0.007917282108669267,0.009010001536864968,0.007303365124181468,0.03131239537442472,0.04252788022464999,25.22665397430854,25.578030525186477,-25.21303058942382,0.016245326376654212,0.19720030293293422,nan,0.002021580166592058,0.0009164767979284729,0.000672809093981676,0.01776244956901986,0.043714723712091265,20.457875882754113,-25.57761032172084,0.0711952163056904,-0.06316117864141574,0.0016706971006635895,0.0009306700222266667,-0.0004590261808418959,-0.01624878581692075,0.0015355725777437463,0.0009969588931500093,0.0008927699817594569,1.0731489646031989e-05,2086.3643155232917,2086.354438616145,2086.2408683109843,-25.576185689188605,-0.009876907146463054,0.008452274614228372,-6.732967831454971,5.2556103581139855,0.5350540936219659,0.5327625017220455,0.04764909335381162,2.6210091265496386e-05
6,test,1463.9923101863446,66.12380969008393,0.6441093303368318,0.38195262945600367,0.01,1.3937823571435647e-05,2.6616657939329372e-05,0.0009319714592330149,False,0.2034258900339926,1.7378970712907176,0.03544696508888689,0.008157045296111498,1.4394930227255666e-05,1.7889876540481502e-05,2.4848240010009984e-05,0.024588448966091112,0.03043603263718693,0.05661744666158697,0.018616510218607125,11.632392045002694,19.440722381315254,4.892168850534418,0.01922608028202677,0.006305225465289044,0.010407175177954052,0.0032402645789225515,0.015695810630116405,0.03209392761678604,0.04291483106213216,0.01844287242186671,3.182456988482871,4.8546964884121735,-3.142215801936925,0.015767861023782137,0.008851310272190353,0.05788411293183918,0.0013096605279368798,0.0016346954013327464,0.0012210155689081213,0.007225177707320727,0.013020995401588001,3.4580900015967653,3.6838573481063577,-3.45793386368829,0.01326691742644881,0.015642278669221937,nan,0.0022080494626049696,0.0014412482325114493,0.0007567560609471313,0.021796168449452372,0.008368900174947572,7.240386337579427,-3.4556268872161127,0.016363604502624723,0.01900031481832936,-0.0019814992155883946,-0.0012886087345536448,0.0006818049885977524,0.019607233788208844,0.0003515733859604093,-0.00015352600757702442,0.0005558452058101782,4.15781756424316e-06,2226.5864820350303,2226.5972181582865,2227.1648698539734,-3.4711861673913518,0.010736123256265273,0.004823156918973837,-4.528703616621897,3.7758403623391947,0.5016719942009331,0.4863589415194003,-0.000333791541379469,0.00013181810847312327
7,train,1629.5584712815682,62.04215193089894,0.632346085455403,0.40041764886439807,0.001,3.650610740539995e-06,8.389254312893675e-06,0.0003415085683730729,False,0.24015814212427583,1.8582225524153273,0.05229459395103386,0.010138848621816354,6.435368011953286e-05,6.0872694349836955e-05,0.00010904418384235389,0.08808370014184036,0.019358512713333338,0.027518576822970216,0.022532510039409273,12.842289630509836,18.702577051064054,6.058345874299927,0.028642235749366307,0.018213192635532536,0.015168013791678757,0.0067740448901349665,0.028714242417118837,0.05805227043768733,0.031676323033674646,0.02643301453430451,8.93802634856997,11.136012429651146,-8.91969576533553,0.00823434946177759,0.014497246091166479,0.03398001700296061,0.00273081446740369,0.00403573377602637,0.003379118644959597,0.004123657364574698,0.010457764557848574,11.711462897320066,11.942407324428132,-11.70863779734017,0.044695105784998024,0.2176469391759055,0.04730952888807722,0.0007906294333535478,0.00034643690956554846,0.00036966924976502484,0.006177637125153172,0.045440140130303334,10.22359380223289,-11.942407324428132,0.26092954108404187,-0.052232475854568,0.0013635653479555144,0.0007990180078717934,-0.000478767347883246,-0.01427681064953279,0.00047153674156520035,-0.00016457586032518333,0.0003283241331432537,3.0897022940123975e-06,2341.3812101030653,2341.385037735781,2341.5895942740376,-11.847043403914086,0.0038276327159110224,-0.09919155322995721,-5.587116748192329,4.509719018555329,0.10510376037063907,0.09920953864583551,-0.10536220833455445,0.10470976159581961
8,train,1662.7825985292857,61.46713229664833,0.7048520001531643,0.41592313054323476,0.001,2.617637399939763e-06,5.896043048547547e-06,4.23559583892608e-05,False,0.3191620727550245,2.2021091567560234,0.07683510150767366,0.010031635306184672,3.1687725378062165e-05,1.83247769783082e-05,3.559873815693152e-05,0.05506359698678235,0.03846579256556253,0.08667734549806637,0.030048724381820758,52.58303135594753,78.36460941529731,45.544632854350475,0.071415759490148,0.06601032542667465,0.08422824241924795,0.01671665621495476,0.041424600875674816,0.08424725081836548,0.09929167768499265,0.06531979223998505,4.581239895901273,7.3033579860994,-4.47341535268789,0.01016888715203379,0.006269214706714478,0.021437751598358982,0.0013659920748757064,0.0017809920580995466,0.002094547580620079,0.00544359357254018,0.006398681931868162,3.552199939951502,3.573397125734118,-3.5521846067399823,0.0021699283690774784,0.008547653066610972,0.007314103366781045,0.0003931318359521368,0.0003171398964712872,0.00019729511629334374,0.004523859998292256,0.00354886388006684,31.794504788875287,-3.556333707718295,-0.0021663987870582354,-0.005625166388097042,-0.000137671594112561,-0.00011309633094374738,9.096772336697926e-05,0.0015701409495167936,-0.0004387570283047787,0.000385320219889247,-0.0002533384086457754,-2.3130074507937692e-06,2603.8504743146063,2603.8449850420866,2604.1942509397045,-3.5513816706343277,-0.0054892725197532855,0.0005372354357859876,-0.6871679828918786,0.5920850572962253,0.08450681779004299,0.08122668555990553,-0.00014128662542134407,1.3962450795140565e-06
9,train,1631.4499548216854,52.760738173141256,0.7170956119353084,0.3916089334294143,0.001,3.925939213635185e-06,8.375120528986377e-06,4.2635390895906804e-05,False,0.18433209142188797,1.540647839737403,0.03685713138989181,0.011024644636437486,7.897436408830662e-05,5.8498312961523506e-05,0.00012707509039232436,0.05731503623421148,0.02538652614789072,0.03404904593927336,0.019502526014802953,15.449672760162324,30.489671191881826,-4.523869848402646,0.01882772159008439,0.01004652071882463,0.01613599524342565,0.0038058184901755927,0.012567467665047764,0.03161082786929255,0.018756309865123492,0.015487156641981614,23.34838875539156,25.723987921614935,-23.335771932069797,0.02715331040052349,0.055713967275185454,0.03543162788042063,0.005884206271199109,0.005045444370078056,0.00702627495294199,0.015084822531556524,0.020697723880230293,29.089939269132007,29.28258692236841,-29.08478305169988,0.05180565163969986,0.20004156598567024,0.0784113681787456,0.0006277715294732164,0.00046147573900440187,0.00022588492454236834,0.004491933685659825,0.04737666667384927,19.42858760194386,-29.282583124610937,0.04606724248352726,-0.07744342589239135,0.0006950078355815484,0.00045185278802145797,-8.443994334604726e-05,-0.006379972097852633,-0.00032211167024787855,0.0004874442301807125,-0.00018957495233007518,-1.5137523562414046e-06,2618.92429684836,2618.9177637942885,2621.754227924478,-29.27641558751293,-0.0065330540714967356,0.00036551697348841117,0.9745375360262187,0.9698156661875552,0.07969771834586936,0.0774303707814441,-0.0001712107964522147,1.4741896240744454e-06
10,val,1660.9472955138826,66.6616232654138,0.5724465280600843,0.42581210744991244,0.01,2.7140849416918636e-06,7.206946936837108e-06,0.0020994378172817796,False,0.300964796403941,2.5194411474703884,0.06228416313658062,0.009984010861617598,2.32416290055336e-05,3.2535098362093426e-05,4.4608864806565386e-05,0.1127970549801556,0.013663728726328438,0.032980536323245414,0.026590284270317274,19.95149811922806,35.56373281370816,-13.292913706761414,0.027293908035428416,0.007014270715543657,0.029849423250420115,0.006162197851305346,0.01807004696303017,0.01680402308174662,0.05645014869312101,0.022391685092527824,1.0825846891767401,2.1044460573857577,-0.3441908806986877,0.013735410377088697,0.010737045469222481,0.07936506828352459,0.00208411857600365,0.005071981521531734,0.0014186579083894026,0.037908326516311805,0.02276419971249728,2.190637204785666,2.256632029265802,-2.189227848193003,0.015901941469755432,0.0475910837010642,nan,0.0032681579534918404,0.001754600762720842,0.0009064543692776863,0.03473685677596446,0.01765143071250381,11.510983930563002,-2.256632029265802,0.006609460735032796,-0.10232922177754478,0.003975924685858388,0.002180232383356295,-0.0010811864984640706,-0.04311926182468486,1.3061000048955525e-05,0.0002370766720971742,0.00026623796350612987,1.8794066669602927e-06,2155.894525829081,2155.898273880901,2155.1289573502727,-2.264205729162313,0.0037480518199117796,0.003825648076599464,-5.822043600965571,4.643716921642479,0.1851835383904472,0.16555012722411191,-0.016670801989221218,0.006051911276226114
11,train,1626.9276907727656,60.08699721583098,0.6442551456647113,0.42506559232042485,0.001,3.604115011430766e-06,8.782837063088235e-06,0.00026439325759132785,False,0.2540573375982293,1.848724198680884,0.06151233418721978,0.010239906290669953,4.455036534635586e-05,3.973023299897329e-05,6.855804545843274e-05,0.09945656924756896,0.027820281149773834,0.051499880936419204,0.02982159499626096,16.077691420712945,29.1885080075308,-3.7820594424859837,0.02570149476870487,0.008246929042956366,0.024087674766037348,0.0050125738035104945,0.023733656465594773,0.05176713819966965,0.03306022761613315,0.024318033315650297,11.223526008240864,12.761576665673147,-11.204825830952439,0.012250300454344831,0.013312265707099261,0.055710925807534686,0.0036607414221749954,0.0037292435951666227,0.0038127841783329205,0.006800917674634811,0.014504479730823881,14.732849182222969,14.961240754843402,-14.729870098396546,0.040984731432368804,0.23762593432011175,0.033316461185802886,0.0018311642698334081,0.0010667925796208637,0.0007206100992926039,0.018625259995430573,0.048864370408348685,12.843267934968571,-14.961240754843402,0.14100684380936063,-0.03481295622109508,0.0018763805872681887,0.0012911321918037393,-0.0006461423725934838,-0.020890636266089724,0.0003009139850650537,0.00029633007317223984,0.00010071354969401571,1.7430753054270554e-06,2372.8478360127683,2372.8429981251847,2373.0542681157535,-14.954632311492787,-0.004837887583562406,-0.0017705557670524286,-6.944862759284206,5.6944707849111555,-0.017731711162923602,0.014880001427974117,-0.004730734360691713,0.011832642526829843
12,train,1666.2228353474518,66.07323190076107,0.6194538546574831,0.4054564616926152,0.001,2.468341018142016e-06,6.237208494510706e-06,0.00039876101949306393,False,0.28198375996660136,2.164023681915751,0.06181512526872872,0.008170059039396271,3.9311529099705845e-05,3.9709708345983495e-05,6.654476087348086e-05,0.08999567056986625,0.023420859552255775,0.0559978883117345,0.028259997405362614,15.139362187600089,23.915195919576036,13.20194390609703,0.02432123419324217,0.022449623909530644,0.014980883358522426,0.005860198574175582,0.019851736962866857,0.04972868970965296,0.03163116627859351,0.024083716465556997,2.0545484892328223,2.6807284756760055,1.8481137789480795,0.008619560847037633,0.010607493130651657,0.01431644461818052,0.0013410700841511199,0.0008860369478575779,0.0028857536192589675,0.007621980529253782,0.006276463154892271,3.250874776695781,3.291141632605104,3.250190471720384,0.01646153478538981,0.04581752729130189,0.017573265981587823,0.0015831917742840133,0.0010432952750773592,0.000493573753705855,0.018206237538187932,0.014119515269024144,9.089075715711331,3.291141632605104,-0.04375549202664269,-0.02040898394928071,0.0023272782745498476,0.0014727379946083876,-0.0007468853434700323,-0.026448202248611108,0.0002967716267499701,-0.0002672480542949164,0.00017607556583504346,1.5776745703188766e-06,2331.923106955524,2331.9266332090574,2331.633200738667,3.4931083321439473,0.0035262535334368295,-0.20549295307228022,-4.696419556116325,3.767672705985188,0.06228221624178332,0.06328747359641151,-0.21501120331822676,0.13507301306746977
13,val,1628.5070592435957,52.85026029999324,0.6529119994208018,0.3870068540811966,0.001,4.026223685889957e-06,9.599683345497786e-06,0.00019804785364579955,False,0.14691949110962219,1.2542314305640048,0.026990469625439398,0.010460585886539864,8.724290362793995e-05,7.719081479131594e-05,0.00015264796080148888,0.08816698419617726,0.01647202654075123,0.02179197641978705,0.021124678139322714,15.650547034841194,26.38470084401115,2.7050279154126198,0.03184170176176537,0.01809691653855865,0.01983918685132299,0.008548483596059373,0.03160422644036253,0.05782862521039318,0.03236424080213873,0.028046946573139244,17.81324336676351,20.690538800583454,-17.795873008629503,0.01527626307331853,0.03321786150825598,0.04890449294362385,0.007387897091999153,0.007657940278579441,0.007583421454431777,0.01067801785497848,0.019238271855311444,25.411443258667795,25.900406049436242,-25.400363928460187,0.06370424629755966,0.44323627739901683,0.10602232565066516,0.0012923150654974263,0.000665584730629745,0.0005694037435617275,0.009717737728496137,0.0935839407196445,17.36148156596192,-25.900406049436242,0.1055279002495115,-0.11271814390753487,0.001063671822236396,0.0006910167578810225,-0.00031797760874492724,-0.011473276949006664,0.00015563262411559173,0.00028774335502818515,0.00038525088204198195,3.077448371024971e-06,2412.904772439864,2412.9089002896185,2413.5941447149494,-25.905758210043132,0.0041278497546954895,0.0012243108521943213,-5.958892207111603,4.906655202961064,-0.09535041544950218,0.08366961509214633,-0.0007186948914750246,0.0034026571679993574
14,test,1583.4469266186634,61.29568513156859,0.6255771414369646,0.4179781109289543,0.01,5.137102337849796e-06,1.2176713969893156e-05,0.0007037060129272298,False,0.1449695521650731,1.1120565340825124,0.03465359736484455,0.0073093082009814125,1.3607051363060054e-05,1.3101312833551427e-05,2.1325622005054078e-05,0.08930076953157917,0.032036898019431305,0.03250172817455223,0.02564790495196073,12.387382519731693,17.96287653728814,11.598255938728089,0.022897965839521195,0.0178798658435855,0.00879001736065383,0.0025528697161440197,0.009119623805105913,0.048829378082946476,0.042409982687232374,0.02159695624927802,7.0988953582758345,8.224746244647122,7.06525954901737,0.019218287575094806,0.02704808155505659,0.03752807606670943,0.006136047211946928,0.0036268622893713613,0.00797560414650327,0.02563552038082128,0.017991698608401472,10.852636264779521,10.943696591734806,10.848587319291273,0.02179745856782289,0.09281319522763089,0.03606957750044148,0.002093672976769334,0.001286404202856252,0.0007150018589134556,0.020892715336173158,0.02564509451713076,9.603944670029344,10.931477833236386,-0.023249614475483644,0.03555266042126845,-0.001957934522840496,-0.001273057580718166,0.0006457414265417138,0.020079839998042134,-0.0013962592276832448,0.0007165031180845267,-0.0003594806834714555,-5.180409395455499e-06,2268.6244560825107,2268.6260390749926,2268.843811965012,10.926297814711234,0.00158299248187177,0.0035970260432804935,-6.3783507437065055,5.323716122087881,0.11857352685456135,0.12048418161031015,-0.0014728757705597673,4.654740217954667e-05
15,test,1653.711225632059,54.068817404292695,0.6702514752230065,0.36277482115767845,0.001,3.3213957516104685e-06,7.436359684203412e-06,0.00010488302255006256,False,0.1416854025716705,1.2028423491897229,0.007985171034339334,0.01090165465125903,7.086415211241844e-05,6.375664142425764e-05,0.00013347187592379053,0.028832552148393396,0.010261485522959145,0.02694732391521583,0.01105157570933814,21.57436317556734,36.11257564416337,-15.663743138522904,0.023761806942948827,0.013048531628006463,0.030510914942674053,0.006222932575219805,0.012187045332576233,0.022413135974717908,0.021978707609257835,0.017726878010408717,11.547965639788908,14.30316391430506,-11.499912166853985,0.018456970235411818,0.03938859539267236,0.05199717033728746,0.0034259179602386678,0.005630745519150744,0.004657318025872016,0.013892590340550555,0.019832056262628635,17.17190242981106,17.370384798060513,-17.166316439646273,0.022461861486053558,0.20089489344105288,0.11539712203563632,0.0011818803305456214,0.0010714407350432779,0.000458533531910227,0.015354118452139605,0.05572633142105465,16.115390943534464,-17.37037458346913,0.03660761906424814,-0.12152513680169899,-0.0008958905487828468,-0.0006440757537375134,0.0003810409644593273,0.010485962528956953,0.00045889647839493936,0.0001915009326018709,0.0003406509223834801,3.5220149559034297e-06,2501.1902667562476,2501.1905796815536,2502.0377293763627,-17.37159344253132,0.0003129253059341863,0.000905933756257582,-2.5103391011284657,2.1043222288429297,-0.06445439986418933,0.057418687401240856,0.0004694811777881114,1.140334381650047e-05
16,test,1467.0370808906473,52.63528039722431,0.6363458044036889,0.37771385595734097,0.01,1.7351898537911966e-05,3.4379400331926264e-05,0.0013169676316152523,False,0.1629469422044611,1.3764574533888663,0.025723362681371025,0.011582293905638252,1.4160118160287563e-05,2.0686377232016567e-05,2.734992928838107e-05,0.030210765093758356,0.028239808574145257,0.07228081900833828,0.02179893151682043,111.30823544443949,181.49030891915254,-84.75938545509942,0.11014607324418924,0.06820748180156566,0.13246018810222976,0.040820811348307735,0.06393912802475883,0.08724300399860538,0.18567125018397912,0.09639031057657442,20.536576853627277,34.344308362681204,-20.24018822737597,0.045516275887289126,0.0346045824010296,0.3244476360383296,0.006565888859185084,0.006198747227116179,0.008287258628942034,0.028882702207809034,0.06816446922706858,27.073570072626993,27.41143659810359,-27.065779016599645,0.05599856261811054,0.2586449431874083,nan,0.0013107965779527078,0.0006243358789586604,0.0005231621798170708,0.01094893228219206,0.05441043402126576,68.14468512271777,-27.41143659810359,0.044868028342582016,0.004798542683787915,0.0014264936708612364,0.0008811164757330433,-0.0004350365015687895,-0.014376496257060268,-0.0007266724041762634,9.904663472528074e-05,-1.9242788661555553e-05,-2.0011943615561023e-06,2202.8543070092464,2202.862661722365,2203.0607779999223,-27.42365068510344,0.008354713118478685,0.0038593738813688105,-5.362670973661352,4.432276055043383,0.5975326755128663,0.5771016472762126,0.003229067306165234,0.0004162017140907079
17,val,1552.9724050810603,65.39892977217949,0.7100215936142841,0.37599225014950843,0.001,6.231495812064082e-06,1.181526770053137e-05,7.11816007183143e-05,False,0.1763709630307943,1.3548784999534291,0.04014728299769648,0.00859870190969314,1.6473903296496314e-05,1.7353337466353843e-05,3.7078230606639666e-05,0.0791421561635297,0.034590481356769266,0.02802066160067434,0.023637367432057133,36.04300716401639,57.23150901892586,29.52210364566839,0.04434848458474816,0.033577831926714506,0.05479955696544171,0.009222034295209805,0.022223696433361813,0.0306119271621757,0.06499440151937297,0.035904908050379415,14.75831140688481,16.635417719207,14.727467836801118,0.02683831578769147,0.02780284722219851,0.05557334071801783,0.006280579518229376,0.0016591137674684014,0.0065140774656215145,0.034621623769298775,0.022075263743472403,18.92085604356532,19.028667208553543,18.918024696949765,0.03888520335037127,0.10668939075169848,0.005786941468202201,0.003724715420138266,0.002696271535315934,0.0015679269661036416,0.03749108059423692,0.026326054455949238,24.466045519254415,19.028667208553543,-0.002401809254822439,0.005968102435211755,-0.0037775070558542325,-0.0029129299771720593,0.001550032142529899,0.039180391402232215,-0.000818282271823589,8.384398272587236e-05,-0.0002745938311896465,-3.7558440156848505e-06,2532.816287778204,2532.8188258997993,2532.3601819486225,19.025280617201133,0.0025381215955349035,0.0008484697568746924,-2.138016566098486,1.8237013358656518,0.19041382760406123,0.18366894594555347,1.634489763091551e-05,1.3689969172621096e-06
18,train,1605.2086662821807,55.89060334425499,0.6718963624246798,0.40630783426042494,0.001,4.642553928818468e-06,1.0425027160869414e-05,0.0001467316192172054,False,0.15090504395849785,1.1800485660569393,0.03500300799796319,0.0075174394596011496,5.019934213377954e-05,3.9739212618989025e-05,7.813205409936173e-05,0.08253752059993553,0.02962855251840022,0.03462895682624399,0.024493850092238645,16.74715987777837,31.062036354632255,-7.611587598701718,0.018628827077886823,0.006560322145722833,0.024106855670871483,0.004606701243002771,0.012216543511005453,0.03454979829981389,0.02183240200244605,0.017312103812143747,14.244401596543852,16.674081089019182,-14.223554142687501,0.012981559573192136,0.028349453002745082,0.03885617291076599,0.004073048275603301,0.0063375920957203305,0.004748850727920116,0.009298061021987016,0.015277196339123639,19.6161101065477,19.84683002265274,-19.61092288491075,0.039724498822657495,0.2340554562783426,0.07325130201691252,0.0005225399206109613,0.0006482978259093214,0.00024969773817997185,0.007571966267225718,0.052716543341196846,15.123973069174115,-19.84682388757801,0.03754812443269132,-0.07401239479989877,-0.00017380967626732044,-0.0001581675294439888,0.00015186338865585302,0.0023633254172213767,-0.0002813346791806373,0.0002224205491370979,-8.903050986823339e-06,-5.611298209418081e-07,2448.3193895272634,2448.320136039424,2449.467487056665,-19.848636884253665,0.0007465121607310721,0.0010664845149221946,-5.723186412165433,4.7928396509394675,0.013443975101836259,0.015597518629536592,5.823418814543402e-05,3.3241721859305074e-05
19,train,1553.6235811175882,58.47541023852328,0.633095557660129,0.4290260730783999,0.01,7.56344065781514e-06,1.5917724843087946e-05,0.0006647636077802262,False,0.14867320159123468,1.102140692252533,0.03410169316470166,0.008130567222426777,1.0426478146775142e-05,1.2146653863263825e-05,1.9773104879608425e-05,0.07191642480796667,0.03349243296434621,0.024063471981759614,0.021585779331827024,9.052765473377612,16.32755593137108,-4.6870206470936315,0.016971774964530117,0.0035337341508822066,0.02409018025140975,0.007713114163672734,0.01708750141334595,0.023253025479882797,0.006562591877968258,0.013706691222860284,8.278399214802839,9.255854068464032,8.268646126264183,0.0231807667979691,0.03543500779966369,0.0574493749229049,0.0072023138984295245,0.005441832803316288,0.009836377799965478,0.02135714254230839,0.022787008294431376,12.665728247964964,12.792906429313916,12.65818807241943,0.027093258518455343,0.12702336195002883,0.07846931142140982,0.0026622249537085097,0.0016815148816152342,0.0009652217152019185,0.026015553191033443,0.0394695313521663,9.011110256554444,12.78283197190558,-0.03444235022019886,0.07784242519006346,-0.0026173239407407322,-0.0017525747668391796,0.0009138755277229601,0.02634947818720799,0.0009964464571847649,0.0009705146646873104,0.0005382311544196285,7.021929286699091e-06,2262.717777789791,2262.7068905635824,2263.181013002903,12.79056924108545,-0.010887226208524226,0.003149957028654171,-7.278718147672862,6.099343445288693,0.20442741692659183,0.20058409715847036,-0.001229000391504087,6.938900791298777e-05
20,train,1670.5754707169904,70.02781824834311,0.6106295507017059,0.3805459948407313,0.01,2.19555648087674e-06,5.6896454336505565e-06,0.00047142492598037334,False,0.2369146850302746,1.9792843378700127,0.046027635573733426,0.00676854250475456,4.110673693433399e-05,4.3424076913395415e-05,7.671976361351851e-05,0.07896142309274012,0.018659384166677916,0.03659949142408614,0.02239692487682757,10.041290042348736,15.629008946886188,5.533116251081738,0.02193535429636584,0.017313459481829517,0.012204927709042518,0.0050326069140090935,0.02451915728697251,0.0496762721400073,0.03997533956623337,0.024786960516349047,1.9152347272132337,5.604139453343123,-1.471338383580063,0.006746970106759065,0.0075584793024076795,0.027457653805599117,0.0007239967100593558,0.0026339372061277293,0.001793878701983335,0.012572540909243002,0.00879008110590337,1.1431851328436737,1.1802477304904642,-1.1415416140966335,0.018755493096504594,0.02088676864907243,0.021308933081877625,0.002902955352282605,0.001665225120133564,0.0008547084993495522,0.032682528335491845,0.013383519839701269,5.9670456375661605,-1.1802477304904642,0.00436765923061498,-0.022266947433236227,0.003224723862378406,0.0018711018354547794,-0.0009433015953547359,-0.036606762827947774,-0.00047190727528002656,0.000406851089134961,-0.00017700912722408072,-1.9186214853528227e-06,2311.350098482409,2311.347324565036,2311.0360535738087,-1.182061465753577,-0.0027739173729059985,0.004587652636018902,-2.9118887373219877,2.6252570512765043,0.06166956603556173,0.08490548199353683,0.0005933261036261683,1.158561888890107e-05
21,val,1497.9282582624205,64.88513426545042,0.6028394261660512,0.40433994498929604,0.01,1.1107959317441666e-05,2.2741490061734894e-05,0.0030559703885848794,False,0.18051828216634036,1.4010199179006122,0.03660492918674317,0.007526980012601214,9.7408267893618e-06,9.625438064417877e-06,1.4550276466498862e-05,0.04842986170876001,0.02214591015290912,0.045087805050167455,0.019282915575526142,58.756233459324044,94.0846420240191,-45.62627987377037,0.10159097844425613,0.0409024658698039,0.07414111347955274,0.024686029084722942,0.06363508511866382,0.08824259175673509,0.1501261604262111,0.07362224095594827,12.003732269803855,16.711003919691393,11.832282497793551,0.0221887424462075,0.018720976062520826,0.05845849287659088,0.0074650970989238105,0.006964081922497592,0.006150414713760958,0.01709659401657166,0.01914260944847762,16.442857423281968,16.74222700303244,16.435724848400902,0.05385491673909004,0.2721891723539653,nan,0.005933643550586624,0.00321646745219559,0.0018681773867432923,0.051989884574957054,0.06703946906368957,35.50728730617891,16.74222700303244,-0.2275943762545065,-0.0163149672039897,-0.005344248736483014,-0.003046006540695621,0.0016069682019287112,0.04823411159797078,-0.00041250798792663774,-0.00032201524984860387,0.000296763970534881,2.6135810449190444e-07,2107.076018571976,2107.0924369598592,2108.161352163395,16.939132242201595,0.01641838788327732,-0.21332362705243213,-4.776958918161199,3.7926893155994295,0.6018610966384585,0.5679307728609928,-0.219511557930673,0.06599038245723872
22,test,1647.9700866295223,56.27964530357856,0.6053316726643518,0.4373576256743297,0.01,3.446425196865749e-06,8.918333579380508e-06,0.0007804356853839513,False,0.3201572734495259,2.445233793815987,0.07549270672394906,0.006201332988181818,3.041342583842851e-05,3.5513753469978145e-05,5.1574076409986605e-05,0.13196168570556388,0.016416343568381057,0.048549564113348216,0.03284084910716859,51.626006791219964,85.82257151799604,-38.568895365792656,0.04704452637131884,0.028015122873630744,0.07272316317060315,0.01692169986555906,0.03430505872327613,0.03704506686696401,0.0881287826724722,0.04618981569541755,12.610598789659168,16.77073786528308,-12.461369820141176,0.01850663334153646,0.013782144881254529,0.14864819287990672,0.006441465877958338,0.005619098005607435,0.004850724170642204,0.05735113894559424,0.039448794126827245,18.272397262901002,18.456030263433604,-18.26668841131019,0.033791196239453036,0.13546099387220645,0.04344152295311022,0.005619168921835924,0.003387761805141886,0.0018336178477164284,0.06343870499933801,0.04219696173322482,32.113764733400394,-18.456030263433604,0.01960496580954707,-0.04763626172476306,0.005669477087848363,0.003559637617926637,-0.0017829769357063272,-0.06545240805101613,3.8317228970106485e-05,0.0006896947104626665,-9.241160037003825e-06,8.220004714676321e-07,2257.295815066609,2257.2873290169905,2256.5850835996853,-18.45109486443289,-0.008486049618568359,0.0035506506178535346,-6.989918001066144,5.817890732436269,-0.028553072439535754,0.02310997808884208,-0.0075226761632620764,0.00063976804474523
23,test,1635.3579409869722,57.42843772051437,0.6966937920794745,0.39611483163814243,0.001,3.6999357507335896e-06,7.719899341925118e-06,5.958918972741831e-05,False,0.22432501607579083,1.8042412438828705,0.047443902349958954,0.009839378728168313,6.531716659756167e-05,4.9946470335627486e-05,0.00010129166441939246,0.053883671247065466,0.0237067814404257,0.03446927736975068,0.018712714226432402,27.113690722800165,47.52602260807953,-18.775585962496997,0.02338358294967069,0.01440142683660633,0.038360612891375406,0.0064303394690588475,0.012466566333934398,0.022888611243575944,0.023430623410021077,0.019663030030762,15.673190841328267,17.68532085923698,-15.648528262687512,0.01724337962555067,0.03693358403940734,0.05125066597686003,0.005183241357915055,0.005976323757240263,0.00660996826361441,0.008303015579423196,0.019042799829076716,20.36234528844479,20.52344787567972,-20.357858021631994,0.03374669431468824,0.16017583490760884,0.08506214643317807,0.00030140268373895205,0.00027814390334600055,0.00026007263160550214,0.0024570916021179404,0.04142244869359921,20.185231179121285,-20.523441011963314,0.035248162715813734,-0.08647477487468296,-7.921592928119841e-05,-0.00011253427785860093,0.00015155291073456887,0.0016308301002689585,-0.00023639402599953603,0.0005195697677624048,-5.2290170909242477e-05,-3.96711865358057e-07,2559.01584292373,2559.0112728412105,2560.5356157348233,-20.519493512309054,-0.004570082519421703,0.0006225828651622578,-1.8393767858028696,1.5744790872087957,0.07431839774972104,0.07177005097286618,-4.232938272252795e-05,1.9304161124112415e-06
24,train,1558.8931877578361,72.9663896590146,0.5601380160434245,0.36490879554415945,0.1,5.834120570270308e-06,1.3321413052605943e-05,0.00822214580785785,False,0.11318166628671392,0.9059992275429067,0.025348313313848,0.011139780934644072,2.3301475942174438e-05,3.283766543180386e-05,5.4247682794899645e-05,0.12911607473894476,0.023441889819216914,0.03280790411913852,0.030912709250244846,82.21480278681739,126.99509631555338,69.6733781835217,0.16120745044715656,0.07954871460053538,0.12559958485169456,0.044434696963666545,0.11248670817993991,0.20423757521464805,0.21502417704290278,0.13022190947556453,9.828379116395055,22.45414906110136,-8.71859158020866,0.02640071271393607,0.026464176214208268,0.1147969327120456,0.0034697637164806975,0.021743033711622815,0.004856730620314889,0.06346867135677604,0.039133218055241385,3.3506335965868725,4.320279645208302,-3.3476611665849156,0.022835990603955025,0.00842035849043469,nan,0.0010161149263567652,0.0004752768323919912,0.0002210325050832629,0.009721443010999408,0.0039708451530532235,44.69079298071644,-3.3263449097892135,-0.012305681333655486,0.118653432321568,0.0013145492871021712,0.0006120894185623929,-0.0002863456902103503,-0.01258788200237354,-0.0002340452105159146,0.0003010442519908381,-8.815338800304576e-05,-8.441643362111506e-07,2016.968556872711,2016.9666075754926,2016.7700824210865,-3.3555592882371457,-0.001949297218288848,0.031163675666221025,5.044309703639556,4.788897543072347,nan,,0.09329675339176902,0.0010884433964078503
25,train,1665.0666112524193,52.53598027798426,0.5549219229427286,0.4162376782382045,0.1,3.4008535129500227e-06,9.485163282135855e-06,0.004357072524107671,False,0.3148639373389893,2.6154776544565266,0.06318964950758288,0.0070604867338524,3.580426809088922e-05,5.208312382741048e-05,7.110590404327417e-05,0.13945503198341105,0.023167571174232623,0.03823145085350131,0.03350217455118443,47.83194852516945,71.08285759240334,42.56531259025431,0.08822635562339531,0.05299383608544846,0.07065506749694304,0.024498953027789996,0.07139669622052963,0.10968756350315066,0.07964772411189851,0.06814664007429339,4.622982691385053,5.965014167913978,4.36087832584116,0.018045993241424974,0.014077695571807566,0.0678823150720842,0.0018951035481406687,0.01240382288384883,0.004070905665684671,0.05866080281566677,0.026498440926205447,5.928319644001966,5.96872471393317,5.927364911035707,0.0108616063038256,0.020477917419476403,nan,0.007943681523038685,0.004033829344178269,0.001968643431124194,0.08913870004507884,0.02471255435257928,27.590060840359072,5.924836966529256,-0.005557607252836795,-0.07273774726251452,0.008213935836444846,0.00414322775196689,-0.002048631750455366,-0.09218432397086693,-0.0005151082450118936,8.350289740613013e-05,-5.58587709699351e-05,-1.7062691989311318e-06,2097.0757012337326,2097.080433629609,2095.29991944175,5.9097532681516896,0.004732395876544615,0.010351302501021564,-7.723890216850577,6.278233850671776,-0.35919124620477305,0.2798980386876114,0.010273428677010088,0.00026594152077023483
26,train,1613.299985242286,67.11430757209135,0.7233833422206336,0.41432337354364585,0.001,3.714260427637839e-06,7.3459528440588435e-06,3.718870600711868e-05,False,0.3230092539129674,2.3091296042362046,0.07829522618054888,0.007104206016869785,2.378688272434661e-05,1.4835706552658794e-05,2.7650176362957537e-05,0.0670875967956103,0.047175724484216815,0.06717076869965895,0.030250060457521006,42.213513011564096,64.46382349374699,36.44087718896059,0.05814694198618664,0.05406051240281617,0.06325024002027324,0.013055207828432305,0.027718950101166456,0.06680632986774492,0.0934421437173836,0.05305556398963612,5.19069920659835,7.54645242390643,-5.104521504506534,0.011605807986393657,0.007840765376648616,0.016883719538044645,0.0012912330799749992,0.003375222299880374,0.001862734203359497,0.0076374368521551555,0.006481851891677215,4.292084102945066,4.299989775185168,-4.2920378935831955,0.008863611194999343,0.021787097009273507,0.020636462582746665,0.0018109100087339998,0.0015029851916811944,0.0008684484585239097,0.019600884440343636,0.01103446461521715,25.667862006207308,-4.299932860727495,0.010431168224248145,-0.019990810190115428,-0.0022379618011253593,-0.0018759638460879823,0.0010717636068104342,0.024222774883595467,-0.0005669078197040563,0.00034739026131489967,-0.0001992091280361181,-2.339814291985043e-06,2616.6588200313004,2616.656633568942,2617.0476492824882,-4.298285730667885,-0.0021864623581677733,0.0005393322985582927,-0.5682070020575338,0.4885892312011616,0.1890897713196864,0.1814560159841342,-0.00033567573791515315,1.0460589060314747e-06
27,train,1469.888196012037,64.80615139915597,0.6202154257971562,0.42548161755161873,0.01,1.5053111957511695e-05,2.7836008601133802e-05,0.0022660653745843716,False,0.2324850919612907,1.806946126972207,0.04696486626166083,0.006914519809503972,1.2424095782723228e-05,1.4788033157891073e-05,1.9865521757196107e-05,0.024170521284765968,0.02929545866323253,0.03460294430720488,0.014686000317650197,42.25168875380332,71.46100040198189,-30.52628223302641,0.07756121734266674,0.03132085498639675,0.05430185558968938,0.01858749128821485,0.04628950802461159,0.07045340623362042,0.1342065638129225,0.059193279989242585,14.208685088246494,17.816705995752727,14.11939426733793,0.022235932937650027,0.021855013189103177,0.04436248009271326,0.0080173550307434,0.01029511405253969,0.008262384539009343,0.011644709977791844,0.017406176146983452,19.723802861716088,20.003551282199624,19.716370110319705,0.051156063239980565,0.261370745461372,nan,0.005400613583874995,0.003287397870985945,0.0018444493714668152,0.04846382601104474,0.0640734064597489,26.290666566590936,20.003551282199624,-0.06768133373085486,0.011149244912614799,-0.00508595228272773,-0.0032540633504674742,0.0016577290958506457,0.04688467093142774,-4.6226907937258196e-07,0.00037061238438167475,-0.00019135227363058173,-7.463859256207073e-07,2137.1869356396564,2137.17820449851,2138.1471262336954,20.012568671245845,-0.008731141146654409,-0.00028624789956666064,-6.156545276983707,4.799719958082394,0.7534231085041938,0.7156323953900925,-0.010101084665620874,0.010198066912221587
28,train,1520.7786395904825,64.45478587895803,0.5668281655585047,0.40363056547514925,0.1,9.427638840837814e-06,2.0763839316031817e-05,0.010435557506987275,False,0.16953812850680447,1.2939953215354763,0.03590916693804445,0.005033767956157398,5.7811632419459535e-06,7.80316615791114e-06,1.2103953367291388e-05,0.07202528436096058,0.015543300831250823,0.03993125791506271,0.021254255231673545,5.611615188638761,15.511918277132736,4.226646200465137,0.014927374476815136,0.001812321621840257,0.004542630113575366,0.001650057956432532,0.016841462187653564,0.014662505971092914,0.04797942870031178,0.014581401091817736,15.713146913179932,18.42228839474319,15.573074850951267,0.0271326445263691,0.02857582798947178,0.13514586889527,0.010030842199440585,0.008592910980737922,0.008045822493146738,0.043905231843655614,0.039049417400287105,22.795634895424097,23.136468031567574,22.779485800750457,0.053959655528621475,0.1432598549944968,nan,0.009486977108371958,0.0046126214805745835,0.0024732540927851153,0.07746629760524597,0.047459801056294895,14.023987167308745,23.120295528410452,-0.0463930222372004,-0.17862805515022886,-0.009094837609500805,-0.0046109323825572505,0.0022770117259975587,0.075975613735324,3.190954028362258e-05,0.000816837209546749,-4.142717095029613e-05,7.906397443413482e-07,1997.3517278610675,1997.3419452923392,1999.215951756808,23.106452375351864,-0.009782568728269325,0.023625721786856957,-1.5544345266052915,1.9313889086466907,0.8481540868026514,0.8384696670985856,0.0392887971829623,0.0013098369800274557
29,train,1642.5100768434552,59.538515000639826,0.7228278162012629,0.43484156148711933,0.001,3.1384100775559703e-06,6.898732394910622e-06,3.494178761512541e-05,False,0.32129617767028396,2.2671693165980287,0.08165450354461307,0.012928652811241559,3.986422047414456e-05,2.3992857243371347e-05,4.670079326141241e-05,0.06933147158367292,0.04390501286266038,0.09287841638464919,0.03437090978366023,37.62668008794422,59.799929072820305,31.414609414699445,0.062447698669005014,0.05232679344679426,0.055900232602993316,0.012574018538957402,0.03860703425930041,0.0790564982363214,0.08035317007150641,0.053136291192645534,15.93933004830009,17.858048886189408,-15.921396890135828,0.02215021978871423,0.02244127941755768,0.0130743606062009,0.00411688530441189,0.002629702501053394,0.004251769469213703,0.017174826139616763,0.010614803906342389,16.936242126823917,16.99608601937325,-16.93530892280669,0.01942008397063777,0.07462711992739379,0.01870989585858631,0.0016568701377550565,0.0012467329890721906,0.0007892261598164647,0.01763286922704716,0.019110452383278496,24.931826117052427,-16.99605518581984,0.010585731439260898,-0.01761925800795826,0.0012900576094157666,0.0010522159258655496,-0.0005631177666505068,-0.014070955307046048,-0.0006009443861419636,0.00011247717329722863,-5.857927421216859e-05,-1.7714899734899703e-06,2633.3030329367552,2633.307409715205,2633.977935003285,-17.00081507749246,0.004376778449568519,0.0003831132230516232,0.18021974312796374,0.19028527229992526,0.24672318209923105,0.23637936169132276,-0.00013337120799405966,8.903813548476423e-07
30,train,1568.7330817935076,70.91114264391982,0.646513943628411,0.4355583561756067,0.001,5.337218436056622e-06,1.1109596798544468e-05,0.0003619511576745111,False,0.14769863550422777,0.9717729469052756,0.04056193297832693,0.009977294887500321,1.4389338956828074e-05,1.7794774656180964e-05,3.1761936457333204e-05,0.08662272467148867,0.0509086657970189,0.05012486892764258,0.03128670090770341,14.228266990124986,24.57625237136699,-10.576092248530959,0.025168479129830612,0.005455236929687576,0.0293648373119575,0.008723508303067918,0.03087199464088942,0.0274444790155181,0.039015218876797125,0.023479212512986274,7.846489546719713,8.856381503026569,7.833396466443054,0.022369550315901154,0.03279138091945593,0.04141717217215048,0.006694136574724631,0.003430026146388042,0.008415292593901245,0.04266286975712562,0.02256847969395766,11.205618993617593,11.442185586084179,11.200616695675542,0.05297774893756957,0.3177652535194699,0.07590587566380229,0.002255458353953368,0.0013535735512454495,0.0009422638998264043,0.02158673447306381,0.0699681932435602,10.626583638314683,11.442185586084179,-0.31670743420804387,0.07695357585170266,-0.0016282280133435953,-0.0010977185045498161,0.0006179281749334818,0.016568478290079857,0.0001990133266666936,7.54686547838985e-05,0.0004710504155740529,3.4969511031324174e-06,2321.993946965493,2322.002130232021,2322.1783630995988,11.549277789237749,0.008183266528249078,-0.11527546968181923,-7.399631925577523,6.062445569243235,-0.0013065967059446848,0.021787182224407606,-0.12457286741800999,0.10620654407040182
31,test,1655.4470179699501,67.31927426488939,0.6522399776015271,0.430438177255849,0.001,2.617812888184416e-06,6.249897047302014e-06,0.0001636439345461345,False,0.3080337328895946,2.2134767325330813,0.07297307215815259,0.009608065401120136,2.6835015139172057e-05,2.3838146445195598e-05,3.781113478025386e-05,0.07536191528873595,0.03811331472764429,0.07461100902915623,0.03136245389031685,42.9298544524748,70.11506049475656,-33.719817531759865,0.04699507276367276,0.02540239882150547,0.06757135316787093,0.015945659621061734,0.029382262826363147,0.02407616260281099,0.05281275086281442,0.03586509798373778,3.9163238722541025,5.728536466031528,-3.8443145423626497,0.010720603889686986,0.006935422718106662,0.05958228213721017,0.001987020873572911,0.0016261957226591638,0.001645514222999493,0.007050819763754166,0.013137875906383762,4.526021719539821,4.541179777861544,-4.5259637127453445,0.013522527500378523,0.01685958790171809,0.0027150474170837863,0.0030223197406304483,0.00215081454933967,0.0011229256079868706,0.03505379221339233,0.010154081238358531,25.50985042417402,-4.541143476762045,-0.0103995380712756,-0.00135999394347967,0.0035566903402546985,0.002543261894373949,-0.001317607636759694,-0.041604088389868746,-0.0001601403425814667,6.756512748506194e-05,-0.00029164356322415624,-2.141401471589255e-06,2426.003897761778,2425.997963459016,2425.8111166279027,-4.536967659592847,-0.0059343027619434,0.0017584855927452736,-6.455527185565643,5.344845092302433,-0.061112174466416036,0.0588237926776858,-0.002567277369507792,0.0012911016441987876
32,train,1667.3468534892975,65.62958525140931,0.5820679914544329,0.42330233422591745,0.01,2.5841146234732307e-06,6.853116532521996e-06,0.0014453482382017287,False,0.30013569452203465,2.4042579502752233,0.06444864507313444,0.010053844466937356,2.3054089078441956e-05,3.082603190241273e-05,4.291496925911486e-05,0.11162259162838059,0.016306896866349754,0.043193275146148506,0.028536593121853138,7.631337959045748,14.037688381530643,-1.5374867592469241,0.015380186511262273,0.003947991071839121,0.011888056599383941,0.001724670357684724,0.010053581318007564,0.019639685443639684,0.02800967422242962,0.012543943168830776,2.404323351322789,3.525334586007375,2.341108729611064,0.011804686093838335,0.006629764064036971,0.04127394783969726,0.0005976222385477088,0.0061997722311928315,0.0016382898119914368,0.029837201299059327,0.014362766247420923,2.5470004957579797,2.565913048335915,2.5463326528583643,0.012354678873973235,0.01993550504919198,nan,0.0033079406547212964,0.0018920515425970823,0.0009311059661780305,0.036471643622266556,0.012507649366990989,4.659268864690256,2.563488541014067,-0.014747778613220906,-0.060476318261090796,0.0037217164174229178,0.002111755001583329,-0.0010551491484308998,-0.041071391104133916,0.00012373520643575863,0.0004647919965762713,7.119915836998143e-05,1.2982866610666832e-06,2197.5087343775444,2197.503705353025,2196.6907555576317,2.5610694434444667,-0.005029024519444647,0.007448122089044773,-5.634665183554262,4.541961161705159,0.13870005093986038,0.1317540612696198,-0.005014407196085813,0.0012322004201199724
33,train,1550.8486879006873,49.82524881145723,0.6991981477544188,0.3599761913321156,0.001,8.469928922671527e-06,1.6478713188227405e-05,0.00010518476411482423,False,0.13836810183601586,1.0744437139871934,0.028736336909744264,0.006843549266341675,4.0530341821105736e-05,2.622801589243468e-05,7.511885398002519e-05,0.07654226352575036,0.024249939032465345,0.04423872594302376,0.024195467618822172,49.518786857365704,77.18951757934565,42.10078450732382,0.06548124685909062,0.05823602811504481,0.08645253718892892,0.016313819789250922,0.025211805976528164,0.06069090342162915,0.07350971515967168,0.05340246827517561,3.3813439425897727,4.0105420834679535,3.248357469691984,0.009433433131854518,0.006401630428965076,0.04280202017863424,0.0034191422409945924,0.0023054725874943564,0.004019594521933508,0.01932555034600921,0.013045568384005163,4.047279158637151,4.0808075918826034,4.046119824961686,0.014351628534143401,0.028208639169611374,0.021727804557479927,0.0019048911658344685,0.0013536210426103614,0.0007433082621086226,0.019961766819792386,0.012316671836239523,30.104499134659893,4.0808075918826034,0.0019313449984460188,-0.020959173586054914,-0.0017491862415015098,-0.0012920779298207338,0.0006456190345699155,0.018721592321325958,0.0005119004126894186,0.00024077106168542283,0.0005301992915859053,4.884199859001015e-06,2499.5940744535583,2499.5977747824686,2498.9859021896546,4.076457135048258,0.003700328910326789,0.0006501279240183067,-2.9799378564616745,2.5501093878534213,0.13717796177661512,0.13367608003942308,0.0001209352972182387,7.748951038378555e-06
34,test,1527.4646870484235,62.183449892984406,0.615405555288198,0.4312592237187465,0.01,8.511480714901498e-06,1.8787480637998942e-05,0.0015826512955629877,False,0.16179413179229743,1.2109506130232148,0.03568592141967291,0.008969040226697977,1.1960340764083054e-05,1.2355200374351974e-05,1.9383927397828688e-05,0.05796341647996549,0.027919080556154358,0.01797899851352582,0.01731753250303032,23.122424352153168,37.742415341640026,-16.888465291229018,0.05303679184998833,0.018963005440170502,0.04165336817892916,0.014556300341313243,0.04672981633836913,0.03684935953943386,0.06096662811522321,0.03661974632557318,19.030220068290795,21.28218958198704,18.99680952060198,0.03106271167304797,0.05349947204936182,0.05008992462096252,0.011192645077306052,0.010639876780977548,0.012963911632509914,0.01776417361082788,0.02602500062865762,28.18810313070632,28.448507643697212,28.17917943969602,0.056543281716770366,0.2945095403004999,nan,0.003376200121979367,0.0019760918115561336,0.001157378120372405,0.03128940773083324,0.0664617236170482,21.152073592142035,28.448312169331984,-0.06448759972800298,0.08904350452095224,-0.0031145737451653724,-0.0019781929705494387,0.0009887770830107597,0.030107808028240847,0.0004947281959005855,6.938938994517727e-05,0.000589863102712234,4.9841013474161144e-06,2175.1126244428133,2175.1197061649887,2175.3866355089995,28.435385386625967,0.007081722175371397,0.005845060530646151,-6.907320257228093,5.600206649854348,0.5576831732701066,0.5320575609125368,0.0016433433629572392,0.0012867275342357861
35,test,1613.913215301356,55.7155559281027,0.6796153215322522,0.4000289046931099,0.001,4.270681253256142e-06,9.637106492079526e-06,0.00010563926243431965,False,0.15194965805684893,1.1985145229532463,0.03371126109834438,0.008990780706754187,5.815061941957936e-05,4.582200445616227e-05,9.256968752149739e-05,0.0761238754929086,0.026633205136261634,0.031812333971316616,0.022460992818647347,22.38890817577351,40.33910122891484,-13.364880940717702,0.021659121010421778,0.010151497505669052,0.03170385803821483,0.005801740298370102,0.013045967302228447,0.02794083036198566,0.023648680159578394,0.01871542894434108,16.781373877871893,19.304113987362598,-16.758362720791137,0.016764520020311924,0.036810528549830725,0.0504239899071998,0.005413354425228097,0.007317506384206682,0.006558488983037979,0.009978506593436567,0.019417062473823306,22.91240837932199,23.176020860176322,-22.90510919957229,0.0388545903569657,0.23912611498457137,0.0943288141101016,0.0003776724190147332,0.0005729402438134727,0.00026433504466045387,0.0058657535120690595,0.05675593838570512,18.837041852382324,-23.17601673673971,0.038652326145686144,-0.09661788092820213,-6.36391731854902e-05,-9.122871797417954e-05,0.000134764139487084,0.0013333337381614453,-0.0005557319886895669,0.00016577503251090394,-0.0005553853587803514,-4.719366421546134e-06,2483.371514059889,2483.36293496745,2484.8336235512593,-23.1683233873282,-0.008579092438594671,0.000885743027083663,-4.5268445402221005,3.8027909298651994,0.05549351410854797,0.05383163514934593,0.00024948806913016597,8.263506289875306e-06
36,test,1630.9413876898222,55.76063689702206,0.7279091468590527,0.41977479337635815,0.001,3.7984453135972856e-06,7.906521062645968e-06,3.580792587564379e-05,False,0.28240887603815995,2.0644945456990627,0.07011827467337778,0.013645099756176116,6.195774486439376e-05,4.111149748221048e-05,8.414463671693758e-05,0.06925248014104295,0.0389638981857326,0.07310035610329255,0.03025065805152194,21.917878576405915,36.03079489162019,14.497202138570124,0.04325168596494655,0.030936450312954986,0.029262088430631505,0.00783314698675374,0.02714452056562872,0.059168960051446125,0.0563777032270716,0.03512047826241444,23.421539970828423,24.541797484613653,-23.41432050293483,0.026104757598930606,0.04301462333094978,0.02942484440600706,0.005487796718648563,0.004078604965515262,0.006041137194619575,0.014345536077385312,0.017065423782187592,26.82608954771018,26.95008814567109,-26.82357938386504,0.03622768521904174,0.1474530599569712,0.037144451313502046,0.0016220030858949768,0.0011264887099318344,0.0007107614649457109,0.015514162025192731,0.03392848775940641,20.724480253194535,-26.950077020656863,0.03180107306083315,-0.03624318353784233,0.0014586095152516083,0.0011297211819228082,-0.000533869871668508,-0.01515888233910387,-0.00040862649099831084,0.0003592704505359035,9.141391514446872e-05,-8.685416097442555e-08,2642.218254159077,2642.220971843476,2644.258963392076,-26.953118800950506,0.0027176843991583155,0.00032409589448434417,1.7012407481815899,1.540639487289084,0.20155174804222042,0.19391911537120693,-0.00014564908133252175,8.054186799619124e-07
37,train,1453.1917097085561,70.52396041850923,0.6398256384807421,0.38521449200240887,0.01,1.456948181666946e-05,2.7254340398169423e-05,0.0011245748286513209,False,0.17626488931230447,1.5366024742020272,0.031330921784469445,0.007641036737322082,2.044576099792085e-05,1.922327411003771e-05,3.4118697260060014e-05,0.032581500257204604,0.023522973601346572,0.0538042261321044,0.018330414620503933,60.14845460261467,105.58989556411234,-39.716877598318376,0.05090502739310754,0.030804349569418753,0.0622963994179369,0.018988079140497303,0.03664759919671051,0.05385518200827817,0.09630946660216082,0.04981684598916708,16.73606989731799,20.362834930933786,-16.643185773495983,0.02833439198794041,0.019895467505856527,0.1841599478944218,0.005000304482851426,0.009911785116181735,0.00754175517288343,0.011891366318557089,0.03973343774845867,22.059124989670774,22.316382992889885,-22.053171296262,0.04698464709076555,0.17586698160586456,nan,0.001800487510479047,0.001338186319933012,0.0005977745556571368,0.018818603482285576,0.03968440669484387,36.773211877539424,-22.316382992889885,0.03812850531887246,0.013419093070998457,-0.0016204099569392435,-0.0010510127585244223,0.0005727647636945717,0.01596882928291013,-0.0003753330083796737,7.973318244378362e-05,-0.0003270205501115693,-2.9153073499710302e-06,2200.368447788054,2200.364579880155,2201.15619793387,-22.318741364154903,-0.0038679078988934634,0.006226279163911386,-4.534580481603825,3.6478333662484794,0.5652602393079178,0.552064901262019,-0.0018061199898511404,0.0003255870495334576
38,train,1644.8012765096482,63.066108341443,0.6212217416467831,0.4206822395695271,0.01,2.984287029090185e-06,7.670341073939577e-06,0.00046880944728795536,False,0.2586577117917054,1.9571844437657546,0.05950050579928192,0.009720260727087204,4.080723508673991e-05,4.105456864643429e-05,6.70145626777053e-05,0.10128893717886066,0.022387817539269335,0.049216527205603544,0.028840359715024067,16.965449418166084,30.938727898203524,-8.572110010130421,0.021110820533610797,0.005468681630634743,0.02723983349861694,0.0049983231913835165,0.018981003752764996,0.03251219531081313,0.02830666767232045,0.019584450842755632,5.822127426844536,7.639190751234764,-5.7829898765781165,0.009118271937678335,0.008496133218872602,0.04629035280602311,0.0024091566685886675,0.0015454777831541639,0.0023709422787792016,0.013514660400381514,0.012437787192633208,8.176510963786141,8.242926148720471,-8.174835870724372,0.01691712254013522,0.04732398031621119,0.041740094981767874,0.002725962221073682,0.0017000221671134733,0.0009098018382537062,0.030111554693687054,0.02075190270301783,11.06018342237676,-8.242926148720471,0.0084698706805951,-0.04324172916660018,0.002824759294155961,0.0018059611957643427,-0.0009192207326884312,-0.03166711790591056,-0.0008717959611596423,0.0007477495256493005,-5.278139664816205e-05,-1.8666450133375534e-06,2313.2304482657246,2313.2320140433426,2312.8969628051473,-8.247660450617786,0.00156577761799781,0.003168524279317353,-6.427852082034406,5.356807688263966,0.025209079875367024,0.034968218973846985,-0.0015016497236501891,2.1002447952306623e-05
39,val,1547.5271136434403,60.78909573175039,0.6205522334070449,0.38276275761070033,0.01,7.62963534660914e-06,1.590404558639598e-05,0.0010967882585788374,False,0.1050427615045162,0.8367476168239136,0.020343097025769967,0.006520263951621086,8.369785318721386e-06,7.875620577707559e-06,1.6291112450888594e-05,0.0796916600241912,0.0236449916363498,0.0308720426574158,0.022373538472717353,31.218706301581683,50.6501300278419,-24.401328833896027,0.056929139773638004,0.02244782662298466,0.05035998400969457,0.01585790588381538,0.04448596343934768,0.034474115542514346,0.05502879997981919,0.03710909924636264,13.015106203104647,14.214019238542278,12.996468503570021,0.026384315703167793,0.02774484830032596,0.03758735335416373,0.008862331508740327,0.006930647267808723,0.008333605037366994,0.03831408115150316,0.021295477769984816,18.444411053110038,18.59387843748982,18.438823464881967,0.04287742642977932,0.14760007991787413,nan,0.0047924638789662724,0.002768342149850828,0.001496485483361944,0.04549988749959344,0.04043145178592933,21.340753397549733,18.588293389676892,-0.02478581591805889,0.04381374385594388,-0.004464557777214062,-0.0026784299865996947,0.0013499726682082893,0.04330100086010192,-0.0009466204471275404,0.0004110240539744148,-0.000476490674532691,-5.021121601833656e-06,2224.1645631696406,2224.161021025123,2224.6156135782353,18.58690733632966,-0.0035421445177235,0.004928197864956019,-4.353155348349901,3.6020454754367632,0.2754050261546581,0.2712543065797363,0.00045056737508275546,0.00023164626500941587
40,train,1598.7232102052776,67.26712109738078,0.6048628802607318,0.3584186040557651,0.01,4.185936308036121e-06,9.852619160813303e-06,0.0010506918484418375,False,0.11743679645400747,1.07586529216087,0.014509601953897623,0.007058499313838951,4.787889976991641e-05,5.121933013589134e-05,9.959506510652527e-05,0.09118465828243474,0.01524768290146462,0.034523027425990956,0.02352567698415044,43.40702221246331,65.13432181105054,38.53162508906364,0.07276209805718781,0.046506558633305495,0.06627059657798673,0.023006983891374025,0.053372382092780425,0.0895943355855057,0.08557603341362954,0.060721148365763644,2.08470643512495,4.644167510711213,0.7470530457614531,0.009132837569999719,0.00873871348245212,0.03556011395975648,0.0024160708215225256,0.0038052758757429667,0.002395013519289689,0.02552913328915493,0.013074053491319786,2.4397073717221303,2.4645259147218894,2.4385845783684434,0.010395720178844492,0.014548926275199393,nan,0.0022042680818725345,0.0011942751690391256,0.0006161577947043754,0.022126692356407598,0.008138063935444605,25.150348081944706,2.4597267430872307,0.00818530125165262,-0.028122686210082088,-0.0018713089061776792,-0.0010202659119005256,0.000515124804522141,0.01897178259187076,0.0003499092889138128,-0.0005638747796180379,0.0003257481456381746,2.285021979409052e-06,2224.2603252428376,2224.2698582108633,2224.5899197293984,2.443187831488558,0.009532968025723676,0.007005943572949036,-2.334312575252625,1.9981597027168287,0.43447021809379294,0.4233333625179773,0.00037529793871726724,0.00017431245465995132
41,test,1693.078736143237,72.6247606023666,0.6390206296027368,0.4193215852016443,0.001,1.901291594703412e-06,4.5354045206104136e-06,0.00016206674488057006,False,0.24004269275256443,1.4850368997767873,0.06421881901376635,0.010950474987847736,1.5829262411918807e-05,1.464394265841819e-05,2.554313110163157e-05,0.08105040893070899,0.05734671840575925,0.09208692941852623,0.038423345515194406,117.56800021349298,181.67783881493142,-98.48205501810976,0.1372880816715788,0.08208242103742387,0.1502241186027602,0.0478154971638485,0.10057367951575158,0.09100115098261151,0.14025542159157783,0.10199204814899558,6.8986165191133555,16.183919517504364,-6.54612342751988,0.01890288388294037,0.013500908759601806,0.1876393797819824,0.0034324077881032183,0.00490708507769454,0.0037574519119889945,0.00703726028361186,0.03671241560049714,7.664088141109213,7.685096746799445,-7.664022320811813,0.018087534318935283,0.02132996013653406,0.03958775423443574,0.004619675540191305,0.0031165501580662693,0.0015799988516594183,0.0554414925284275,0.02094590524155238,69.2564426732476,-7.685096746799445,-0.012000083972901098,0.03497272607364771,0.005239142206697183,0.0035632817259664646,-0.0018034355435193842,-0.06368830526697716,0.0002500517330926793,0.0005454295093254076,0.0002030320674019825,2.505199376390266e-06,2421.7520873103904,2421.7474907098385,2421.699894257773,-7.682795165018433,-0.004596600551849406,0.002295018770837487,-3.940572418753618,3.321929622126769,-0.15986001353303436,0.15249477622359467,-0.002511742885417334,0.0019239492557982126
42,val,1563.6048858619188,65.79840337850277,0.6975127865611281,0.37099338950250177,0.001,5.544765377593011e-06,1.1029384308087953e-05,8.960970188342668e-05,False,0.14466877182219906,1.1613416741670335,0.031178918987656044,0.009397516800834893,1.0784632228808028e-05,1.156996604068642e-05,2.5388947109058838e-05,0.0844350742303644,0.032306079361878216,0.029303145632412177,0.02434867379500556,26.470384061009206,40.66255112016461,22.240713408983478,0.0368916780112567,0.02592153258613832,0.03855888315957384,0.006880757582758265,0.016913933874431214,0.025617929476757912,0.05669524729358546,0.0284313806622075,14.354192675329582,16.221051150463154,14.328253240297471,0.02409098225803752,0.028837813969761202,0.041188469055604374,0.006205581192652304,0.0018310269894726227,0.006118160733269134,0.03530454649033506,0.019914266405182453,18.536951544775757,18.648672836760397,18.53412151429218,0.03121694406093578,0.1192757388745562,0.009601355372659751,0.0029857002841085123,0.0020477278975732922,0.0012083966459805152,0.030120783420915672,0.02753995041596566,19.160389288616308,18.64867283673948,-0.004342514429976416,0.008397837918567954,-0.002877316694948976,-0.00213120369119466,0.0011223600812427785,0.030166797263595856,-0.0005304348907013345,0.0005313224416369782,-0.0002703839335307912,-2.5146239142070925e-06,2504.295883964314,2504.2896436027672,2503.923707202214,18.653858502965704,-0.006240361546588247,0.0010546953203629528,-2.4502519528941775,2.0423169877272294,0.14160010162959225,0.13799300146171456,0.00016891473069335916,3.031897823874969e-06
43,test,1684.8956373632593,67.57325545370031,0.6982312984020518,0.38827479636619017,0.001,2.009874317925156e-06,4.547586413375066e-06,3.78081478199307e-05,False,0.30016251452042,1.871776808424329,0.07641148705896865,0.012970527559231115,1.9400950541533292e-05,1.6798744800228633e-05,4.127336727279523e-05,0.0480543071087115,0.040387153088978604,0.08364761791398566,0.02869442519571505,12.915114888989125,22.833398846722503,10.351636326205345,0.031328698697749235,0.0258236329010551,0.00976336210607645,0.004121518798297275,0.0217519250073744,0.047301837933402785,0.06434218615174887,0.028850743816325814,5.114568698684619,7.396702570995785,4.948566079490822,0.01821763685805955,0.04013568556069914,0.04876330255336891,0.0011682824072656614,0.0023913604991582646,0.0024518940481188713,0.011629427527176396,0.01775665876596454,9.07427492717001,9.139325635910609,9.071534124707986,0.031097250626054507,0.08531760976200906,0.08447289415639975,0.0010190864903666906,0.0008734367831664403,0.00045812106955214516,0.012051117286121198,0.03069871092460255,9.287907702601387,9.13932563571916,-0.026816758616283513,0.08442574885342585,-0.0011270887580686602,-0.0008105116425049198,0.0005403938962719333,0.01192364421181848,-0.00028113507236883126,0.0009398300973002306,9.085991621040775e-05,8.145065144571362e-07,2613.3955892953195,2613.3898613115803,2614.1960440306607,9.144363220493233,-0.0057279837392343325,0.0006903989651618758,0.6340542103048392,0.9626800116384973,-0.1812001886314647,0.17118208769030063,3.4568970477266703e-06,1.2405910321389036e-06
44,train,1665.7654710373347,49.3301516483702,0.6546560035360921,0.3869267361812812,0.001,3.379224740263559e-06,7.900559386716981e-06,0.0001500021748900627,False,0.24087034814395253,1.6285386434778957,0.055045588016501786,0.01227917726393013,9.551043414124345e-05,8.35827540074161e-05,0.0001602793738703782,0.09066696452344061,0.027682445596447725,0.0596469463039644,0.029722621497645294,35.81036867356536,51.76913307702716,31.306817929429048,0.0496124895505794,0.04236413273220698,0.05566165170193237,0.012473598180542804,0.017722756886838283,0.053068815821964835,0.04878656447418283,0.03834625329961135,13.525869164689462,14.618256260336693,13.51215925365811,0.021394655855432987,0.015332487304260825,0.10577121519825698,0.004328556403944169,0.0056330667284681946,0.005327068627728118,0.005387993383004933,0.023630064607610538,14.828017719886487,14.897141923614072,14.82708068562101,0.028078423846101597,0.10140101243764817,0.07895836427154697,0.0007388977340591879,0.0005272683166368799,0.0003584750093482321,0.00811294402529647,0.031682826965755986,22.94215721830854,14.897141923614072,-0.020208786540146097,-0.07798378940688766,0.0009091666279872293,0.0006394399475475414,-0.00043078726227417473,-0.010701347676935489,0.00030816506590165485,9.971704404309733e-05,-6.694087372777003e-05,5.309730146674241e-07,2453.9163472429836,2453.9096560756593,2452.3275919404045,14.902861560680776,-0.0066911673243339465,0.0009715302576296381,-6.472393540494068,5.35799151600635,-0.15960927315018125,0.14764358805698538,-0.0005599401170002238,0.008803576929504555
45,train,1668.0633659640648,63.94092642082377,0.7266885896288601,0.3781498703463334,0.001,2.4492409878256897e-06,5.12637035997831e-06,2.525658731314007e-05,False,0.346378985418857,2.464708084294216,0.07614978691530262,0.008929532410734797,1.983648524628097e-05,1.0054122707586458e-05,2.723627094437489e-05,0.02419191807655365,0.022735015961942828,0.04126072444863272,0.014707464227671241,102.76035891800971,155.63224647687957,87.77118535435797,0.12358054409021246,0.12840352157486823,0.19345306611951357,0.03332074414343989,0.06775816891855119,0.11218571863633596,0.1515416956213078,0.11444381916900277,5.467359319956539,11.179747748656155,-5.006182885428337,0.02060581706493214,0.022855110504718976,0.078871367480475,0.0009098294945160425,0.001463386011736864,0.0019316295509665235,0.009486619599315071,0.019252990440288078,2.231748624072156,2.576974632747806,-2.2312497984165125,0.017378834747295402,0.012499131491744248,0.05704116183896467,0.0015128739120281566,0.0012590142388208543,0.0007325870582123886,0.017121358102681138,0.01502768777374191,61.99886383580452,-2.2181837494172214,0.0015094739890446148,0.05534448737153991,-0.0017542208285838685,-0.001414752347429679,0.0008482995867085696,0.019462102100155067,0.0005808182341631649,0.0005681494601424949,0.0005413081688567592,5.476041341934135e-06,2687.3761569666513,2687.375429944939,2688.002598730702,-2.217849241146723,-0.0007270217124641931,0.0003925134419660026,3.819696686003681,3.4523616914371704,0.0074133729403911275,0.013964589187262864,-0.00016040482296375558,2.8170406146764444e-06
46,train,1523.8105613479447,59.453493306122105,0.5915059189063379,0.4015926287785913,0.1,1.0025399003984783e-05,2.1082497312488207e-05,0.0037082460450154637,False,0.14440489454943284,1.1303570960562865,0.027758439437412925,0.0061980527890579395,4.414600472036101e-06,5.346342072427195e-06,1.036265387788149e-05,0.06944932738837215,0.01959099641374968,0.04705526643890265,0.022685952306241135,33.314479952611784,56.221285808619996,-23.610422381802596,0.04530571855397736,0.017666291197021247,0.0457528552661447,0.013766114053751291,0.025762124057893937,0.027741481251357978,0.0616876811009182,0.032062757821181224,3.26779366308591,5.2333557529468635,3.1749783617446115,0.016734460770520876,0.016357314177543894,0.0797850269565412,0.004233102394732488,0.00344763186673963,0.004693553963474278,0.012729467911297232,0.02020768287838812,7.386088548869128,7.490983911331114,7.3768311962095146,0.012877349018000306,0.04536445645565459,nan,0.0015943431615194482,0.0008339994791547758,0.00046629144068830656,0.014679040290969097,0.012587626165597244,19.745788913953717,7.4419936080239495,-0.010504452797440837,0.04124531966778287,-0.0013564809402288201,-0.0007551112610757017,0.0003662587447909415,0.01296237145959489,0.0009550107171716703,-0.0012765930468671533,0.0008836315024915571,6.473642024440451e-06,2091.913789649981,2091.935837716467,2092.081213265919,7.40938003562087,0.022048066486149764,0.010565505916929396,-5.549488127547647,4.48385987012917,0.47634058463381734,0.4971387758244041,0.017041083867297857,0.00022243374712530936
47,train,1549.6188279389737,52.90428691686576,0.5793330094929532,0.3580103432410988,0.1,8.19022204006685e-06,1.98161348850814e-05,0.005652635508360979,False,0.07493951716225797,0.6420626333565451,0.010840718871036728,0.0067121584775766685,2.7435917998326824e-05,3.238631535302382e-05,6.394164726451602e-05,0.09665216409319834,0.01953564783074995,0.0561275201145439,0.02873984931985134,47.67557988988942,72.57565614758914,41.641290801006626,0.08539759874534714,0.054431486193086825,0.0720143285479808,0.02594734233889941,0.06562156299810235,0.11683905795876431,0.07866780446272868,0.06892026374992706,3.00935791986854,7.4404386296273515,-0.3482578492023014,0.015783629350428985,0.021298610039038435,0.0681745046751994,0.001117530779092897,0.004344450741770472,0.0039251016576951295,0.015997356865477354,0.019142925793045617,5.109782832544518,5.187015951584726,5.1050082904619805,0.015090610402726412,0.039391548222003255,nan,0.005319674398423873,0.0026672852737188953,0.0013095736648020989,0.055559150430114425,0.02084944639781251,27.801543730693595,5.137529046075542,-0.004066774902169913,0.09201012420764301,0.005544085949594958,0.0027363650406108725,-0.001388548451222753,-0.05755072036770975,-8.698479485372473e-05,-0.00044905406280232676,0.00023947868321420304,6.325628179038034e-07,2080.8900501687945,2080.901820447418,2079.6471808032816,5.114421754227806,0.011770278623316699,0.011337013224419934,-0.7403857102058282,1.5129531921557122,-0.17662022196554972,0.15727801541767708,-0.011014710989002197,0.00017394735794716725
48,train,1591.0456546100706,71.31805580929779,0.655417857294721,0.42673051943444945,0.001,4.196242842352151e-06,9.164541568277939e-06,0.00023732067715784996,False,0.15117581910307815,1.0917714747565697,0.03931948535800571,0.011933969929363464,1.1365154875637345e-05,7.079194430460433e-06,1.2112475731015208e-05,0.0859966958368099,0.05265551367625906,0.05501565707719612,0.03228307056921703,17.71082808547556,32.17854289464776,-11.111463502597806,0.02381039779370142,0.005329855341830456,0.029080226485106546,0.006234501004849479,0.012717538969124259,0.042686941375526505,0.04726077356959201,0.023884972791004877,2.8594339661448633,5.192630785468282,-2.818537777090042,0.011440476045939896,0.011892479164562195,0.06315663140093564,0.0016106257354004726,0.005420198601513444,0.002365621895922534,0.030926722107921172,0.019228713151042576,2.8582966253505036,3.141653391096952,-2.857968084735606,0.01247928317595659,0.02523440161748126,0.030768688172507375,0.0005865370729997921,0.00040647684178981013,0.0002381282234003253,0.006200005864038844,0.010572372965369567,10.667562962083554,-2.837386843171771,-0.013136299382424308,0.02797910458946875,0.00046969075888557047,0.00033366631437390537,-0.00017496341761457667,-0.005089164990151069,-0.00023463804313863563,-0.00014578563414927804,-4.993796795580402e-05,-1.0866488766581028e-06,2375.7921633564715,2375.7956696384576,2375.764530946676,-2.8426548383549743,0.003506281986119575,0.0017617131970837363,-6.801408971159617,5.581386265459564,-0.07615757684652635,0.07557200631303056,-0.0017563482288096566,0.016307264725673582
49,test,1608.2307705387857,61.63967650541654,0.7148700012799378,0.4164664919805875,0.001,4.2501993049050085e-06,8.509649792234582e-06,5.0086768276312124e-05,False,0.2823854074130818,2.0242860113287406,0.06951215461775452,0.008883462969207834,3.5958766128763264e-05,2.2599718498109487e-05,4.5527831416303466e-05,0.07151045857228933,0.04065614023513103,0.05902904242718988,0.028549954591775572,44.659435347813144,67.1173484871365,38.58865732937963,0.05576791920510904,0.05261004176872381,0.07083620245759108,0.012659591134969285,0.02879743350206438,0.06305915417764534,0.08769650545006462,0.05260982141517642,2.061765015408282,3.956243767279375,-1.9449252401398824,0.011092766722182068,0.004959561734610753,0.03284462291459714,0.0010120309538515823,0.0015570896495478372,0.0014831204514360171,0.011947808418250768,0.008967372353715683,1.0382330189586795,1.2431625987514963,-1.037832076300271,0.005758483110271939,0.004070871525302397,0.02085819655159661,0.0013775888921906876,0.0011372408271247446,0.0006180568490713636,0.015122216584504784,0.007197361871631765,27.010738774739515,-1.0304429223174338,0.0038554217537703776,-0.01873908344834723,-0.0015998585674727628,-0.0013335798415904346,0.0007342203388757836,0.017642653756791797,-6.291349388170082e-05,8.790808949931929e-05,0.00020163501496956463,1.1977442146982042e-06,2584.602217948185,2584.6068407963303,2584.7756451308455,-1.0356122073271763,0.004622848145118041,0.0005464368646244111,-1.7179556364085329,1.4942065729463203,0.21368170516143437,0.2040913278834697,-0.0001256360869774653,1.2694720502399474e-06
50,train,1491.554506118692,50.76160572331273,0.6560391785770575,0.3799270367236996,0.01,1.531812944299049e-05,2.8276555112545488e-05,0.0005494058817121719,False,0.27407444773380313,2.1911269124302635,0.052791104241701366,0.010360791124671476,4.070051222212693e-06,7.358142753259871e-06,3.915000858608834e-06,0.048577844939023555,0.0312779011927595,0.06922889076052664,0.024849996681190627,28.202086839575706,47.74766588541388,-15.897210247184002,0.03736975879486071,0.010987050205473841,0.04564119894321779,0.009946577400769834,0.01388339816340348,0.023008745617804412,0.08009890437218692,0.030594312450476047,8.780406948029052,11.461572649792288,-8.755713831558255,0.018425388102820794,0.01388233302970294,0.14306065660887582,0.002517483318141754,0.002567224850915078,0.0021882151905915836,0.01422371189585169,0.029739937482346476,11.32772857129102,11.383708547531569,-11.326738994300266,0.019875778012782064,0.07097850759629346,0.02393644440231766,0.0006004869248371746,0.00035146752345406633,0.0002087295844267037,0.005771479922859406,0.016974519325698077,18.062532233518603,-11.383708547531569,0.039616165207588414,0.01961630114864465,0.0003985737721930892,0.00026137177960701706,-0.00011323915826167412,-0.004125721777196998,-0.0008202983217539038,0.0003578081521481692,-0.0007007018883582856,-6.097557801343356e-06,2294.3625799595097,2294.3521314080926,2294.650572112479,-11.375323053078318,-0.010448551417084673,0.002063056963834242,-7.223740233342141,6.05605700290525,0.3580264481242921,0.34827962279513747,0.0032941885442596686,1.2373762788346945e-05
51,train,1558.5149191366797,66.21509443465193,0.7185807565286687,0.4220307451818807,0.001,5.90542235332409e-06,1.1300295339976733e-05,6.179999623251466e-05,False,0.21801360535258288,1.5202893526166008,0.05693154185320202,0.008545800609433662,2.6865546022223852e-05,2.6145839261645424e-05,5.312027393087525e-05,0.07356249464578275,0.05261851948566465,0.05236176342186944,0.029774818202088594,98.79687680602314,158.4414863121865,81.65032456298204,0.091837424884605,0.09993041352224499,0.1789843998332625,0.023879972203477002,0.05312389317176228,0.09572586444621216,0.15420761710876169,0.1009753600476201,13.603415609872764,16.20062964474664,13.483173278045651,0.028172813722673773,0.0363121925981547,0.09137037523271091,0.008128023861008998,0.0018109391374248843,0.009931800136505551,0.04105771179040083,0.03143517379270098,18.442879387182447,18.542663256091146,18.440175106829575,0.025839103734044855,0.11173075172064635,0.0027578486780438574,0.004774408961713393,0.00383096507093052,0.0021711919038553975,0.048160320346774525,0.028904247780327342,60.814659473559345,18.542663255645948,-0.013238528511523894,-0.0008352795376360194,-0.004926331102385528,-0.004117290476981199,0.0022080880264433015,0.05064972782911945,0.0009031284513742555,-0.0003371746006378301,0.0006209606530913549,5.861347502689185e-06,2549.483088782641,2549.491176529006,2549.0572279778376,18.533880914067595,0.008087746365163184,0.0006945952131900412,-3.7141584991218224,3.2378875811066545,0.2722812010160851,0.25909764874102564,-1.0285100870532915e-05,1.389664520632469e-06
52,train,1466.232689794822,61.79477289738295,0.6756236600456431,0.4184899456243181,0.001,1.4635296098850186e-05,2.7220283495184454e-05,0.0003733287906554089,False,0.24531383750920618,1.9970733180975913,0.04661427712650451,0.006302993646214894,1.7464279084186155e-05,2.455781445855213e-05,3.343691243855238e-05,0.015175512259861948,0.03120058352221015,0.03104343425479634,0.012915831507141623,8.433900509046753,14.337458811690794,8.025508673800728,0.017020871464068055,0.008737627812784348,0.004600903127331965,0.002997941287253099,0.007205100470795072,0.02200998450901164,0.057234749899585095,0.017131051184460205,7.485991072975136,8.404271082351443,7.476326619308338,0.018758469534375877,0.024790937840854694,0.05512276888429351,0.00516355084649263,0.006589692197114988,0.0072747247044564044,0.006161343038613059,0.017517169585304214,9.955515223174789,10.164098476223444,9.951356458524161,0.03771440805038573,0.2687657617576421,0.05545362654426052,0.0018037821041714602,0.0011296079516285038,0.0008002405131198434,0.0168212733393053,0.05746238203502129,7.692955191167269,10.164098476223444,-0.2657885906713998,0.057560699531473,-0.0015146106511462855,-0.0010966982486659475,0.0006112177511551883,0.015146207727465109,-0.0002027324749013772,0.0002906156125329003,-0.0004892409210381735,-3.2487965678784647e-06,2326.219279470852,2326.2064679410073,2326.306740336907,10.261634298155059,-0.012811529844839242,-0.08472429208677568,-7.329687847252444,6.113915223994586,0.19856624667363576,0.17722541438616526,-0.09286219127898221,0.11064750419076913
53,train,1632.0374436589948,63.80967920479644,0.6882940426386479,0.35982668083042313,0.001,3.3862956936927167e-06,6.987106955626117e-06,6.838085344568459e-05,False,0.19760430417885574,1.7495825238004272,0.02711995811134847,0.009025802264010174,4.101564497154873e-05,3.465827505175983e-05,7.87830494288419e-05,0.04148660002155899,0.015786104197803477,0.04056971686834513,0.016332813009526624,13.205316605919696,21.06413396378275,11.534553184894834,0.02624862920324722,0.023296745884891872,0.016509963096509518,0.007179304194116806,0.01782281652483831,0.03269814554911199,0.02902989911047726,0.02108947905999096,2.5461441483610683,3.5338835383522564,2.464747105047958,0.013136566007395767,0.015998278657819366,0.0287402589037097,0.000637296031601663,0.0016808661865536003,0.0008132151924248987,0.004867097947857145,0.00878950215332773,4.532223326983138,4.574676699739484,4.530183594044102,0.012706593057211002,0.03857630187544094,0.024885518464368934,0.001135272452967038,0.0008985516528298059,0.0004162157708631911,0.013702662613392766,0.013269087138310445,8.228833872144728,4.574676699739484,0.0018541131034688018,0.02223224809694751,0.0010730412767953085,0.0007734869441281407,-0.0004015966527318512,-0.01233779181194689,-0.0003170357881909326,0.0007828735322822524,-0.0002988851207649278,-1.8587357411004035e-06,2541.5413104487093,2541.5286270371435,2541.577598269321,4.58642287035309,-0.012683411565831193,0.000937240952225693,-0.7483930204534772,0.7683498803664384,0.007081186081904889,0.016966360702713047,0.00015543208428425714,2.269657395701477e-06
54,train,1556.7064802852665,50.73319078894022,0.6890158547135395,0.4224926421256314,0.001,7.932793240754828e-06,1.6338030118849497e-05,0.00014107357126776445,False,0.09375411894696027,0.7022118755267002,0.019388732304895403,0.005612404527293613,6.96322007664264e-06,1.0169089590894184e-05,1.4305242648034745e-05,0.05551677355449289,0.032210368862242385,0.026164635870160144,0.018987202639868497,42.99880842221728,67.29617648013436,-34.84171415346411,0.07141044847613653,0.03724761692592894,0.07766283161138271,0.020691253133580938,0.05132052459502503,0.04465166814468776,0.09491152702989213,0.05441423690674959,10.790950960385636,13.171638403767247,10.756198820339689,0.023764065556905134,0.03185214352296853,0.0320730940282693,0.002189483732239319,0.006055182722047612,0.0036256209747382298,0.014391387365812403,0.01503115205767923,13.227071396439625,13.34270841335183,13.223752881490395,0.02369757460355615,0.15936749590390512,0.03378738333031804,0.0011056914208343461,0.00106011861122504,0.0005141666253037722,0.013894195473641664,0.03495484189420466,26.77884920134757,13.34270841335183,-0.029342891777059742,0.03946709753681557,0.0008254459378885484,0.0006873084629184006,-0.0004195199540853706,-0.009695766937117678,-0.00011871001789448886,0.00011862080615757204,-2.596846968223491e-05,-3.4460300402106014e-07,2452.824826032078,2452.8242995002174,2451.7595547508436,13.34247885531886,-0.0005265318604870117,0.0007560898934571014,-6.860667782607379,5.7878858800303545,0.07541409377927266,0.07459534078120197,0.00038509213845827617,5.600999292651234e-05
55,train,1633.896124040695,54.56803716483743,0.5999384808661281,0.3699459636926422,0.01,4.07983350043164e-06,9.864019057415172e-06,0.0010270705459110175,False,0.14465477117453843,1.3767894710997552,0.01719305690065782,0.006181170164478278,9.571885905492723e-05,9.931264465283662e-05,0.00018435213031941686,0.09288057592851826,0.014061781602873765,0.024927886211998908,0.02204160456290302,17.18219128449519,27.234108166895112,3.7706506712564507,0.0393782086071548,0.02170142495481954,0.02458796298185875,0.012361247154223194,0.04542728800291089,0.07305811254457804,0.04307767114166077,0.03670228446334187,14.57928052484003,18.51064284265476,-14.549474358645913,0.02224888800490543,0.017954016816878197,0.10347352677090976,0.007019717558298279,0.0043948214416424615,0.006043804111287335,0.03039129944124657,0.028212864356710433,20.141676460671626,20.424346281551152,-20.13305930118333,0.034423989880237205,0.20642643860095092,nan,0.004340629531976731,0.002194180212577752,0.0012938641253699694,0.04630692700180824,0.052112407894536715,15.439789534639342,-20.424346281551152,0.04360743907150214,-0.07416798367100108,0.00500214161191547,0.0027432946235197925,-0.0013900068747235072,-0.05625658356361346,0.0008332286734212761,0.0006705202246889105,4.0965927138774104e-05,3.352586852578554e-06,2238.5179325829995,2238.5003655403434,2237.7439154362983,-20.411341278500004,-0.017567042656082776,0.004562039604934398,-2.7709942311034865,2.3700788560857102,0.08588941828566021,0.10520994060853127,-0.001016643939237838,0.00016204745306746662
56,train,1474.4296085788556,59.5633871798165,0.6308989699924239,0.43373228842514056,0.01,1.5714121839332086e-05,2.9152897604641488e-05,0.001420999567059089,False,0.25806378469594443,1.9973407847146518,0.05209221598664486,0.006597480386151489,8.219528872431606e-06,1.4633237334970736e-05,1.5939969045362756e-05,0.022046343235890133,0.02650027830668998,0.03316422646048755,0.013624940123053403,25.481287312945078,37.381524345123125,23.62468603872167,0.038764935733468064,0.023823196639523342,0.025285834777789295,0.005692488070742279,0.02913063374584438,0.06331853596320154,0.02020651492580227,0.02790953402048385,3.2535985815618074,4.346251774505163,3.09520120552382,0.013860263661123806,0.025370960887098743,0.06219933934918966,0.005272776618555123,0.011329028247785143,0.009409345417112365,0.010011712783025341,0.020598860550461062,7.9106123902238155,8.067908094672475,7.898262690669816,0.01986835071222659,0.1383884936364235,nan,0.001998529718032033,0.0012430675365142502,0.0007419799208579123,0.0186999563099957,0.03221440542436468,15.741457769213643,8.066912752628923,-0.022115504663362224,0.06305414036194683,-0.001842015014881029,-0.001238469277603093,0.0006382935111760765,0.01794673960458864,-6.317664678293674e-06,0.00017854231596872223,0.00018444939253845651,1.30080706250979e-06,2177.110849036734,2177.1135304141294,2177.4827004408344,8.05937473250151,0.002681377395219897,0.004856642732192995,-7.145748912052568,5.974509131905326,1.003205633167454,0.955646418488795,0.0045959472931826895,0.0006832612127376816
57,test,1486.1995059801525,55.44971076108777,0.7251840874156322,0.40321562973537234,0.001,1.32088842288139e-05,2.3896153650443337e-05,9.484819540052193e-05,False,0.31107180959279535,2.4700914232234936,0.0635530574874844,0.008796125631306495,1.765049439541218e-05,2.3497002150565762e-05,3.411683638844482e-05,0.0301660863997302,0.033833659207789815,0.03749910430316218,0.01692901904060277,39.7378241003134,63.68333290637338,33.769197219838105,0.053635752167632944,0.04709097700963566,0.059057210954904446,0.010710530264778893,0.03942971548336635,0.07360205770361705,0.04223440226003996,0.045354148946057056,18.420602868702055,20.183742995929606,-18.403242941058185,0.025528420895486015,0.030128124595896498,0.04332448520757194,0.0034354914520318596,0.004945973590104202,0.004359332703760432,0.01034274139160175,0.01608935815682778,21.5498385093355,21.68854528249858,-21.54712462334333,0.026446751737815077,0.15968322707648194,0.02010999276191726,0.0007065006383963489,0.0006233166908746911,0.0004407646167423492,0.006682158148536273,0.03137432665549148,27.30359309303954,-21.688533653325976,0.03754969349209663,-0.017436516784011858,-0.0007439342873536369,-0.0006418446744486121,0.0004246058778024544,0.008213963127397677,0.000430528842601371,-0.00023390358438195059,0.00040452510734173867,3.4055359365847693e-06,2509.3017170846533,2509.309017918159,2510.3780543349776,-21.69641955082716,0.007300833505723858,0.0005850639954587677,-3.3595054478855673,2.9553194791086446,0.3541162468254697,0.33631825669703685,1.1760268989746692e-05,2.468974419671291e-06
58,train,1575.3090406570552,51.05562975243772,0.633976430004281,0.37233814962858747,0.01,6.7246716290234514e-06,1.5203186879284186e-05,0.000559549503369474,False,0.06984037406033956,0.5951789340749656,0.011137144060523713,0.004995237578921952,4.591759547792515e-05,4.141637311083945e-05,8.751710060180199e-05,0.08519205351104552,0.017928693358586403,0.03681219331796107,0.023351298542797258,14.960778017497878,22.30606907778065,12.850467214049257,0.026649666871654598,0.025100863384354723,0.01705849436304251,0.008739245368964326,0.018958231221913962,0.04797592507541058,0.013665939571991156,0.02191644983094621,1.5375868278740161,3.6264673380578643,-1.3560472841292315,0.00879558545752901,0.00889757149451402,0.020170622809975232,0.0005674886961461724,0.0010342914784580988,0.0015160551912663657,0.005590874357126696,0.006296150671247765,2.8317062133080744,2.857170260105704,-2.8311781084473675,0.011901360302985609,0.035721339611407124,0.04215227752620745,0.00015759288198136602,0.00010884700323557157,5.1313446933137595e-05,0.0017477399543946823,0.013323185070693222,9.002918516119133,-2.857170260105704,0.019942019683015913,-0.045836454092099244,5.019677951320191e-05,2.559558783293887e-05,-2.799578838470814e-05,-0.0004933374625472891,-0.0005721453341901859,0.00029525598735204633,-0.00038578266148907585,-3.573653589050707e-06,2300.677687013761,2300.6724249243794,2300.48152467698,-2.8543028986346144,-0.005262089381631085,0.0023947279105414054,-6.4283279800415585,5.356929622129458,0.1633495155338096,0.16445015376371944,0.002416863431335514,1.2359698280067015e-05
59,train,1457.9458647764786,59.11290082027485,0.6288898441360842,0.35720170369728893,0.01,1.6760939751185485e-05,3.244849130547394e-05,0.0016485386612487686,False,0.12937375033041532,1.1779439064184771,0.013143856980393803,0.015323247270862428,6.601719185820128e-06,1.8008355171086407e-05,1.7717841312954127e-05,0.028029583038127637,0.032857593594211164,0.07650506617137541,0.022905761786564015,44.49092504285973,84.7783834012289,-24.46784793109886,0.044969312418949414,0.019309647658366843,0.04881343224074096,0.014873504274820277,0.02995397346999474,0.04887863387618924,0.06927878006448646,0.03851799526409975,16.028529663636885,22.18049749102147,-15.961487476275035,0.03954196400836241,0.019408018941668513,0.231725381500083,0.003929180329853033,0.005818459872987378,0.004456022869710525,0.007172830913951938,0.0454183157380424,18.434015088718724,18.641672023275078,-18.43108145782277,0.029767759626792234,0.17364052336714103,nan,0.0006018164943419854,0.0004892877451740207,0.0001572287336470137,0.006934119992455193,0.03636459526655185,27.376995727756285,-18.641672023275078,0.06025941220171922,0.06380277669018647,0.0008986709828146043,0.0005205504233667053,-0.0002659582308554327,-0.008845197004774862,-0.00018008222772973449,0.0003576801129226496,6.495922491659783e-06,-6.84198934175484e-08,2172.890404998219,2172.8891637521074,2172.8917181908087,-18.64621019175911,-0.0012412461114763573,0.00577941459550857,-2.69714345534112,2.103207889808111,0.6905096284290266,0.6696083464712521,0.007568519498818205,0.005874744038535241
60,train,1605.8544025182036,64.74916737108143,0.6833475364175354,0.3634568029323011,0.001,3.982138439674252e-06,8.391064824493893e-06,9.053720304394824e-05,False,0.14208638929834963,1.273361706007563,0.01978219018822567,0.010282824440070115,3.781684634257116e-05,3.019824609168076e-05,6.983817805476285e-05,0.06841745853039753,0.022112745558488998,0.034036018584460814,0.020784012657306058,3.7866353026574604,6.758684847308814,-0.7999792520249509,0.012030600422906046,0.005542926586797505,0.007556244360867952,0.0007710389513393938,0.010281303589434456,0.009246492714413858,0.018254069219434163,0.008608679237047888,6.109188917943535,7.058983476486901,6.09543261749444,0.015840965562972986,0.015922607640256187,0.016607031530327568,0.0017531781499411118,0.0026009297354876843,0.0016224100337561527,0.017867730490746806,0.009395647930085918,8.550472022069156,8.622168788906947,8.54786037639428,0.010928426232986954,0.06622621642523598,0.013100298739961727,0.00018347863102174388,0.00010141109785383237,8.617233517034448e-05,0.0011576635105132172,0.01347587345662614,5.446543004285973,8.622168788851013,-0.0002068006675288009,0.010017388676041569,-4.3797236706179296e-05,-2.83598031029022e-05,5.395659087484499e-06,0.0003801363263088148,-0.0006961250303125753,0.00013797546135956243,-0.00023826046619313592,-3.175576466452057e-06,2500.0296440920056,2500.0309688928583,2499.8670839858755,8.619680531602171,0.0013248008526716148,0.001163456396170659,-1.9129965816314325,1.5998689906875996,0.12439013822904599,0.12355593150137827,0.00021258409651636612,5.0611196150556e-06
61,train,1679.9215508110972,62.89037755515365,0.6567932701938828,0.4322863922869086,0.001,2.3411434525646906e-06,5.649254863172834e-06,0.00011574373568340349,False,0.29979915189228595,1.7485028204855553,0.07963165581963949,0.010480177943934077,2.0598094677031722e-05,1.766150255841218e-05,3.689949374245679e-05,0.08074778717643434,0.04237790112110168,0.09482192511166651,0.03633712875003007,16.14184215769778,27.07275073709343,-12.727167189231652,0.02630155893193975,0.010314845643241614,0.03732881216141167,0.011255846056354818,0.026372290547070593,0.0055580929192251185,0.0171864330994257,0.018002720071121584,8.267089379377689,9.164891531443118,8.25835850935962,0.0155306127247119,0.023599392147927466,0.01909057627860603,0.0033334112847987307,0.003976976329450818,0.004795785901108336,0.006623785870419475,0.010236654635385143,11.082989599531691,11.17540531203531,11.080012920957957,0.01341138745514936,0.12408071485694543,0.0027004259600154237,0.001084932716189002,0.0009059634118690809,0.00044704231566563613,0.013287960825749531,0.02375117334773902,11.502498235178392,11.17540531203531,-0.03293238571362735,0.002999703466446262,0.0013987877645617645,0.0010272354398241062,-0.0005633202857874741,-0.016246182272566953,-6.631063717010895e-05,-0.0001604550730109666,-8.561916598020176e-06,-4.012489078775161e-07,2463.564761204204,2463.5672829114396,2463.0176753211736,11.171594320365784,0.0025217072357008874,0.0012892844338239229,-6.003461711975888,5.010375757751603,-0.02337689617252181,0.023405014810366317,-0.00018979580045197508,2.6051240797690274e-05
62,train,1551.8873304261253,51.22230796356311,0.6924222195631573,0.37526528827811884,0.001,8.152403057084405e-06,1.61924789255386e-05,0.00012781942486719434,False,0.11344619954409801,0.8771966211547806,0.023569488284385418,0.006381724802039024,2.4478727375426243e-05,1.436756266860837e-05,4.171952683190627e-05,0.07471355068913123,0.02795087547301116,0.038799851149652946,0.02359080718811188,13.378231943803634,21.17858240210171,-9.957632073220685,0.023853510380912324,0.007434663202892356,0.024598353405052027,0.006257758007137386,0.019472342041842415,0.008072454837751066,0.02862640173057002,0.015743662204207542,1.8684092848075615,3.3657210788637713,-1.7314703341832682,0.009399764583691295,0.016186041244158157,0.01846681752857756,0.0010015914167456892,0.002877475878356708,0.0006476903748619725,0.019515501787936564,0.009782519705106109,4.150322805030625,4.202346609909,-4.148782033854818,0.01742922062899077,0.07132302421914358,0.05912932356253928,0.002581434104736149,0.001985991592598147,0.0010343149433853845,0.027814405184832695,0.027311415601205872,8.290050518224033,-4.202310330488672,0.02135535253885761,-0.058196656181640216,-0.00247410558922031,-0.0018478527470238695,0.0010033786886402627,0.026343514129615903,7.639882389143208e-05,-0.0001402367400088654,-3.0717918397356154e-05,-1.35933422851231e-07,2473.9905477622638,2473.990466102449,2474.4387438434633,-4.202996710374009,-8.165981489582919e-05,0.0007680397002332029,-4.075317923122839,3.423140763800519,0.10196477606086773,0.10038047522248374,0.0003060477915823867,2.3355571367660825e-05
63,val,1513.0405072901526,62.24380541608002,0.5740995764476496,0.4178579512467301,0.1,1.0742173733543275e-05,2.2792537047650615e-05,0.009643965086014786,False,0.19552066687165515,1.4801590348176887,0.041115177640548055,0.007874372383130712,5.232945564991033e-06,7.233278929297726e-06,1.1896727431200719e-05,0.06322760218755728,0.01798755430955243,0.043340648725014204,0.020763361362341567,14.747047392137064,28.608212193636064,-5.479940642673507,0.02487583721807929,0.006975277852514742,0.020744797378262823,0.005744719982565394,0.014455975758316416,0.03683617775746667,0.02447639974672744,0.018205558079308914,3.6211619827608854,4.763922724896474,3.5825853136504353,0.014631280564572968,0.009908844828023575,0.037617371481966526,0.005570394444303226,0.0038697088601361194,0.0046747266866279625,0.03920104848169914,0.016807015797126092,6.654987547232587,6.740912713178659,6.650859187342414,0.016441191928815435,0.03754651771870553,nan,0.008067244981111681,0.004298949312187964,0.0021646114974488958,0.06850887769413591,0.024117240240717996,9.008731345338733,6.717025577960612,-0.010977848293029975,-0.09002438582081157,-0.007893628738526908,-0.00425079693892612,0.0020959147340842877,0.06748650868952019,2.919777656317393e-05,0.0008671736934175475,0.00010391229746485139,1.6892092640219403e-06,2014.2277331328517,2014.2209194819286,2015.9880088243394,6.705142578799951,-0.006813650923049863,0.018696650083711575,-4.957152940104152,3.8926107384419764,0.3887292417214212,0.3999342264241683,0.02849890550305645,0.0016112418602121615
64,train,1571.58140113861,63.596661494306296,0.6094389288688559,0.3952956995884795,0.01,5.546777041979321e-06,1.2999090833280507e-05,0.0012266916161511295,False,0.1041807550823437,0.8304231291881479,0.022926454683427792,0.007726301135252633,1.1085636362296225e-05,1.3969195679125042e-05,2.212800395786982e-05,0.09077867581467675,0.02766420999863003,0.0296269315026721,0.024686166691996362,12.332454148844791,16.193168887723004,11.613163057788492,0.01701157297757394,0.014595576224053799,0.010697987680060889,0.002946371818610481,0.006203852625311901,0.0365724400288979,0.03344243872850729,0.017409777850907044,12.110609717914347,13.879055005641021,12.072293823013032,0.02053901029553895,0.03222714479143993,0.04730734875523812,0.008813748600887726,0.006458234866101434,0.009097405505678018,0.03474657787429899,0.023108410065607366,18.499122628023954,18.66991418013231,18.49237789171113,0.03342153873024434,0.16139188059906784,nan,0.0037517512982317776,0.002096363608547394,0.0011605088398775054,0.03576227784343162,0.04083255643783122,12.839305896511393,18.66720559837313,-0.032546652454422356,0.03635738681490558,-0.0034044339726216786,-0.0020040040334188026,0.0010006807113781384,0.03343192304878366,0.0004964657140401389,-7.599459784419774e-05,0.0007009986666372502,5.481351973424253e-06,2205.467445067654,2205.4788650347346,2205.800635797841,18.649710348801364,0.011419967080655624,0.006075282491110556,-4.819398195368194,3.8892109735525753,0.3523326620684202,0.34211107862827045,0.0014328555412248534,0.0004717940283092882
65,val,1503.1360979387468,68.9212591728697,0.5619404796011439,0.41713618796164853,0.1,1.077551437531625e-05,2.239566759685699e-05,0.01566544759999921,False,0.248837157913673,1.830459409076866,0.05729136716690305,0.007747176923681209,8.923815158159928e-06,1.739367708503991e-05,2.3860142071037008e-05,0.06490137454025861,0.01658312830386492,0.03292522721820375,0.019076651282773586,31.00116546879797,45.42788283110622,27.80945338525805,0.07115605327005636,0.02502660959262032,0.0347866499383603,0.012671308882888718,0.03714842717972862,0.0876292141411078,0.062005507070007515,0.04321128613411888,5.805126119395294,8.621401298988985,5.471036594692513,0.020962886541637027,0.021786650585604136,0.06779034407757133,0.007207808482240524,0.011847821998104373,0.006937473790670123,0.07477131774283491,0.0317235694461709,12.684071053884061,12.998552563403564,12.670743892256866,0.039761961748222996,0.11083836293919465,nan,0.01204686274362704,0.00597360423237186,0.0030913950656313704,0.09452057609537025,0.045294160215239035,18.278963493583664,12.998552563403564,-0.031644009187487034,-0.11917756809764224,-0.011913376267773383,-0.006076196406202445,0.0029683625059680864,0.09477869713021791,-0.00031574337367723293,0.00024339285055753276,-0.0003578597017983192,-2.71414008856663e-06,1959.330258929528,1959.323580147448,1961.9493245788701,13.002106900468334,-0.006678782080143719,0.003124445015373567,3.525477894421101,3.7715304448499034,0.9816403507986706,0.9331297229433734,-0.07156027466362502,0.004437290232381846
66,train,1482.7666748078286,63.85343391688818,0.5947278291946558,0.4305841589228783,0.1,1.3395503156761886e-05,2.6999542095762302e-05,0.004926642587665491,False,0.21790880945593935,1.6577784334833723,0.045653425080251483,0.00856052298424892,5.518281259538091e-06,7.320379683145662e-06,9.982171482166424e-06,0.037134843483460106,0.02593064560487612,0.034947889139433426,0.016339366510032417,37.86232011100059,76.85132732595821,-18.867611635799783,0.05133714134958223,0.0183411209841601,0.04191596053768159,0.011825826146499293,0.02540519013809616,0.08201136013872762,0.05067426715292805,0.0383622875163488,16.335782206282104,22.959879860818546,-16.126373056843327,0.037008041826670945,0.018648578795375615,0.17939844255014062,0.0032735006365420013,0.013154077628295577,0.0039047848511969954,0.04168824091556507,0.04334460422951931,18.114910792838433,18.335021612374703,-18.109074815191008,0.04384962818723892,0.12522319979183885,nan,0.007817162113214596,0.004797297607786281,0.0022524587307697582,0.06904474593552563,0.04182697283582702,23.984670701645165,-18.335021612374703,0.05312959237011531,-0.02955396197674176,-0.008009286091516783,-0.004768133062954334,0.00237071634630553,0.06964616794835428,0.0009340927061270225,-0.00017827904778022028,0.00023954311609784574,3.8142711622501935e-06,2057.3743451056303,2057.3691762953968,2059.452530386262,-18.34279791709082,-0.005168810233499244,0.012945114949616254,-6.692813954321082,5.208193999530441,0.6687259004665975,0.6534943525887853,0.04403099017827117,0.00022857468883331824
67,train,1650.3599678325336,52.12823311543901,0.6233994395165625,0.3636912928528214,0.01,3.6315013762705955e-06,8.720194815093595e-06,0.00039889195395358763,False,0.15862449524786526,1.4562222472191024,0.014922311596265364,0.010273081863133804,0.0001032955177642974,0.0001020464783145005,0.00019963642220555285,0.07382656419379022,0.016359349056391963,0.02352552162950097,0.01901940221632792,19.166146650177506,29.28628376553752,15.486884200703907,0.0461178953645236,0.03183265987615959,0.027700429450114736,0.014556058265127058,0.03867220403105074,0.07031573786953549,0.04322159807308255,0.03771644792751169,6.942345569544282,9.277690584767242,-6.895717487402811,0.008691146624770774,0.01765858497119882,0.022728166283289938,0.0032223761395368438,0.003530459344695702,0.0035808958449326826,0.005437200569032037,0.009359613858781006,11.371659655345235,11.498721398645557,-11.366094858021036,0.0223099645980529,0.10744577499918857,0.09995148818854781,0.0014411776796064513,0.0008293195226881878,0.00048611502473927396,0.01503364880490028,0.03753125403661176,13.000474777880056,-11.498721398645557,0.03289179420003663,-0.10525610635299622,0.0016757770931496688,0.0009723766556432331,-0.0005182958456106065,-0.018438518028267837,-0.0009493175477545291,0.000539185214166098,-0.00033651032214411655,-4.059832674707664e-06,2339.2435480288354,2339.2415616495573,2338.8591883417207,-11.499038665459011,-0.0019863792781507073,0.0023036460916046053,-5.0960845860167865,4.2632065737260625,-0.10937970178974865,0.0932065221555513,0.0027689111893778318,1.46579620316246e-05
68,train,1537.313533103738,50.08987927893884,0.6239327397575434,0.4010055176185098,0.01,1.0458249891956176e-05,2.1610430188390073e-05,0.0010773378419556927,False,0.1297003008250071,1.0118635504252325,0.022393082354591462,0.006652253848304923,6.837230776095999e-06,6.426578523144632e-06,1.7955000133403735e-05,0.05343484823538591,0.024715800320370677,0.06878166640215813,0.024493922294557893,22.673454930961874,38.10439142509267,-15.25010891385316,0.03787583010858708,0.011101309914731582,0.04305172863552856,0.010568299363651699,0.01965668292202699,0.013573317194236437,0.08520061448676929,0.030525325419490757,7.073000233001762,8.085871628246878,7.051443653709267,0.019459428445924853,0.02558086828615603,0.06869909386100463,0.0022124602368955334,0.008368159262913108,0.004920331047238278,0.023411281227281668,0.022198698986914876,10.491702593381314,10.615573454449077,10.485052611652963,0.022598239914406903,0.12422963504116238,0.05184495299121513,0.002459564994531284,0.0016442449673383557,0.0007957053364106509,0.026931818327210543,0.03465098694297806,14.720687746264451,10.613045712364965,-0.02766639588903658,0.03991271584660676,0.00252652740961134,0.001587482010218316,-0.0008385335944764405,-0.026857853105270692,-0.00062420467929131,0.0005741495560650863,-3.2423968107100126e-05,-1.2724063381819306e-06,2221.3836697081124,2221.3849104806445,2220.530460730043,10.608486340210675,0.001240772532128176,0.0033185996221618552,-8.633184193363832,7.13583336276157,0.4477804077314431,0.43488283100474073,0.0022134418463792827,0.00035669655458215975
69,val,1459.4191969124033,71.69104388597627,0.6289161149023058,0.4006978159537728,0.01,1.3545501730709591e-05,2.6117100537662513e-05,0.0014981715400139972,False,0.1729357959991114,1.424181771061285,0.035240427913930436,0.008244196401128612,1.172238326682299e-05,9.257568889576607e-06,1.6370376094271158e-05,0.03964955769892228,0.02103655638369379,0.04878721582825724,0.018251780039853997,82.87953436237717,150.84365441722002,-58.42688605738487,0.06794503515875927,0.04191505442108283,0.07937902508533391,0.025654134334195368,0.0473326307450392,0.06962033519720252,0.12141797073138003,0.06421985841903897,20.201000023387017,26.054471831948376,-20.021777188306913,0.03490995383172946,0.025299840181560024,0.236125928542075,0.006702662999608461,0.015156249126826057,0.009852281134894154,0.023019968779053428,0.052692821794002864,25.29636634958779,25.71206806464579,-25.288569182722423,0.066531227311315,0.24595556662884924,nan,0.0025006196548527015,0.0018468252178583955,0.0007823880499596738,0.02562051748205194,0.0553411834067144,48.752700756898584,-25.71206806464579,0.039392224937727226,0.03863098387965959,-0.002368164033182405,-0.001516503336281024,0.0008039522564994752,0.022870935832602992,-7.078941039876823e-06,-0.0002679902830219663,0.00023333415797754999,1.094119594702292e-06,2163.884479390069,2163.8932793416243,2164.8793072038584,-25.728576331503973,0.008799951555374719,0.007708315302807023,-4.272552362181614,3.354629110298516,0.6909223888446832,0.6794066752172238,-0.003141440504350612,0.0047866292538983534
70,train,1572.4132722896552,70.19474816216322,0.6793797260154555,0.4199270004069331,0.001,4.770431284220951e-06,1.018996911115884e-05,0.00013858779051317786,False,0.1358777552575868,0.9453381106457073,0.03682438619503334,0.007412123579920049,1.5573747981581158e-05,1.5579587880742436e-05,3.102282234738686e-05,0.0852854890242565,0.05415613681737584,0.05258569274777446,0.032014915791269416,4.495193779336993,7.662767826199342,2.807302781170537,0.015081232161200386,0.011888712016626127,0.005223003180834934,0.0022275755597327704,0.01496719799047767,0.040499353850543755,0.06142141123846162,0.022704542306112813,3.570068435521871,4.039409673682258,3.526978446835252,0.013617061235183137,0.01826693022120105,0.016847567844752283,0.004145391344321421,0.004355045989040873,0.004642382466961256,0.040585007634461066,0.014807054250122992,5.297967512168658,5.366434947905873,5.294995330499546,0.011780542180821474,0.08052023715236929,0.015070100157517485,0.002079028172257079,0.0015083231279063851,0.0008838695339826772,0.021630187477076547,0.020281957603518242,4.053138578661994,5.366434947905873,-0.01183382065246913,0.014160431231602218,-0.0015582977909136579,-0.0011945543020078372,0.0006397116354698055,0.01683903073538735,0.0003874379580351653,-0.00046160010482618213,0.0004081194329052173,3.0522726375270537e-06,2438.9314964339596,2438.942075452655,2439.280723270715,5.354305819992078,0.010579018695352715,0.0015501092184422305,-6.1350553619286075,5.119037851111411,-0.00598583220562432,0.008598070651486645,-0.00025487202628937666,6.0790530644596697e-05
71,val,1656.7755601352487,66.87297088723076,0.6594772811459186,0.4204075281760143,0.001,2.6176594979059977e-06,6.112755220760243e-06,0.00012255513076640963,False,0.3140350634053071,2.2739628078174974,0.07336539443382396,0.010335578818441604,3.4063536492924686e-05,2.905458550081565e-05,4.917596052847071e-05,0.07021843013908084,0.03639765687308537,0.07326416598269468,0.029998757846230517,17.095984452559346,31.440334658735082,-10.239963818495294,0.020008626870187785,0.003088651887268237,0.029034933964358745,0.005073434040213795,0.010206779040105043,0.027546491315601718,0.01822898783066372,0.015529879679701876,3.066667699180448,4.698448878409181,-3.0430454351589042,0.009554228887810545,0.008186660549814885,0.03433124305271134,0.0017124585982434975,0.001896181325653604,0.001902445805116702,0.00362017795119545,0.008608194547122581,2.9122887307497014,3.03192552362043,-2.912229303745679,0.008596702164611614,0.006589541520100785,0.004590158858447271,0.002508725459511212,0.0018098200368828494,0.0009310229902116712,0.029111512045704675,0.007590130151809743,10.267371679556154,-2.911494960574146,-0.008468318654580025,-0.004118522898674761,0.002933119052229036,0.002107256863179922,-0.0010878844686310687,-0.03411957096159593,-0.000173607525359301,3.6704372876541295e-05,-0.00031444972034359826,-2.3529706731917344e-06,2453.745927897863,2453.739957102041,2453.7788087600366,-2.9070411061443338,-0.005970795822122454,0.0015169413923104003,-5.446098165532931,4.5172620247815045,-0.010292560823017993,0.01065413663744869,-0.0002481924525454815,5.131942502061764e-05
72,train,1500.8917950643986,57.12191054886551,0.591911050670749,0.4019156458856542,0.1,1.224994192948161e-05,2.6423830989448122e-05,0.004743886913243441,False,0.15540226546333555,1.2463192226871342,0.027928553446926484,0.008915686065402495,6.968200540755752e-06,3.869163511203645e-06,1.514636918262844e-05,0.05460026617031964,0.02046410386250276,0.06860073511618955,0.023948514813707758,33.40978886340473,67.51100336310265,-17.10996494743377,0.0386079690855623,0.014542040396600807,0.03917447716299652,0.011342278360142236,0.025364026801850258,0.05045885494260822,0.057939301424110926,0.0331368298480515,15.435035079410119,22.736207351829307,-15.288501617943773,0.026242918961333572,0.017381312540681513,0.18841696295629745,0.004882789217891377,0.005603500162069752,0.004339778018900915,0.009456259732658366,0.0383467671047499,18.48361511733891,18.70581040078423,-18.476103484958816,0.03477405084742813,0.1288513453132312,nan,0.0003503962771966858,0.00021213738329474376,0.00016610283029981,0.0026145823367698887,0.02643891282815846,21.8318755177033,-18.698210071969243,0.04695602227042867,-0.0188249740277923,0.0003561510983769886,0.00018425549153866513,-9.626691420118049e-05,-0.00332090964402167,-0.0010882813381971658,0.00018231717327976807,-0.0008495921847222528,-7.884772932231776e-06,2070.5538084002037,2070.546136224219,2070.6025724584406,-18.70153387070968,-0.007672175984680507,0.010995974725119595,-5.631195597532496,4.41065852817551,0.5588084169239664,0.5446579448927023,0.030441226893799467,0.0001087998206309464
73,train,1585.8058565714002,55.646730959781536,0.6637262687084505,0.3864395598731635,0.001,5.679543704392293e-06,1.2125661305739437e-05,0.00020297440773232436,False,0.08835764369776954,0.740769193186452,0.0171556625301186,0.006544437301876593,4.139012373709412e-05,3.2118718513078265e-05,6.777028008073874e-05,0.08255980581357948,0.027264844996128034,0.032500636826411036,0.023744427793074913,33.968718979553174,54.337021703571736,-26.478431951653125,0.03957986588432538,0.02282857038271901,0.05189487251182211,0.012423887967923415,0.023176515855409162,0.021252678929292137,0.0319559991275862,0.027255420795792004,7.54284933331271,9.960118337949552,-7.473599936556719,0.010613774465747738,0.022720871820191717,0.04203443772812603,0.001102842999001074,0.006471722592090404,0.0022119966264637003,0.026580413654904572,0.016853714236796248,12.064375545135865,12.25034218796236,-12.060353247682297,0.04034736250015758,0.20634979883554835,0.06585707666540982,0.003045513607934378,0.0023191204880126785,0.0010836948190083295,0.03341711228870999,0.052012052784103924,21.309170531900385,-12.25034218796236,0.049254098064038035,-0.06762725002329849,-0.0026514006925827324,-0.001848510815927656,0.0009998559959273174,0.028028370097208974,0.0002571997498548713,-1.3279192039350248e-05,-0.0002626270254889281,-9.318585341144825e-07,2408.68248745517,2408.672841907062,2409.428197774597,-12.242007072856723,-0.009645548107982904,0.0013104330023452349,-5.436595048124218,4.497630520809849,0.02632630103835254,0.0320788296659893,-0.001255210495855863,0.006652061283158321
74,val,1632.5536291176609,57.71397181411912,0.6328201045202675,0.4148230319069824,0.001,3.7855116837375215e-06,8.978449772474128e-06,0.00034690929718276327,False,0.25398896501701984,1.9132420645141792,0.059342821380444326,0.010206530830946914,6.212246339540489e-05,5.799080812638009e-05,0.00010011759898351026,0.10050917050867542,0.021847479917169843,0.04150178974455905,0.027346445173484935,28.96002727600469,51.74226575222838,-17.228784178146668,0.03201362944977326,0.012742933947608897,0.04235121324155903,0.00862885152127204,0.026392135762544403,0.04133540820649425,0.04458353873884785,0.029339013569721076,15.842169975974768,18.477970123331033,-15.803172303423668,0.01685940313173062,0.018258138177591636,0.09624937744205556,0.005936358161308135,0.005064586391499801,0.0057903933540642966,0.017019644629205674,0.024719749692620852,21.70645807363932,22.165656398584815,-21.700772000948096,0.05421111410830992,0.3773980514008382,0.05606362808342222,0.0021649857388346895,0.0008744885890513758,0.0009524344679625467,0.018865056955597148,0.07605310753928436,21.25060266029189,-22.165656398584815,0.45908624532408615,-0.06184185307087902,0.0023408794053382163,0.0013614465151350961,-0.0008460881733688242,-0.02452820641715552,0.00020035293189672162,0.00030297531067771585,0.0003596862768434476,3.0565870661192207e-06,2342.0999020925683,2342.1026719973465,2342.602203244107,-22.065759111592797,0.0027699047782334674,-0.10266719177025152,-6.5331158351118575,5.3071532586845205,-0.02223880284191182,0.022995664760082826,-0.10907398746712715,0.11829415348745716
75,train,1590.3194792278855,55.074544953620105,0.6852418758585017,0.41296553987513146,0.001,5.609631342655194e-06,1.1579024637697565e-05,0.00011283250568889467,False,0.15257068941190507,1.1654504117400393,0.037049442046089516,0.008441251647465897,3.753724339497713e-05,2.573773939374052e-05,5.265828764904241e-05,0.0819412616835865,0.03625282872536637,0.03807274253231532,0.026063794368617655,11.403097456662184,18.15140506299076,7.718396715225162,0.022905939548900633,0.01694490768987016,0.010089568016987193,0.003164099861127965,0.012696554878417013,0.043625516826573826,0.033250763541345235,0.019961901802386897,9.786679166770506,11.428555145806058,-9.77561081725352,0.012402012972740906,0.021210229350704768,0.02067155619277515,0.0021015514216099584,0.004727762760233993,0.0029726807936723727,0.011180365873329694,0.010477357732054321,13.361615908457008,13.493772505371908,-13.358336038376933,0.023160898929341478,0.1368128469369754,0.06398032242746567,0.001324582992540405,0.001209836388489676,0.0005817917135003673,0.015871052056967965,0.036630072085989916,10.315633992852412,-13.493758451970734,0.021478613886344658,-0.06334710815088386,-0.0012056152858799538,-0.0009508989380252383,0.0005713772117526759,0.01348572719885268,-2.3801325439429794e-05,9.599628935345972e-05,0.0001616636171497871,1.0425986649575947e-06,2475.4436314463474,2475.446767012918,2476.5857947296654,-13.497732340445964,0.003135566570563242,0.0008383219046663726,-5.354316693125838,4.518983785373837,0.07018899716649685,0.06721561574164632,0.0003239349098294042,9.008840444988968e-06
76,test,1576.6366400875925,56.80902911152319,0.6354794425884647,0.35900350625869804,0.01,5.955615292766315e-06,1.3183641979458957e-05,0.0004925113145682836,False,0.06110224301326403,0.5294179071775034,0.004446395275508748,0.005915104184240683,4.3156301695619826e-05,3.786226784855919e-05,8.245487416230341e-05,0.0838486000194955,0.01492029283143176,0.03634189167256692,0.02254570966120011,30.79870643107323,49.424055513279654,-24.039656701299627,0.044068235836777436,0.020393371892039075,0.04541463476691803,0.012162694245151566,0.026372287550602124,0.02421459822373431,0.04564830724164515,0.029034315653348377,2.0960154301742597,3.6018348472798607,1.9820361103700337,0.015935122802162027,0.004886812081517901,0.031541777615544164,0.003520148405056585,0.004336460814214912,0.0019145053808423914,0.03643675274063855,0.013772742839635749,0.8775878573119256,0.8930938034882274,0.8773960510466373,0.01616348474734064,0.01974671842515869,0.03691595315882665,0.004109714273317754,0.0024954332952680284,0.0012814439901342308,0.04131486832826271,0.017644021911828008,18.26307055622443,0.8670562543843516,0.018816303053434753,-0.039646396181096374,-0.003846143673347954,-0.0023366038243441026,0.001203509433034899,0.03883196397060799,0.00014453940473681202,0.0009619199406124534,-6.820634963079032e-05,1.043865089922491e-06,2310.9812028277297,2310.9667101739674,2311.388070880679,0.8787165442463447,-0.014492653762317786,0.002832363900324708,-4.186557083667594,3.48457260294375,0.09596872524025457,0.10880956485662,-0.0006678188437945209,6.7598208281840855e-06
77,train,1538.9860715047712,72.09581628906113,0.584959567256793,0.38894687975128395,0.1,6.929915497176436e-06,1.505045245807204e-05,0.0042846603969374135,False,0.11006556855151566,0.815846883667291,0.0264781238224857,0.007508050770710373,6.276306090989471e-06,1.1107232221842088e-05,1.4549913142500683e-05,0.09834994881666019,0.026368640579254383,0.02999561970948031,0.025791023759475035,22.33951315083513,34.20777329180237,18.477133743915033,0.05847068687235213,0.031086111964696402,0.030184793067477813,0.012601855955821003,0.03684116013995494,0.10260031063808954,0.1015245637348946,0.05247313258348905,5.5692187227766246,10.431552506132903,-5.298435986398819,0.02104677200282845,0.01252890971158196,0.07585991749990803,0.0013607369190402072,0.015116231332503243,0.002486335893595005,0.06004132653848808,0.02789890964918609,2.0535717536745515,2.835799505799514,-2.0517088278075475,0.006956188853528555,0.00884432158559968,nan,0.00401409302537488,0.00214162964761023,0.0010803580712787848,0.0371146380200372,0.010639008069980155,13.148177933274399,-2.1329617696565037,0.006369155013937211,0.07612510562332771,-0.0038639567556357176,-0.002075177072352431,0.0010299276535727401,0.03585622595411718,-0.0019468160567691862,-0.0010480042141346136,-0.0009016041030147175,-1.2026007539911454e-05,2085.6881913508123,2085.7040398773956,2086.614615641926,-2.1652634102288175,0.015848526583340572,0.0164531139889732,-1.5607112202314966,1.5632664591439291,-0.1349374308856568,0.061241144813663446,-0.014956843173877132,0.00016326710131212268
78,val,1592.3968943407274,64.23276690459515,0.5612168529335948,0.4320837732714491,0.1,4.968782214072977e-06,1.2595077654631544e-05,0.00656736965068719,False,0.25872347318483274,1.9743900774428766,0.059958811352776295,0.007324406263473193,1.5660527055394448e-05,2.246191324582423e-05,2.9733642715215902e-05,0.11165126937932825,0.016619274512505038,0.02395913367622352,0.02538292227517887,26.494532030130767,38.25391510759846,23.646224229781566,0.029604004774884896,0.02000078618830447,0.026181047061776232,0.008033724919794242,0.014561540755223958,0.03289740651482425,0.033529824131460294,0.022534054928563908,19.620746786584295,23.17737190283333,19.511951326036918,0.029451783624169448,0.04024241167330516,0.19206384413642286,0.010703485929405768,0.01149051568535119,0.011770337547308747,0.014435752793717015,0.04678439129425179,29.867730041689146,30.10179358076516,29.85850928013505,0.03816126373617612,0.1602217658776794,nan,0.003700787812495785,0.0017999930621009847,0.0010195338256983907,0.032817014296036874,0.03991181897480228,23.007314176597777,30.055718373317404,-0.06192630973242815,-0.07323964495703551,-0.0035078609488937446,-0.0018303970391820793,0.0008982613244946638,0.03226683525790994,0.0013832151356470027,-0.0007564821688724215,0.0011287511899541137,9.674492915889843e-06,2044.196002132177,2044.2123348381472,2044.7104228701726,30.02177213618984,0.016332705970171446,0.01761353115739439,-7.485756436370366,6.019596900736693,0.13988347911868004,0.173534739801012,0.006076696840182194,0.0018480947016576842
79,train,1617.9162638452685,63.523793679379736,0.642151489613215,0.3602300471854032,0.001,3.738434281572396e-06,8.481273833633547e-06,0.00027538775735574445,False,0.1314156631464776,1.171248258690639,0.013017741598210996,0.007604030482018187,5.6798449545896914e-05,5.29549815607325e-05,0.00011122919710204737,0.06074042041432885,0.011814695532432348,0.03948405058729494,0.01871002486037747,7.454846076075418,11.166932081122013,4.416822147472727,0.017325103546112608,0.013446125588117218,0.00924601167955267,0.005111718197447901,0.01940848952643802,0.03214842153521945,0.017333511538594814,0.016115713010895014,1.010676734489034,3.173962975861741,-0.7437881231941439,0.01277203766872681,0.006010034210540764,0.013717227622006131,0.0004663915837143339,0.004819222482913827,0.0009438728631274356,0.022831907356439852,0.008131442686457059,0.11800016085138737,0.3846145659713329,-0.11338533650385861,0.007547066090678012,0.016576726889659152,0.009095391831110697,0.0007047788800026318,0.00044202212773491187,0.00023523411831659374,0.007736625239517001,0.005798463181056832,4.428993658667798,-0.11535484726982759,0.021628842390387426,-0.011747061573538515,0.0009066767892824397,0.0005682344369967495,-0.0003215264156691991,-0.009994497637684679,0.0006965595561583422,0.00034331486308253936,0.00039085364690197473,4.6467148564488525e-06,2374.2505550252017,2374.2471519453943,2373.7565611248056,-0.10705885995139397,-0.0034030798074127233,-0.004892907511020894,-2.935716282229805,2.3510931730738145,0.15849594603378137,0.1682941631739925,-0.008147415505391109,0.016911186081270752
80,train,1591.646674269717,63.515187664146595,0.6762330428990113,0.38421197363751614,0.001,4.7124277318387455e-06,9.758671885805985e-06,0.00013264405997499636,False,0.14410655179979495,1.1944161635829005,0.029296368802215828,0.008130431379249181,2.8977304904627924e-05,2.2475861539146594e-05,4.690973595631666e-05,0.07357553342443639,0.03155442028522254,0.02915562414760078,0.0223973234599433,16.572340513919777,26.429471772495162,-13.0402159991903,0.029450085767799727,0.011749841714821373,0.029690306531381803,0.008440497193848878,0.02743308608084689,0.012431976576421056,0.015785042392629706,0.01758845841499162,6.762048168689594,7.250317288574024,6.757153629682429,0.015100423694081933,0.010913874703370503,0.012683559609140829,0.0038958936913473913,0.0031610812039970745,0.0031494829063651586,0.03467547455310725,0.011413227777888035,8.483305896581063,8.55253250984606,8.481369507300569,0.01710923272798137,0.07821042646719424,0.007847329011953903,0.002101048454135732,0.0014201916372292955,0.0008153758482989368,0.021827946476246442,0.01870371964917643,11.042973586470039,8.55253250984606,-0.0055905861585959634,-0.008040922967903933,-0.0016998243833457685,-0.0012207375479020338,0.0006396498717473471,0.01830678739365077,0.00010691651432221144,0.00020293004786625467,5.0443346878490875e-05,8.104512212447901e-07,2456.9287743310865,2456.926264421966,2456.956544423776,8.553709995473127,-0.002509909120362863,0.0013324234932952095,-3.8861419206195933,3.2321665231886496,0.1251454407906749,0.12167844126431414,0.0001781076930456038,1.9829957095766776e-05
81,train,1618.808936135999,58.09323484153661,0.5719304398129892,0.4273201469087854,0.01,4.4856600337939005e-06,1.1364110890486621e-05,0.0035258496336856007,False,0.2878904529107592,2.299886398584931,0.06611143503892292,0.005103871887141231,3.854938284403765e-05,4.573158660689411e-05,6.724762996266282e-05,0.13900610126554497,0.012569203539695083,0.022620750798258368,0.029057930700485336,31.438409218396117,57.547339610323434,-18.737668489799876,0.03384713033824527,0.012570079887030287,0.04236561568944686,0.009925235562842845,0.03169767181693973,0.03856581761423101,0.05178301368726149,0.031151239042958703,9.272711694800478,14.912817269152129,-9.156897123798517,0.018585683769043015,0.012466874129076067,0.13321515936399092,0.005642132866721333,0.0048902697267998564,0.0037683439284824974,0.046664914060798646,0.034441282345978215,12.240086211555784,12.470419728210345,-12.237767506986934,0.050047035748039814,0.19545016341999136,nan,0.005114023461612311,0.002502604731272042,0.0015433796965485665,0.051562120474510455,0.05123445835678695,19.477976523797626,-12.470419728210345,0.2125173994897597,-0.04852663017876868,0.005127077655000969,0.0026405025500379135,-0.0014828844799328006,-0.0530676935489588,0.0005997820041706694,0.0002856557050922189,0.00021852994716827832,3.3076747480986768e-06,2110.9058221974324,2110.8999647983296,2110.61155003307,-12.100651379435476,-0.005857399102751515,-0.36391094967211757,-6.9822178581507615,5.5495742868088085,0.05782626848531436,0.05746387164043422,-0.3845284233411803,0.09785670693237297
82,train,1496.2172239898964,61.93758167535847,0.6589141050152904,0.43347719386840966,0.01,1.1941014451959758e-05,2.2125830030522862e-05,0.00045748686962324093,False,0.2698020635606797,2.0199214427666448,0.05892067779354458,0.007994679046243292,1.9767064059420477e-05,2.2816202250924375e-05,3.420727191115606e-05,0.032291991714091334,0.0301514516828943,0.018420344302876084,0.013490096373013872,14.124240328701978,23.129054304234614,-8.788357375664045,0.038324171373696814,0.01392858180654025,0.03219687975274274,0.01089180271657255,0.028703695707686654,0.024066014577418034,0.06372768159520847,0.028919109359361452,13.350987648786825,14.653384648177052,13.337157215898786,0.026995237650630166,0.037092548755458574,0.05015614606107945,0.007635484415947213,0.008134836199520384,0.010107252698141861,0.011311400211354116,0.020739611390250264,18.046943362924072,18.192149776429687,18.03931543648249,0.029969536121382312,0.13927896129470504,0.0757061895188366,0.0025797949821049827,0.001759850329186025,0.0010228619855647298,0.025012131705357134,0.040893298302625745,13.462430414753996,18.180503883708752,-0.044023347421545386,0.0756046111427644,-0.0025606053406085267,-0.0018753951770106678,0.0009657130008209663,0.02573191309303519,-0.0015588816752163278,0.0006058108222803148,-0.0006223331806669411,-7.293065137026211e-06,2294.3453479828436,2294.343692896371,2294.5189703154815,18.179627433159112,-0.0016550864725104475,0.0025315370221505873,-7.776189311488906,6.576851851521672,0.2491192615939326,0.24776111587928415,0.0026170962837568368,9.308653898232454e-06
83,train,1601.85150397568,61.00845046227828,0.6824013022186642,0.4340790554958885,0.001,4.48259356269556e-06,9.656336440072455e-06,0.00011514987344463555,False,0.26468851473233385,1.9180686975889785,0.06642316352395664,0.007398627850280448,2.7649475180550526e-05,1.8805331896171134e-05,3.428784558276035e-05,0.08117836517328852,0.04127905624861824,0.06209966179910949,0.030772970978945952,52.66515306477332,80.08721339800195,45.667603309584855,0.07115465706537982,0.06180063750005887,0.08293043660921397,0.015649867470869838,0.03987915004825692,0.09149060905305936,0.10489362426358761,0.0661073874908411,1.145144080018178,3.6909810769270734,-0.7211629748159518,0.007936074259634385,0.009788032417666043,0.029992791005336545,0.0023149549309302666,0.002087677644304682,0.003661991698337328,0.01645679623532757,0.01071704065531707,0.22604215376470324,0.2390670236841288,0.21753059572301936,0.011224409063416374,0.02609384734841863,0.014865862361199923,0.0009751298336239111,0.0007399158720911968,0.0004175956918531431,0.0105304350451885,0.008937131025395886,31.280937694361747,0.23906702364456578,-0.0113029911889413,-0.013070921305183386,-0.0007241947902025652,-0.000577748258735963,0.0003188807806042382,0.008086083163888324,-0.000360015778488359,0.00016885890983127515,-0.0003257331682989953,-2.781558448239352e-06,2471.4847847010083,2471.4793119004225,2471.768216470761,0.2435412206186811,-0.005472800585721416,0.000998603611606086,-6.573566325346292,5.572467394018387,0.06608517964559724,0.062270687211725066,0.00018926295479104738,1.1148129416524537e-05
84,train,1675.8178090815939,67.45376320435972,0.6146312980168813,0.38774829028005514,0.01,2.1502897873070697e-06,5.700921713093499e-06,0.000413340557383015,False,0.23857559851192708,1.8688845495744317,0.050913533187496474,0.007376519113977409,3.7046058771584114e-05,3.789347531300512e-05,6.576695321661886e-05,0.08614736562204445,0.02052383366617637,0.050496844186926175,0.026218124993741366,25.225619985328247,38.4269607178544,22.299088527324223,0.03852983900162421,0.03250836054842875,0.03325979200053154,0.010141616939932683,0.028507222665835396,0.062241345592742865,0.06073167957009161,0.03789833621959381,5.830520464711525,7.503654984288005,5.6168439960855165,0.013470625231834177,0.01898715931873952,0.02482655138453805,0.0032816905956443558,0.0016285175268930167,0.005085803419383638,0.017324330640468646,0.011855675480944537,9.274738692317625,9.326855033188622,9.272860000333283,0.021705068217570123,0.04722864352777969,0.0022106514526206984,0.0024939707552138293,0.0015207308211198554,0.0007761248725092999,0.028516405488028175,0.013791087819545259,15.734402072234039,9.307713534027243,-0.021262858269617324,-0.00192845643872207,0.0027131360627768823,0.001623087157152061,-0.0008411932951386505,-0.030928804139649196,-0.0005645244566440486,0.00035682653591355,-0.0003585662468546419,-3.3141287378857243e-06,2328.823977274986,2328.8184578066393,2328.1839148067884,9.309435804314944,-0.005519468346847134,0.003797198059146467,-3.49640579889774,2.9644492859014866,0.04775768104173039,0.06886835267504908,-0.0016136296198965283,1.4469799666439669e-05
85,val,1684.5750528016658,69.77056783219297,0.6247722783200585,0.390173666471548,0.001,1.9206992406059562e-06,5.073679217622095e-06,0.0002853093399724707,False,0.22644097542446717,1.6502341338707538,0.05272470278375189,0.008269152409193126,2.530057474211214e-05,2.5883897484494775e-05,4.083578831924712e-05,0.08029064327937165,0.030591919097305957,0.06567072131186709,0.029440883991515093,18.48932445301949,32.36473444242711,-13.664002173940927,0.02645526366428408,0.005286018848178155,0.03164911260170727,0.008170378086178579,0.012724534744179736,0.0177856741072086,0.01569308929520597,0.015218134613776385,4.06607223363687,5.441184175368562,3.9625915546827604,0.014029582770478388,0.021405078105851853,0.04606490534362235,0.0022155190217329813,0.0017328318327839828,0.003656916114170214,0.01990964719254076,0.015830816268450357,7.05284753098222,7.156322611261203,7.050579611203629,0.03766611500765116,0.1297658549074469,0.03311479492035384,0.0027640301300130145,0.0018049273674936642,0.0008499512402037014,0.03285015500633629,0.03352495226197457,11.593187184148633,7.156322611261203,-0.04969117095245416,0.031530930651901205,0.003683417420507482,0.002293738599431881,-0.0011885244019055276,-0.0431951247957498,-0.00017113797950470074,0.00014873875630386422,0.0002743994760674971,1.342898535261483e-06,2372.1704373003627,2372.1776947165804,2371.4831888882904,7.153068733393411,0.0072574162177261314,-0.004003538349934388,-2.677762047532724,2.3256688305803976,-0.008531905216841551,0.023492401814337975,-0.008349648532657739,0.01561985695431624
86,train,1580.299123748254,62.13462044683706,0.6491924666122005,0.39136579332059696,0.001,5.336895506207567e-06,1.1504472911206311e-05,0.0003194677959904184,False,0.11538653675440773,0.9284392592253425,0.02504838567934852,0.006661714555217024,2.067057821753681e-05,1.7432503941563513e-05,3.358151549862406e-05,0.08474047588560785,0.03170934738085022,0.030845483393062884,0.024561165209529782,15.71696316225478,25.69716880165697,-11.965650531617491,0.030789204367932976,0.010959504179214175,0.02918582449231539,0.00908039565269952,0.02857696948525811,0.01259238632308909,0.017245425580477317,0.017940084285508934,8.696610777555726,9.271412952300125,8.693292947310606,0.019237043041159918,0.013779462817204415,0.019828164702687338,0.0062808261309883545,0.0030312889034782085,0.005699635074855024,0.045129549131463415,0.015624821126779459,11.010851499593324,11.16901373224573,11.008329213050391,0.03642918434429043,0.20346476976952024,0.0017428930041130998,0.0036608470568652886,0.002301422338304174,0.0013110937420824453,0.036418194740985343,0.04148320344197843,11.364005665545797,11.16901373224573,-0.1430956875144758,0.00289713815554708,-0.0033390847740722247,-0.0022218478149061433,0.0011374630469283427,0.034264696726724504,-0.00020002483621353853,-7.671059692372788e-05,0.0002905674678108744,1.1438403240138229e-06,2353.5301479161585,2353.540842333162,2353.6033694324005,11.182412395729443,0.010694417003378476,-0.024093080487091356,-5.064244862178384,4.10195276843698,0.1343232919989532,0.12803733481545146,-0.02802691209126351,0.04804444042359383
87,val,1671.9094524160887,70.47487691998674,0.6686137618136527,0.4308113935839154,0.001,2.1417426323823496e-06,5.140323448740784e-06,8.720703865730034e-05,False,0.3050221689036062,2.009634449315172,0.07560823778078977,0.00989806120493908,1.3166595822216557e-05,9.827786309143268e-06,1.612478924506291e-05,0.06422188068089417,0.053877648121205615,0.09686309162002396,0.03583362326558336,95.00335556932902,148.2767851386493,-78.53060867921131,0.10512442848823444,0.0681889414242872,0.13102895098693398,0.0359545444266973,0.07584764201565923,0.06508025360164049,0.1070410074052723,0.08052355664341508,4.892917552945435,8.151929759418636,-4.704589877493594,0.01577631043983896,0.012279913443086645,0.11968991683622063,0.003616878845409097,0.003506888383203648,0.0036312165626279885,0.01329640724133058,0.026003536885313098,5.199663036768964,5.278235305852377,-5.199647385994508,0.008665112031862598,0.00786721973375771,0.014201336319913552,0.0032309047900189827,0.00243141964117366,0.0012365297695031796,0.038323221845516314,0.011215105349980567,56.221870109052865,-5.200738593216101,-0.005721172278306244,0.01075201612499859,0.003390985399044641,0.00253746820506904,-0.001295410094402454,-0.04018661283831521,-5.8391178389323716e-05,0.0006766124704784675,0.00015606076722748645,1.5357011118322106e-06,2495.2451726857457,2495.2416591980564,2495.584290685116,-5.198526192414192,-0.0035134876893607725,0.0013010868874516746,-4.919860792201234,4.080910721204621,-0.16057174830575605,0.15409980072364016,0.00017864711253423593,1.107548885053026e-05
88,train,1545.2800661354545,57.793456069472306,0.6279038933828894,0.4058296820087263,0.01,8.311638782654919e-06,1.713413812136751e-05,0.0008202418548650586,False,0.11631849410962197,0.8906492514429374,0.024076439192581633,0.006041250089837913,5.018398255791583e-06,6.943695757960306e-06,1.0673476301375468e-05,0.07259066255150384,0.02836741930648217,0.030146486571787656,0.0218545340000148,30.197130984883195,49.81801326774939,-22.80483065350306,0.04318855339711014,0.018303777987647544,0.050746867491421925,0.014571870305726096,0.03176885744023339,0.0197069143766202,0.036811930710487537,0.028651703052022786,4.835510603942828,6.15462661751917,4.803990579896741,0.019633897697925562,0.02129243539982463,0.07487123792665099,0.005748327497436028,0.0036283741127618595,0.006782861799886075,0.021697583243732107,0.022336803330048616,7.246390277223871,7.344072099197092,7.239481920661468,0.024473495306082338,0.08186070250827077,0.0537015657190924,0.0030134403640577406,0.0018482775046276623,0.0010213896290597875,0.02939268268385188,0.028473009734826703,18.3643653853995,7.337601915510277,-0.013008145286061324,0.0523447361515217,-0.002800794849487876,-0.0017853250926423813,0.000924942975626062,0.027922478941010326,0.0005637938670221258,0.0007433706859532676,0.00038702461300920235,4.69499902955306e-06,2242.2158641796677,2242.209567327937,2242.7270604196974,7.340180485913606,-0.006296851730894559,0.0037182813275649096,-5.930148045772512,4.93883902165522,0.300256200336662,0.29226509916644505,0.0021146411845620605,0.00011117748121892897
89,train,1507.641515694263,72.57356420325121,0.713974161311265,0.4282444038806116,0.001,8.025604287971997e-06,1.5221507309619066e-05,8.951576340836213e-05,False,0.2108952300916259,1.4710549632666243,0.05443361474362812,0.010584661390706795,2.8812323332017784e-05,2.586244325549478e-05,5.141294890130278e-05,0.05273920519412363,0.03725913483694241,0.027318082367374683,0.01957041835232159,39.782146509685326,64.6965394014378,31.751412022486598,0.0776467533757994,0.053229822273179864,0.053342163422173385,0.012881120515121807,0.046958512397186444,0.11164374222515759,0.10252529927732143,0.06343011001835676,21.48609033586862,24.744592446948445,-21.447036206177977,0.03453030179708194,0.030756047491474453,0.07492154363301731,0.003932267568318009,0.007602530044586737,0.0052681711908559815,0.014716257190753826,0.022866136186501056,25.395216359872403,25.568501256027048,-25.391651888910342,0.03926137078997316,0.16310988502671167,0.0262036485656492,0.0013866988279058162,0.0013518735625847945,0.0007362910510935787,0.015319831945967618,0.034684704829985445,28.18851252493526,-25.568498506035212,0.039389408344005276,-0.026803219305327947,-0.001607973905453262,-0.0013946325786606591,0.0007787370458878772,0.017620355428194366,0.0004602936241826096,0.0003390404789308463,0.00028930282921791765,3.3449452716549644e-06,2487.0131663535026,2487.0104395420467,2487.679528357412,-25.56684315620214,-0.002726811455886491,0.0010714616228142404,-6.601430150878514,5.61988287402415,0.16681357015113463,0.1553076151672274,0.0003524652961459651,5.005263810665227e-06
90,val,1652.2989687193058,64.61523181883308,0.6484588955835948,0.4241787229896773,0.001,2.7977415756782973e-06,6.710860947138329e-06,0.00018751107824367243,False,0.3054952892774923,2.233724380754893,0.07168201382556492,0.008055595549951722,3.659802475326988e-05,3.3033167716093055e-05,5.502809879567535e-05,0.08266178469153458,0.03141094166315996,0.06721111607405546,0.030234750286669176,12.307239311224292,22.85683438392016,-4.810073695151002,0.017297892200575204,0.0048055437277210586,0.020901705068378743,0.0029337470528521103,0.01214637512770126,0.033763382027457274,0.018330101238443475,0.015480142373758986,3.916861481054432,5.487746326472916,-3.896510767791481,0.00794034228055418,0.006561901962437904,0.02728387047518933,0.0017803268935531746,0.0018913174055935774,0.0021817507054744975,0.0034292010681912875,0.007188061418406628,4.533395039089055,4.564261598462963,-4.5331513136123105,0.018405788196444783,0.03275689515752295,0.015225691583326227,0.00241463071199277,0.0016699610908477043,0.0008871175091172344,0.027514668818228658,0.01341149414517259,7.764184322437886,-4.564245121719978,-0.002124417438346411,-0.01480001900150881,0.002935769997912331,0.002061407101178285,-0.001066491574657576,-0.03392528837523785,0.0002912764639883663,0.0006804056445801844,-0.00021924635511856878,1.7478622460487259e-07,2411.9183352108075,2411.9012493588702,2411.6306757095276,-4.548945986759463,-0.017085851937281404,0.001786716976766911,-6.333248748801907,5.233286493561477,-0.018500159417726536,0.017185210817660806,-0.0020970578443666454,0.009867699908680935
91,train,1557.9905424501678,64.16052201902438,0.696527056913608,0.3604546202008001,0.001,6.007176541162078e-06,1.1788121576649176e-05,9.567055575869306e-05,False,0.15355959853085852,1.2445048387542101,0.03150761693168341,0.008207586651713505,1.0517724268431017e-05,1.0789340123598393e-05,2.5066558617462184e-05,0.0826694926027277,0.0253665533934379,0.03299793980248035,0.02351339323694257,48.522614535151156,75.93534092954451,40.460829190243764,0.05696551212264245,0.04477965855614884,0.07857556938424715,0.012861708363188576,0.025508427500651163,0.042286975365533316,0.0778215524397363,0.04697231526825089,17.121588570333504,19.514707638628806,17.075208141918118,0.02873746785619513,0.03362680540555184,0.060145127306496945,0.007679493575726643,0.0022443653502161195,0.007797306477128848,0.03611555120824779,0.0246014415538947,22.209917407779006,22.339432072742966,22.206771900602156,0.032241358459465186,0.14695600663335098,0.014863387622883506,0.003236322369824854,0.002169212809765555,0.0012662278601118001,0.03236643510372137,0.03347626539994301,31.699961673025467,22.33943207242828,-0.00867822583121661,0.013759360309697693,-0.003067679039467843,-0.002229681932515361,0.001147768348155059,0.03195087974237656,-0.0008093303255763381,0.0004001992150295289,-0.0003242450760539666,-3.7256834972687614e-06,2499.1556225173113,2499.1531927958085,2498.416007791842,22.340801650153935,-0.0024297215027218044,0.0010601437770674238,-2.1359800477289355,1.7811813346823246,0.1780723186684554,0.17345025015058468,0.00010879196952373604,3.9901811032771865e-06
92,train,1639.614357541831,49.51677538180755,0.7296928846744823,0.43153158418431325,0.001,3.961050094924668e-06,8.486918323078015e-06,3.461926522865287e-05,False,0.3621545878035135,2.557043364539595,0.09082967246580462,0.011953921469886275,9.386976710047534e-05,6.487598908739007e-05,0.00013232022197371066,0.10662837021189488,0.04398587419006701,0.09116672084831556,0.04034533853807317,31.45309381175913,46.62192938616727,26.888723906706524,0.04231691372393076,0.04476718472989166,0.04746156497813773,0.008828992235108572,0.022331698362147576,0.04423705220249028,0.032030876220508535,0.03327622812138072,5.701983230670049,9.13562577049197,-5.368642570598977,0.024929513896907896,0.03600805032109023,0.0861058696631269,0.0015035620200213153,0.009741793586989723,0.0029586956466327525,0.04491988666632542,0.030206309650697722,1.9354562931368096,2.7942591876785627,-1.9305380462666222,0.024998270736026562,0.04332295091012646,0.10529306315399463,0.005450919797222606,0.004773827443809575,0.002729851159639002,0.06660710354140854,0.0380296193343668,19.474186952415472,-1.8904609755281854,-0.02370979561622941,0.10374450122620882,0.0053380451172049025,0.004574733840081665,-0.0026587370687859396,-0.06405776395113313,-0.00019604127224472298,8.381082231438133e-05,-1.3885905340600995e-05,-4.951901515504176e-07,2649.8119828292547,2649.8129437817106,2649.353426451227,-1.8916591953720854,0.000960952455898223,0.00023726738800178282,3.6362907145712597,3.3459417828664364,0.21059407932807517,0.2031457319889203,-9.464754657528829e-05,1.3340646798443666e-06
93,train,1569.9748259145151,54.908485032512395,0.5603902145833346,0.42933636380869433,0.1,7.459645321916153e-06,1.7849851705797402e-05,0.009559018683173383,False,0.18321440729051422,1.4094471566922948,0.03874966981258444,0.006816376488889553,9.085383573596503e-06,1.586523867610758e-05,2.1439468609072728e-05,0.09157540590625979,0.01256787490609152,0.0450003081878225,0.024864996515172096,21.966503290281803,33.0566933552991,19.408197946555,0.033424461198374056,0.020687121997317242,0.020338391964482873,0.006859060472573567,0.034962706912748415,0.06059213996050276,0.01877933002870387,0.02703645855605479,4.6481273936601895,6.1659342224520515,4.504054911739833,0.013048294353847911,0.02102258644967768,0.023602736507060972,0.003618480433650967,0.011073763776055037,0.007480972478971533,0.01960095401545056,0.01439991561014446,9.423476989823717,9.553230943034578,9.41767846583019,0.014262694766157047,0.08623787476788614,nan,0.0016016787111947084,0.0009238463759521612,0.0003941674545186215,0.016199218264425747,0.021071357114795474,13.708868838663038,9.547108446494576,-0.03572829501300359,-0.019413310049094717,0.0017791119086738494,0.0009438843353610541,-0.00045410292150061096,-0.017312653061270722,-0.00030389842502451573,0.00035456232704620115,-0.0001091981031720415,-1.0931291268834187e-06,2018.6805218293343,2018.6784011389088,2018.2087359935356,9.533503500457755,-0.0021206904254995607,0.015725636462320836,-7.644071029068073,6.1650102945353815,0.3890442053188963,0.3766229436511845,0.04267550246731844,0.0019748043925270054
94,train,1474.9710043886887,66.5309362416456,0.619492462050578,0.4337754227885532,0.01,1.3904152307629102e-05,2.604204657608305e-05,0.00219070620493496,False,0.24647574765377436,1.8527714807198663,0.05355284080361395,0.005641616725114318,1.192459057322922e-05,1.2386506973101595e-05,1.805238286063992e-05,0.030745160135567124,0.029877726726407726,0.029832016175981548,0.015082877753060562,49.61190965935128,82.71370359393632,-37.221283682246806,0.07981184481412346,0.03752970326564878,0.07111210325678376,0.021210820982691687,0.051632369535800825,0.0680011503202937,0.1257044884333161,0.06253177263242247,12.48618444319887,16.72948370032327,12.343548637107356,0.024448700244341204,0.02349780939166654,0.04730069717423653,0.007653562545914558,0.007840895742046869,0.007475404003174614,0.012730550210049148,0.01774981984451471,17.441100230039904,17.700940075299968,17.43353877392542,0.05115900783437799,0.2345227792986725,nan,0.005866567617525443,0.0036412451435012478,0.0020123414483143565,0.052704823451048606,0.05974955139181243,30.603307802658357,17.700940075299968,-0.06251112503790468,0.01116297591721899,-0.0056307310195958275,-0.0036435964155073744,0.0018568484708411988,0.05172345367336745,0.0003320024484293368,0.0004380141536883704,0.0001150181177297953,2.0824089328463913e-06,2137.719633964423,2137.7131800672337,2138.888495361818,17.705820186378332,-0.006453897189203417,0.0015737861108391371,-6.197230794824009,4.987468004337075,0.7644117904701488,0.7292516755150081,-0.006876980429296964,0.008263760317972454
95,train,1482.213952935632,51.28655749342879,0.6406271194193656,0.4250314697217204,0.01,1.6957818192306672e-05,3.1877680958028165e-05,0.0010749573946624096,False,0.26664591960133943,2.0450790060463078,0.05196721246593498,0.00789279606287252,1.2211806646895445e-05,1.970848145275338e-05,2.3969915058873015e-05,0.012282689083930133,0.02795722724328968,0.050171130827464924,0.015077822892973875,16.746715325347516,24.313989156950583,11.785629503158384,0.03042625802547061,0.01732861675787962,0.011987217510945183,0.002548745798263108,0.030311877116854125,0.0672410672984474,0.03092122483682312,0.026723124886535426,5.047061799146104,7.948152012653281,-4.976046644637877,0.017876553332998313,0.017787782696422293,0.11826468321999724,0.0020260760254526833,0.010857952567426535,0.005253286710253624,0.034818119257888115,0.03150131674624008,3.206348099696506,4.217289840874855,-3.2030890530092093,0.01376233138249372,0.03271897334501954,0.0583414556845124,0.0017827945481036776,0.0012496656633660022,0.0006122122408476763,0.01872226040543485,0.018904560314547358,10.223751674224346,-3.1606290716590593,0.004385308588860083,0.05328049896190406,0.0017053002793569999,0.0011710662506073965,-0.0005988636906197025,-0.017727050181673382,-0.0002648813433457429,0.000496283460419033,-0.00014978866442091066,-1.0820337544847902e-06,2220.298815855279,2220.2931606513143,2220.0328878274313,-3.157905868359194,-0.005655203964579414,0.0029320006647139962,-8.563598097108297,7.154362166848544,0.6177646235241809,0.5938101008084082,0.0028406965807334927,0.0002796431106039479
96,train,1535.5564361219413,67.00047695199338,0.6646670142686288,0.39271538839008086,0.001,7.238815987879966e-06,1.435801383387022e-05,0.00026166208738914623,False,0.14946509772262198,1.1190403339853674,0.034159329185695884,0.006610736118832783,2.0956930802224018e-05,1.9056566402608777e-05,3.770594546871326e-05,0.06731989478527664,0.03311080017381379,0.025398631567628196,0.02098450766156536,26.92201173340253,43.704846575594274,-20.899231973688256,0.03790532016799797,0.01884435527230323,0.04466537223652378,0.013018303347053313,0.03750336305626294,0.02421599105672932,0.023917918260474836,0.02702755053822457,7.178564848741804,7.7409742107506645,7.174610726698867,0.016857203162684797,0.012995351280136088,0.020370172236271664,0.005904415553292787,0.004734447084653153,0.005112221828814759,0.04833935628483342,0.016242660711333647,9.166225231659775,9.309181820189224,9.162675280893914,0.03403690185121555,0.17112189120403834,0.025468410470027986,0.0038399155173652554,0.0025630393913986605,0.0014695376547323035,0.03802668608705998,0.040414913387437086,16.91320049887529,9.309181820189224,-0.04483153700563036,0.026428219943895284,-0.003277500435331362,-0.0022935775242070512,0.0011931515679742815,0.03344535283178361,0.00035132258552669147,0.00031673390016188,-0.00015866787567646285,3.0609062973141477e-07,2362.940026364572,2362.9278102760127,2363.0941300073587,9.323516290120551,-0.012216088559398486,-0.00211838137192899,-5.067812696931469,4.137102882846986,0.17696765204846088,0.1667269815137518,-0.005106775415242737,0.011619476622560741
97,test,1611.72461637467,66.41453825642921,0.7195343213918205,0.4044478033554722,0.001,3.7955133201864683e-06,7.522229450091321e-06,4.241699860622043e-05,False,0.29023595916255035,2.1401017902412605,0.06796607494545076,0.006197492981409702,2.511935428464127e-05,1.643337132134609e-05,3.2382930957000484e-05,0.06779675597678182,0.042734156085477655,0.0495459306033377,0.026691796387026692,27.261746690309568,42.76674665765222,23.670733872897593,0.04094631781787972,0.03647398452263678,0.03773256307415542,0.008353455788475274,0.019155456986710204,0.04724972963662137,0.06827302540260075,0.036206369235199966,2.496187053254979,4.31451639285342,-2.379670852675461,0.010975280108270091,0.0045023179928700375,0.011969601423296625,0.0007910302379392828,0.0031651938584961676,0.001264592938722507,0.00853760877427828,0.0050383908709338175,1.3020693673480865,1.4709623997687231,-1.3018908458114258,0.00638865295759139,0.006567629498481922,0.010360784355551843,0.0016624384331394232,0.0013689714383463445,0.0007712563457207094,0.0181117623290831,0.006473807066720558,16.512063944879092,-1.2969380115505373,0.0074469129008573704,-0.009421103530827628,-0.0020836065674379126,-0.0017040810250682258,0.0009724844511004538,0.02253238831487972,-0.00015261274256436988,0.00043158312231006933,-0.00012981931926571465,-7.607865377678991e-07,2606.70791280273,2606.7013969576255,2607.0336128421213,-1.2909979309501978,-0.0065158451043316745,0.0005757645039921044,-0.7160252069434137,0.6088901596713305,0.1351135080271888,0.1300042120545895,-0.00024245606664408115,1.0384324062988198e-06
98,train,1674.3331380184338,53.212591337072475,0.6903492787683838,0.37501333086482547,0.001,2.7938877486181414e-06,6.353478181123103e-06,5.4049110594841184e-05,False,0.12117471370541787,0.7341346249586422,0.02450144055937142,0.0168675256025832,3.973766599157744e-05,2.9949279071648546e-05,5.8287808654047335e-05,0.0357593059184427,0.0246093348900368,0.03970657331425665,0.016700531479408906,36.39071225754124,53.38621085843761,-31.4302841493325,0.04690472224761716,0.033634552373926055,0.056355040750541395,0.015375470247366315,0.03683747551243982,0.03365277122284468,0.03010420447908657,0.03432658576436747,6.896211597977879,9.537317265603178,-6.754629612076324,0.026744655356161662,0.04258943297188424,0.063739680740031,0.0009883775756108462,0.00334351173999308,0.0010149492320927955,0.01892830119908666,0.021767375576449772,11.849481188038649,11.976197981505265,-11.844099980499387,0.030494238146321795,0.13425007453153323,0.12342606465814052,0.00412634560781308,0.0032311618452898192,0.0016554590387994473,0.046062921614108104,0.05212533788261403,22.881300768809652,-11.976190513100846,0.036844479832645965,-0.12541265512946143,-0.003939150847716707,-0.002938981694141869,0.0016392301218805837,0.0430620973356062,-0.0007418951544577349,0.0008114012938987567,-0.0006162020314893645,-4.913046443677516e-06,2580.8675063660216,2580.851964219481,2582.099511459786,-11.961187526704634,-0.015542146540610702,0.0005391601443989202,-1.0511983459687144,0.9665693010159873,-0.11265742557770864,0.10561282467017902,5.82081961510994e-05,3.1400851599750042e-06
99,val,1505.6721636083764,68.15329954162905,0.611814503540529,0.3742191263473829,0.01,9.639231397575443e-06,1.947751804803344e-05,0.00197591302547583,False,0.18082516979036892,1.4552894472433309,0.03603046379267288,0.0071078361267851164,1.0612683877759414e-05,7.999223871455337e-06,1.457621577049078e-05,0.06283025559728002,0.018444203487825554,0.04671524311618918,0.021337148387469074,13.647515107296885,22.853921871805596,-2.3837224530126795,0.022859386341884225,0.006459462731218046,0.017573912583052985,0.005615186101483711,0.018033118462874406,0.04334232422417481,0.014019848711640274,0.017507308802407372,3.0949557676201147,4.884865807076949,-3.067747692206209,0.018366237979304145,0.009860775498542652,0.060947415626408,0.0017708446764139426,0.005879658093721208,0.0008338365114874229,0.02727249685329483,0.01776083787664468,2.7505549297809915,3.0807726930624995,-2.750280862811749,0.010430794918193875,0.025565854652531778,nan,0.003859727317555405,0.0022281317337281416,0.0011316336437746006,0.036606714656392196,0.013878412400796425,8.1413515566886,-2.755446360932183,0.007634480611351348,0.006597179320584628,-0.0031591934334441497,-0.001811951330470037,0.0009336816744894025,0.030144822561914156,0.0002572711405473546,0.0001754950293375266,-2.811738288056413e-05,7.479780830266236e-07,2153.900136083378,2153.8940072908154,2154.6622460936496,-2.755354625601285,-0.006128792562776653,0.006037057231878862,-3.034678789103509,2.43835291901037,0.4941232368391866,0.4781165053526821,-0.01124923487441265,0.015498329664791486
100,train,1602.9636121870624,63.31813923178444,0.6512002833727276,0.38666457295725554,0.001,4.093158315991631e-06,9.471801293436156e-06,0.00025000633692541513,False,0.12760288694037555,1.0821185885104114,0.024679935889313522,0.008563334697631042,3.820560497722854e-05,3.41798746768315e-05,6.658959106340603e-05,0.07856537642950544,0.0261218304579901,0.026057449327929656,0.021813938547690443,8.768416287798972,15.575308989994937,-4.694645274161544,0.014556313155671408,0.0026963044352068173,0.015965742424803416,0.0033918912889150847,0.00771517264422108,0.017333791238498975,0.008974531352522666,0.00934623889736134,1.0932695382471909,1.3515477430455576,1.066726052586139,0.01035260451836617,0.004521634401851789,0.01238489797355679,0.002152205607807044,0.004382488713655579,0.0016908462819432643,0.030682891687720752,0.009302494111089204,1.4127697448155985,1.4341230107256706,1.411737478894065,0.012679239396162778,0.018676317061017588,0.015519571279028449,0.0012833723143511589,0.0008393832172347475,0.00044825732519784925,0.01354377504043653,0.008385112706211055,5.273525372129595,1.4341230107256706,0.007474183926672356,-0.015894798366300214,-0.0007531412120451584,-0.000502561238947856,0.00024144935448833468,0.008079125155465005,-0.00011506249568888698,6.762649655970445e-05,-0.0002779647179434067,-1.929013672796742e-06,2383.523081484659,2383.5169261095425,2383.31067190895,1.4394126548245367,-0.006155375116577488,0.0008657310177113686,-4.399285675824103,3.57691186808745,0.10713234418790307,0.10729432746230026,-0.0017356484763695335,0.003790068019993093
101,train,1643.2399054470654,68.78063856796192,0.6044590716456186,0.40516715632930683,0.01,3.0254025157613164e-06,7.218928674536874e-06,0.0007269770798735888,False,0.279985572555122,2.285628172721772,0.059146645974912135,0.012562279538867571,5.946074962113548e-05,6.235614749554784e-05,0.00010292572386915668,0.09491108598533995,0.023844176563876815,0.038193403763728234,0.02619556815565514,16.07702259847026,29.245242110621348,-7.076822203176941,0.023768526953700686,0.006807881462162286,0.023145383425590943,0.005691066472992525,0.022208350363817245,0.0388245520398085,0.02715967556608579,0.02063948488840955,7.737966796010206,10.512373591995129,-7.708152699903875,0.012384701751724791,0.013233581739948473,0.05603782343363011,0.003401919380142295,0.0022803633118350154,0.0033088447560571,0.011778750454577379,0.015006880512698396,11.587599419738885,11.724146051855769,-11.582272145757091,0.02250048329393106,0.09234115895177807,0.039807462259810134,0.0025399874598073823,0.0014181764915220051,0.0007910483713685706,0.02698754352667239,0.02731422951015976,11.546862648009826,-11.724146051855769,0.01930081258153388,-0.061952649043349774,0.0028298776245887394,0.0016752943913637627,-0.0008375303920120531,-0.03117341132928523,0.000343805550076113,-4.744699405390039e-05,0.0003495376866937255,2.988266057046829e-06,2256.8663137451426,2256.870886799767,2256.6099940111717,-11.734251709016007,0.004573054624415818,0.005532602535822662,-4.89239600177234,4.076117421600879,0.18627763034965028,0.18720519586490653,-0.002692174997264374,0.00013761507512206767
102,test,1539.6827201780277,65.56627432675042,0.6312185931480639,0.36069966827713995,0.01,6.980710747954938e-06,1.49328423504763e-05,0.0006965550438683894,False,0.12266182513002313,1.0181438078016072,0.022896129348711686,0.006109549101176892,7.681537182693078e-06,7.78683474037526e-06,1.751062722407698e-05,0.08199912715785743,0.017752188197970996,0.039006549934439576,0.023131807381569194,26.89247797554175,40.04797498488415,24.172450647248734,0.03978869185533007,0.027720446193528456,0.03970602953355222,0.010080179807797995,0.018716436422236964,0.04919655697966472,0.05285429855782413,0.03304565791576741,8.322844096962541,9.674137157451696,8.178296703570783,0.015385937531274152,0.017101944331910698,0.05401476060954749,0.007099984587432011,0.00570354500611465,0.0066935743684852665,0.047219223023913334,0.022972171987900577,12.461983762942603,12.56550591974792,12.457308474772233,0.01919401185023295,0.06816524579542234,0.014172726268309718,0.004813022617840879,0.002812984574592794,0.0015126108430582221,0.04634865813213023,0.022970874705225696,17.497702928766845,12.553471321904453,-0.0020429376697839075,0.013923741043656812,-0.004523174852595535,-0.00271417669622831,0.001390765826389794,0.04426587847120214,-0.0005587938516760509,-0.0001777822868192139,-0.0002524906108631847,-3.2589507814595464e-06,2259.9503528498226,2259.9536182708566,2260.5779439391567,12.545506446781019,0.003265421034029714,0.004699454089404753,-3.136793983586358,2.6137956197407815,0.43891002808186386,0.4324165810881946,-0.0008449746528640389,4.068901317621738e-05
103,val,1683.7003676862987,66.88143283762096,0.5638990589346256,0.3929846232585307,0.01,2.2751059137185327e-06,6.135470551866717e-06,0.0022534741878574484,False,0.25202571676083135,2.0515478293548313,0.05089703010458539,0.009137628396682196,3.4317354279853125e-05,4.316237609474443e-05,6.476864788393303e-05,0.11964195569124224,0.018854258086743795,0.04030944963055606,0.029824651964466774,32.16875191305875,47.35945158513232,28.577329680673238,0.04449861671878419,0.03208186941290343,0.04305627549291195,0.014206461761102157,0.034056673337481094,0.0591528192693465,0.046630999052213774,0.038197516387659815,9.316038190413993,11.172120770100264,9.20610757990822,0.020423684730686453,0.01916362636171539,0.095941546766044,0.004017441835358965,0.006645355099974372,0.005222564431231915,0.011508274182437024,0.023749801446126945,14.171958040404313,14.379383499373034,14.167667636766614,0.02455738280444031,0.1682022102816715,nan,0.0010073269334559811,0.0006026935276706924,0.00023687415519163717,0.01138612414623674,0.036287045808845314,20.13180944898575,14.379383499373034,-0.06346530316827437,-0.049151017475230575,0.0015861849520171054,0.0008051644759969952,-0.0003963328043843347,-0.016851238566234193,-3.5809991733501875e-05,0.00017702318949002028,-9.430671552311786e-05,-4.4819992206512893e-07,2153.309901990502,2153.3061734072407,2152.7833315030994,14.390462308335373,-0.003728583261363383,-0.007350225700974988,-3.281320836340001,2.710767164082308,0.13014332381135318,0.113500674778574,-0.028175716814075713,0.012743629313102233
104,train,1680.7721731368565,67.20510110076164,0.586195515320886,0.38551882774460894,0.01,2.1702785368032852e-06,5.882742282590713e-06,0.0010920562150570192,False,0.22915968314539154,1.8793941898406956,0.04720596150262399,0.007092597281863178,3.8163686264916375e-05,4.313038764822915e-05,7.082103655466426e-05,0.10543955551555854,0.01755716084474262,0.0432634452186247,0.02773537944823228,31.51202410996098,47.35903615962616,27.783936072412505,0.044373019565433935,0.03421203745564828,0.04318861718072222,0.0133679840317578,0.03447238172423125,0.06464968488318129,0.06047416183254989,0.04172747785134845,8.456268904383359,10.181456366678958,8.293570800465512,0.016930241856115913,0.02050917019846389,0.05724630867045403,0.004372322705914539,0.004479838598416793,0.005811063002458183,0.007672575387425211,0.016681879760522104,12.771632920509443,12.859488247288937,12.769229167378116,0.01704773687237049,0.08212097247330809,nan,0.001121809859920541,0.000624892024891944,0.0003174082515762973,0.0122078920953255,0.019278594941004472,19.51974378158805,12.852740226360766,-0.018703287154741344,-0.024356021576818848,0.0013431273005515007,0.000725416428861893,-0.0003754875172842726,-0.014586423060169681,0.00012162161830988668,0.00010741107433365655,9.653011412740609e-05,1.035849488406626e-06,2233.1700501545,2233.1696069281693,2232.6857422266175,12.846082526340524,-0.0004432263308444817,0.0071009263510859455,-3.2728957960739535,2.748928234879769,0.1511504036407132,0.15210591795124243,-0.0054182134135771776,0.0004405725798940575
105,test,1513.6967076982235,61.521851547654194,0.6004472165879808,0.4172857270188711,0.01,9.915832842278065e-06,2.1675375120223205e-05,0.0029607399267834052,False,0.15305988358426056,1.1821104290952462,0.030975268086825655,0.007893467149904021,7.147844768023523e-06,8.052668234157151e-06,1.1670047918339495e-05,0.05707618284459384,0.021475047064080658,0.03876546474905223,0.01955726086977454,42.05475142505225,70.50954539556324,-31.70281608713878,0.07526919338916632,0.029008557468536696,0.06202840015804837,0.018748826633290545,0.04687949049881381,0.05182951908390975,0.09772804151856088,0.051037139226860005,10.18613383266868,13.553229318810736,10.086596441478697,0.01933361503349884,0.022595378929399838,0.039335994508509636,0.0071949882190497595,0.006707873103975004,0.007118382732865958,0.013064234636983701,0.01600280868846398,15.39497658033899,15.704009706010766,15.386717835298558,0.054261267283857606,0.29098251008306386,nan,0.004383285162527627,0.0023448642981363337,0.0014228330874007482,0.03877142121404927,0.06758098276903557,26.021455410623005,15.704009706010766,-0.23551330262721867,0.01877806931057117,-0.0037152663784100147,-0.0021317629563325597,0.0011342500350408123,0.03420286843404818,7.839657156921421e-05,0.0001490117882854207,2.5445422675330877e-05,5.367530293565181e-07,2111.2181073204815,2111.2160617553322,2111.868003297085,15.875216206474306,-0.002045565149273898,-0.16916093531426668,-6.228783712099357,4.939049623445644,0.6607239874592779,0.6190986555214374,-0.17763904022103816,0.06389348662177603
106,train,1502.5685960953515,54.446279878641995,0.6228397304105974,0.38368105670328695,0.01,1.2663124727859204e-05,2.5544478495618523e-05,0.0016402323958969788,False,0.17641567593002694,1.4387864141065165,0.03105818406746833,0.00865355149229785,4.6260057297024565e-06,2.6435438629786566e-06,1.3491477615438652e-05,0.06506099837859464,0.023763097744547105,0.07246337639626126,0.026884705591101853,36.95910087279525,64.74822357910716,-21.054783742448112,0.03752784175927326,0.016251596258002335,0.050074709621160673,0.01262785466405139,0.02320404082389778,0.04482799551417711,0.056398320626712496,0.03389741958466696,18.23911442887604,24.034641214585008,-18.182822558853168,0.03250317000836245,0.022959145675244638,0.21693067794616883,0.0053880734065317685,0.006244033271019481,0.004596648716950188,0.02118857788618254,0.04621785948368292,23.200559843859107,23.515213052372474,-23.19459210771224,0.04956630030274134,0.24708997082297934,nan,0.0015366609485683704,0.0007530437017598466,0.0005694256204291576,0.013725570397998973,0.052734934298347136,25.85005042784584,-23.515213052372474,0.04254581348557207,-0.003571896243168233,0.00206723140123895,0.001245964081537073,-0.0006270809484901674,-0.021203622755213092,-0.0001601117091767709,0.00018687623547102554,-4.0070071765384055e-05,-4.762550674941579e-07,2187.9233072195047,2187.9224544615786,2187.8283131011126,-23.519075524098298,-0.000852757926168124,0.0047152296519925585,-4.950942094554193,4.071277511691515,0.4192055396915748,0.40736495482035806,-0.0011998784093520953,0.0013383811519048243
107,train,1688.1435275060792,65.9289414644092,0.552728873584939,0.42912127264075384,0.01,2.175598785110679e-06,6.366476960780481e-06,0.003246974511003889,False,0.22864262838544544,1.8918997358268825,0.04714880282831565,0.00866138484938972,1.3721796675531422e-05,1.936642911259157e-05,2.3268816257718035e-05,0.12490924635822559,0.019205623373442036,0.04251878685277532,0.031115002271081466,30.905547455633517,45.5382433510822,27.679884025781494,0.049899944339876656,0.03227240012736116,0.03999627377202383,0.014162854242928683,0.041682561216989586,0.0690174125725959,0.04543125112380685,0.04042712550928434,5.057713758458478,6.760168518345381,4.953899007523125,0.02175616151486004,0.012978361408475936,0.10193320115516293,0.0013640077862905812,0.007959943825582239,0.002879732282078035,0.02896905566449476,0.026014050353680745,5.806732884644206,5.875359625388683,5.805649331644789,0.023720046028294473,0.05932227583715638,nan,0.001750604699684662,0.0009828458518276735,0.00040422605533496343,0.01907344006570815,0.016306678501942368,18.031971647025944,5.875359625388683,-0.05344316949320005,-0.14493307609129605,0.0020372702804055264,0.0010807025853531438,-0.0004927589976767122,-0.02163708947237541,-0.0005197388250773294,-0.0001425187471338235,-2.715693999526417e-05,-1.809903175664651e-06,2111.0067759493068,2111.014636060515,2110.9178528029793,6.2900781415464735,0.007860111208174203,-0.4225786273659651,-5.634444879988678,4.565566764392477,-0.056319587044981745,0.07525102851383966,-0.4468197208889251,0.08606795084650783
108,train,1521.6315074101842,70.37147071573295,0.6789501185856734,0.3651241767389225,0.001,7.853491199253353e-06,1.4500069005247176e-05,0.00019308140612143255,False,0.19719292672236072,1.5471864402850315,0.04223490435393473,0.012281793369472105,2.456561545795442e-05,2.0816634180955585e-05,4.408908034090753e-05,0.07172896229683283,0.027731606071602924,0.0409981608488607,0.02342470009121271,22.357172729980743,38.5406514712231,-13.234530947857769,0.020124846936102836,0.007838832368475178,0.030542372594337598,0.0062652516678394325,0.016159179506115066,0.027576992640193324,0.010597311242866557,0.01649665666997119,8.316936629493503,10.434771850074867,-8.295382634600369,0.01980520236026928,0.014939054306348645,0.07232911862631981,0.001441870332284338,0.009361010240794023,0.002790430418761714,0.029402247028087688,0.021710621825432704,10.487892028364818,10.580857618650953,-10.486545727373109,0.02539242369355499,0.10588307659044882,0.003585851339717219,0.0007944234412521622,0.0006776382179098142,0.0003097160665667419,0.009328333048989376,0.02009650645081402,14.678859122111005,-10.580857618650953,0.025702256504585422,-0.0010682446293863996,-7.444905329711265e-05,-6.611910345619571e-05,6.782108045145911e-05,0.0009987942401633065,5.8308367839438e-05,-9.362482116029255e-05,-0.00010144213770424015,-5.660390730577447e-07,2406.156417293487,2406.1542183347055,2406.7212861023386,-10.580678441246619,-0.002198958781264082,0.002019781376930041,-3.073806052314012,2.553164425515573,0.15430408656993677,0.14920111001209782,-0.000877354610565817,0.007637679639804474
109,test,1649.530640473596,56.59860386939943,0.5883042394915042,0.37121324053457067,0.01,3.2397190765213024e-06,8.710881349820275e-06,0.0014953376928211774,False,0.127827851983161,1.267678237875998,0.014194892003406992,0.006763842697943279,7.08897288819405e-05,7.661301697090158e-05,0.0001380168882935243,0.09103813168149451,0.014857595296791877,0.021236400193326826,0.021236274467626593,16.70672589838123,24.824137499154403,11.148015125688923,0.041780565826722516,0.02549355494001062,0.02297858371243461,0.013711426821405097,0.049242302275405034,0.07778974103002621,0.04475683714379069,0.038995407653845376,8.491609553311298,11.79560009490433,-8.45140990821288,0.012737590390807796,0.014018679719696236,0.06673462892722809,0.00491976762152468,0.0021816998133997096,0.0036541619036732594,0.027833696976099356,0.019890439160270224,10.959386192173545,11.111998868437695,-10.956227705746576,0.023502638733894354,0.12203403333636963,nan,0.004439415330671437,0.002238619162562469,0.0012277149692688878,0.0482300594705222,0.03563396845387892,11.605728286479444,-11.111998868437695,0.015969916753831883,-0.049514644070577554,0.00520051773767921,0.002734381664933659,-0.001384820723964321,-0.05826756094259483,0.00015720142526517552,0.000583168905856863,0.00015365269718346246,2.013200901540557e-06,2211.874931346749,2211.8701834794756,2210.909447349719,-11.113212984669644,-0.004747867273181328,0.005961983505130775,-2.0306596286027343,1.7453182604365505,-0.01727003882115241,0.028690574007617563,-0.0021376713511926937,0.0008003914225116465
110,test,1548.7992311409876,64.11906322020823,0.6249410418616974,0.36886331957332974,0.01,7.122404999834065e-06,1.4549634882225049e-05,0.0009079329759041722,False,0.12436937579037713,1.0054996088372263,0.023840326370809697,0.0064706180677633895,8.888462498523764e-06,1.0245769422696908e-05,2.102674192309458e-05,0.08390550509169481,0.021334597853701332,0.032246894553855744,0.022921193078849367,6.400947443638261,12.70150784941552,5.722030694350933,0.010217131084105713,0.007171989765028772,0.003503690453155363,0.0012384561084264854,0.010553778707355474,0.014536414689739286,0.029300086349889936,0.011050736012265886,12.08624644595239,13.836014216996318,12.048774074254474,0.02005738855619521,0.023661536377148882,0.045802248712857964,0.008557157590820496,0.006716380359283793,0.007909086444385078,0.047068263584831065,0.02328577884488788,17.448702242621668,17.57292489449219,17.444353393830557,0.03758774437492285,0.11127107509045273,0.01725009663869237,0.0052128655777619924,0.003012358296989982,0.0016139842563282888,0.04975540820346638,0.03135263134394862,10.737767399028943,17.56346614740005,-0.014835935346179252,0.021560309650409382,-0.004938579470026725,-0.002935827634987127,0.0014914216198427897,0.047935152136826094,-0.00029668431629011955,2.1245738794694224e-06,-0.00014743097450745083,-1.704149717340897e-06,2244.4818754684497,2244.48220641013,2245.0649942252285,17.558179239910714,0.00033094168020397774,0.004955965809131158,-3.442224222920686,2.8559478841927586,0.2904534206554672,0.28719455078820355,-0.001734420147840865,9.635599424211615e-05
111,val,1503.701617739203,72.29255724581529,0.6872619200338684,0.3909531129921285,0.001,9.187476881020379e-06,1.617564898914731e-05,0.0001685155770421839,False,0.2293445617353133,1.7339348009268178,0.05252009717036293,0.010488755321274468,2.869285589991741e-05,2.5249085408095186e-05,5.1523808800476626e-05,0.05574915622563708,0.027209226009134665,0.023705270886452898,0.017794853145222188,40.96608617030932,70.53617363946933,-27.11424679131408,0.03299703220600114,0.018302978571988326,0.05433617444799772,0.011247015037298396,0.023948316622280315,0.041936982995698056,0.024728440625477997,0.02908331805012347,19.059821088896992,21.98095830945158,-19.03745555190249,0.034527323031132706,0.02458751714852671,0.13979902952024081,0.004438571381317877,0.011117012878889311,0.006191568022457052,0.020000343207816535,0.03435567369320805,24.46520093261702,24.730840214799173,-24.45981770385529,0.03948015597461829,0.23374830662772272,0.00685548145863086,0.0005675919215795374,0.0006838245892163964,0.0002187814091215252,0.007501401792740884,0.04159589796650199,28.323211328722316,-24.730840214799173,0.043490908580469535,-0.004953370248113037,0.0004691202530210561,0.00032552181606952825,-0.00013385066638543484,-0.004674278875777149,0.0001954929866784904,0.000264769119029158,0.00021114242335733077,2.1004401065116696e-06,2409.0330523243238,2409.032658950289,2409.7067422300456,-24.73232274439806,-0.0003933740349566506,0.0018759036338451551,-4.991044020341178,4.14369971382927,0.09223665574154438,0.08468444153619235,-0.0008357576298294589,0.008465514734649857
112,train,1472.8390550935092,63.88282603287473,0.6746506854136608,0.40681256453218834,0.001,1.3152910050209282e-05,2.469066163831342e-05,0.00035054556931354554,False,0.24373539956228818,1.9796667848993366,0.04741034497639884,0.0068918868315615,1.8515960942083465e-05,2.221129144609432e-05,3.29324792895392e-05,0.021227447137998758,0.03174856467465816,0.03788260852687032,0.015155380011867494,29.880898265107497,48.83470172699617,-21.134563668129523,0.05717722318539953,0.023864796838682735,0.05084167720920621,0.013792865772667001,0.026012107488641762,0.03230494690530066,0.09217356982029076,0.03983166067246485,4.077041377078519,5.47605522296908,4.022086000925226,0.013616920650001862,0.010402289836807114,0.043707091247923976,0.003550967718786116,0.0026829633056797,0.003828668902752384,0.010158721416442843,0.012388450404732023,4.613540670173087,4.741880630532705,4.610044810133154,0.024020409854747737,0.14811727016380044,0.03713803716373852,0.002033439156589407,0.0013760833909209264,0.0008471730563222875,0.019862793945719145,0.03489579947951513,18.053546081835314,4.741880630532705,-0.1329594888305626,0.03868852831231867,-0.0016404938656809573,-0.001195583929911157,0.0006492724588041089,0.016685071353076952,-3.3378101785723816e-05,0.00045250668694968765,-0.0001432744412989458,-4.899397944013728e-07,2332.737478016431,2332.7291633428426,2332.970775871896,4.801292857474891,-0.008314673588301957,-0.051097553353883995,-6.646995299241098,5.51289519340667,0.2027779118302533,0.18324123278232948,-0.05709986902184028,0.08137423874790808
113,test,1470.6723177521174,59.91205733210329,0.626727592792244,0.3765133989504676,0.01,1.4539139511566708e-05,2.9178016779997585e-05,0.00158372761930489,False,0.16337522843190214,1.4190360270736164,0.024472028352123525,0.011724414780490466,3.602605733120192e-06,1.0082565703680422e-05,6.279358383602436e-06,0.0360111539385339,0.027625450830783264,0.0674498362075094,0.021851067584441164,35.31496322082282,67.4572328548561,-19.21402085124477,0.03818233264433302,0.015462439463930774,0.04199223994862766,0.011960864325412726,0.021565552830892912,0.03328404704638824,0.07778213810256837,0.03367454695297011,9.80451480533262,13.542789526175056,-9.750050985441549,0.02658758431366337,0.012604997511040142,0.16034469210108268,0.0015096818916187549,0.0017542160002334388,0.0017374128249344884,0.007698506798194036,0.03094158452118392,10.983111271922922,11.07219258984378,-10.982311021611766,0.015368656111092172,0.09178347422210119,nan,0.0006259672998127542,0.00045227614080978467,0.00017440910898273334,0.00670950384674301,0.019949126123689896,20.882608173798182,-11.07219258984378,0.03513717772541165,0.03829485742255289,0.00011409939861184821,6.65052985832995e-05,-2.7709558240919794e-05,-0.001088313789812054,0.0003419701221929846,0.0004267694537012122,7.171131384682442e-05,1.8462361981441688e-06,2172.6743266499716,2172.666758184565,2172.755583158743,-11.070408099330962,-0.007568465406620817,0.005783974893802224,-3.9410656853042383,3.066339975077798,0.7321804842736128,0.7055928547064074,0.0036878610203530116,0.004032473252640645
114,val,1530.5662977097863,55.01010314223609,0.5706236740037597,0.3729885913458228,0.1,9.805345587516652e-06,2.259072560118977e-05,0.009635699979751096,False,0.10597437625093203,0.8825563122863969,0.017208779090863133,0.0058992991247368565,1.7023095045274917e-05,2.107783770638239e-05,4.168350210436451e-05,0.09331841399361444,0.01575205277007362,0.0675649615910986,0.02945253546494045,33.97198182263484,50.51033184206972,28.57332998230991,0.07032178420833202,0.03713333149938539,0.04170048158212084,0.01820862107708478,0.06165794848508241,0.1156886190687132,0.06585078400010519,0.05670663095208197,5.782059175032526,13.25424509748791,-5.057679058358406,0.015193351392150944,0.019145218390446153,0.11161513536077537,0.001995516216949091,0.0020932129683263337,0.004129834708396808,0.012764646425125375,0.02529059401166986,0.4284221562787668,1.8507247506595377,-0.3943931219431645,0.017123826471514114,0.03176084125308137,nan,0.005375079740136735,0.002675275779130573,0.0012948532731665917,0.054336080544159254,0.019088426117934904,18.967922285739608,-0.33894715557767086,-0.01394018155391692,0.12425195022491829,0.005574455286840679,0.0027437826499521908,-0.0013563699415852029,-0.05615600627977477,0.0008471676592214746,0.0006641656145069576,0.0005246216567317721,6.2660728907815155e-06,2026.3901273801896,2026.384263552012,2025.231841954158,-0.34964788833258353,-0.005863828177552932,0.01656456093246561,-0.5538075354452303,1.918367440701489,0.2636440690719155,0.2668649679592775,0.02380439810463031,0.0011231121579144518
115,train,1656.2860717444282,70.14403879093054,0.6679644477602182,0.4288357234380183,0.001,2.5480965851742203e-06,5.751875833045065e-06,9.896784411641461e-05,False,0.3131598186334243,2.224291819896507,0.07443202299185753,0.009902147742062217,2.7026829323753075e-05,2.0397994946698178e-05,3.2874409850009465e-05,0.05926733347053307,0.04713530049167172,0.08207422140744138,0.0314261924339611,81.72142721692738,129.253833334099,-66.53279677296001,0.08309806901940497,0.055179834832977386,0.11343841576128827,0.028808892079446372,0.05673258974807558,0.0527529442937149,0.08761334009204179,0.06575433613459072,8.79822026030594,11.983740582817518,-8.705576697357913,0.011984229055839069,0.009338686200499309,0.11198439532771214,0.004693317194723898,0.004695437939488302,0.0049539844937608445,0.01200021856243986,0.024611006619770722,10.590080472800345,10.640815069983091,-10.589450779777216,0.013815197209989805,0.047787019132123985,0.006494050150268855,0.0033212257894891916,0.002414303964256246,0.0012823507015176977,0.03853178354303066,0.016638455546781106,48.693768044685456,-10.64080214262367,0.0011325014930779922,-0.006112914991276057,0.0035992658191066566,0.002673929234153627,-0.0013681660347006476,-0.042388266520919815,-0.0002147118602148158,0.0003215765666752699,-0.00034386928412709247,-2.3435666809401567e-06,2478.8246069624206,2478.815024243427,2479.2100747919126,-10.632608465671638,-0.00958271899344254,0.0013890420414099935,-5.347258005262574,4.438918633192992,-0.11312954693357824,0.10928756670067966,7.210466492324485e-05,2.0018572479822865e-05
116,val,1687.3287058467495,54.38609286962383,0.6090015142782265,0.38491934294529984,0.01,2.475933948223112e-06,6.736729322748543e-06,0.0004998506045453728,False,0.10589069657834806,0.6894185596900115,0.02476228025395302,0.008559081865869178,3.108691818702291e-05,3.258491300190452e-05,5.09517277029332e-05,0.07736134614809431,0.023579015740248177,0.052730652361100826,0.02563093963472253,5.87874076975957,14.751314340329827,3.230079736734626,0.012483434384905179,0.0045655208950269,0.00525251597580823,0.0027235922293349603,0.017933918019859277,0.016411091752032387,0.021818230510493093,0.011450811563759142,15.052639231821713,16.267099412913467,15.041637827377206,0.02629573379031358,0.01564468850483352,0.09818051183362626,0.00855780337567348,0.004477789852077468,0.008329676577765573,0.03452774226164836,0.028286368734270775,17.45968440627293,17.531981150389583,17.45785638734894,0.03691723709149386,0.07307590065259256,0.08240648343842386,0.002786347012187219,0.001536423296024273,0.0007820281602114728,0.028451102305838822,0.031506380810879704,11.02453425506752,17.51805474964067,-0.021230968125570595,-0.08434745007378303,-0.002521569981448854,-0.0014575597659044735,0.0006790908448536468,0.02641612010373419,-0.000788650973385374,0.0009522509514277005,-0.0005605986255642401,-4.477848195905132e-06,2320.4815312874352,2320.467260090114,2319.820449945142,17.52950996196705,-0.014271197321249929,0.002815984994867904,-5.199086637056553,4.328314634005968,-0.19452059778313924,0.17213446142760072,-0.0015310200133171747,2.8305767754373542e-05
117,val,1498.5953950651142,53.084846751805074,0.7073858070891964,0.42398375066112404,0.001,1.2400132395012113e-05,2.3681495870178827e-05,0.0001335309161153357,False,0.2623761801015985,2.0349870206721334,0.05413191914825357,0.0052806526368947004,1.8933871050523217e-05,2.2086396075116323e-05,3.193506698172383e-05,0.028175040194611218,0.03261063468037594,0.036448169646330734,0.01621779997590421,98.76082892669692,157.37700009020955,83.72255351809824,0.12250364672302805,0.1169247188671387,0.18335197840891823,0.02889455443144075,0.0850653114890317,0.14147082207111852,0.09959834123047832,0.10921762108302102,13.721622746112544,20.009806679877784,-13.557738994335246,0.01906029401405629,0.02294923088970309,0.08460041199761104,0.0036517944337621736,0.005107655488938624,0.00521498939802718,0.02241882715901587,0.023990484894509664,14.378475027606594,14.458120767820674,-14.37755025360042,0.025223095235510584,0.10805214361072198,0.028150653009492377,0.0014199327323992067,0.0010433725474140374,0.0006431462733558621,0.014753165889193124,0.02567706901042943,59.613412944457245,-14.458114810473944,0.02670940578530643,0.030458991993769814,0.0009018366050100009,0.0007510854991287343,-0.00037634721731707164,-0.0099030566003725,0.0006117956292211559,-0.00010677076132837199,0.00035437746942718914,3.6793783040334205e-06,2457.4326558281246,2457.434858567345,2457.701028846176,-14.461033048588433,0.0022027392205927754,0.000715498893896438,-6.118231200551691,5.216684808778047,0.17426182262352086,0.16791217719860638,0.000530701145180501,3.032201064955154e-05
118,train,1509.984863518252,62.40308827958003,0.7059292718804338,0.36919100393214943,0.001,9.106498459405623e-06,1.745945811782677e-05,0.00010659370222334257,False,0.21777750203275553,1.7385833968965017,0.045346505787666885,0.01003823327097031,1.30054074620032e-05,1.5907806499318662e-05,2.8371032030760084e-05,0.05098129530304681,0.02861576190562558,0.034779558641204744,0.01907231668264487,19.126314529457293,28.654453308290613,17.275409649936957,0.03245396925064492,0.020568701765831147,0.027321746672827624,0.0046117003865588195,0.013236234604057952,0.029866761901110952,0.042504990835514796,0.023018356027650216,3.1657605256510597,3.5568892901087565,3.138085851114662,0.013580706592493108,0.005150447019084424,0.027912952615190476,0.003854716968762489,0.0028035692322495955,0.003213202993493875,0.03424185280995934,0.012862790273123365,4.334079253043772,4.384648809602368,4.331770963493532,0.013111454522612753,0.0443237509986229,0.0026917813092484314,0.003454275487438118,0.0025852725938373526,0.0014397066680723828,0.035499145108162204,0.014998988694230232,11.694264764665762,4.3846488095109635,0.010308976823826322,-0.0012193330064998607,-0.0031873929524170114,-0.002450709621498504,0.0013222527952944565,0.033315263646145205,-0.0005351008711192232,0.0002709373321316655,-4.890994902583003e-05,-1.4233745199154768e-06,2482.150104886393,2482.1525617052744,2482.404962023236,4.381198596358445,0.002456818881455547,0.0009933942710631527,-3.1042378406391435,2.626692588351006,0.3029496157914764,0.2899716665266482,-0.0001229992035405303,7.147545751304162e-06
119,train,1659.2905887345041,58.27534224656445,0.5622484813835644,0.3653736886406555,0.01,3.015081090590344e-06,8.337663450481925e-06,0.003309303760786414,False,0.16054661976355547,1.6121744551589927,0.017801107108322008,0.00882060884621172,6.4705569063192e-05,7.560115661981346e-05,0.00013103800355265759,0.09954335466060574,0.020380612696592776,0.028433060425156077,0.024771395418598376,38.806019410300586,57.96181262162918,34.07877521277606,0.08523850144680667,0.04679518207587679,0.06105053343905792,0.02585255432405795,0.0728030990766677,0.10587527281072114,0.08017737471448341,0.06542566940681081,1.7304608519081577,5.111319527659816,-0.600173983217099,0.010585809358963916,0.01183623932551534,0.02262578721940975,0.0027202989640126908,0.0032351705546798818,0.0018294695097002447,0.035613120453170964,0.012976681004414813,2.555786718324682,2.6092277353777718,2.552871009916612,0.012139085812078676,0.050913194873329015,nan,0.006239443957531256,0.0029928570336788425,0.0014299520794170983,0.06947244196449694,0.02620957798169063,22.31086202596167,2.6092277353777718,-0.045279032283400106,0.022447576069183264,0.006680397995412918,0.00316051945858733,-0.0015543273701131828,-0.07425931589533218,0.0006558238940537447,0.0003051639324986561,0.000489913383543062,5.1010828001629704e-06,2126.6282565981314,2126.628024720643,2125.4888863163424,2.930775228148832,-0.00023187748820419074,-0.321315615282856,0.4253091728051004,1.1546904883268827,-0.3142055499893104,0.2563682050142109,-0.3658708900952661,0.08193554447337427
120,train,1520.9645942479808,59.07277252724636,0.5636835126372444,0.3911661567090187,0.1,1.0201465114243541e-05,2.299763457519741e-05,0.012497737262271895,False,0.13496936264605955,1.0849925459046972,0.02471199941508282,0.006011470699433641,1.1585941083332134e-05,1.4242389260219603e-05,2.7749556023174268e-05,0.08295117689738064,0.013826017938598056,0.05988369674479704,0.026119078244523742,12.423013075887939,17.38617025001713,7.517483548002856,0.027741483495467456,0.01109354096028848,0.013247162739982997,0.006209934042445318,0.024970423512743263,0.058460503937542804,0.012933550384531972,0.021152519262922474,1.401205193762587,5.516247847568593,-0.0980209816622319,0.013132020188175275,0.017640414627424564,0.07320605300477026,0.002324999504037303,0.002498492411927879,0.004145080117782135,0.017597789231141445,0.0195688048161806,4.9436987460710595,5.111243250060397,4.9241338876339915,0.007629698274183028,0.06597843225241092,nan,0.0002931935889442666,8.573335011002543e-05,0.00012500921664054525,0.0017259965686730562,0.013641672995355764,7.260066334092439,5.097492120593188,-0.014407131215055538,0.02980025423353281,-0.00019682626028983205,-8.439079097909567e-05,5.284311480574535e-05,0.001718787023626893,0.001060069544047141,0.00011590661690596255,0.0005008280906187883,6.105521616284193e-06,1987.640010445557,1987.6361660515104,1987.663461969989,5.080641827780482,-0.0038443940466095228,0.02069468685931497,0.2819566388952808,1.9461828189629125,1.1158214703568774,1.0755497555186289,0.03003739991754628,0.0010862949268417143
121,train,1468.3025665562834,71.75151993039762,0.6953785579660996,0.4209064440840979,0.001,1.205507137740536e-05,2.1758319299551755e-05,0.00019122539365895816,False,0.2625459851375027,2.0278694244627786,0.06004166082767266,0.0062146806898781826,2.6878428724369715e-05,2.0672955261459518e-05,4.0808524225154754e-05,0.04278581655621535,0.02692639556667266,0.027766927270321946,0.016261249883570156,39.02570728748914,69.07106171761552,-21.78799472369104,0.033492692326166806,0.015854885829754393,0.05111199306810655,0.009815034024846724,0.027035477483119203,0.04521779721874077,0.03439775430288827,0.030572156987909316,26.12199276086478,29.161166594469705,-26.094208270632482,0.043053384970728414,0.03346107447590409,0.1708351944949757,0.006698241072378628,0.008024819680919447,0.008194468595727686,0.007993564127349183,0.039201227074542454,33.57863135683633,33.97850869606145,-33.57133188937578,0.06296874853460643,0.3453765959659101,0.009809426413010216,0.0009218586661935996,0.0007033083665698924,0.0004932337131839682,0.0067740941974999995,0.060679752887061296,30.542665344830226,-33.97850869606145,0.0708024108842226,-0.0063318328574894665,0.00124505360637194,0.0009625344018801515,-0.0004992906675347262,-0.0129872993225205,0.0004171713485251173,0.0002097404942246619,0.00025942018842377057,2.918012471653242e-06,2393.1703382714227,2393.168894000172,2393.499540874315,-33.97881044681071,-0.0014442712508753175,0.0017460220001339621,-7.378388653593902,6.227367990820852,0.07864357831567759,0.0677978082080722,-0.001002592656732304,0.017402051697731926
122,val,1593.9176431683522,53.35175822139884,0.603069192406149,0.39780519960904415,0.01,5.496857608109938e-06,1.3691900493680175e-05,0.0013678142200250372,False,0.10355741869134812,0.8553192596859844,0.02153161220282287,0.005221110986117772,4.441272276171452e-05,4.658184430872634e-05,8.149339003513421e-05,0.10144741070124395,0.014560521199275298,0.027341269233659694,0.023920281515214085,14.914887647121695,26.74305129813183,0.7829485193404354,0.030426205436008047,0.013929590058706953,0.019683902080507867,0.007373953490445663,0.027998931807313266,0.05913476693090473,0.025992096164853807,0.025685540088788716,9.276692185688402,12.94460842833314,-9.241855271986934,0.01959846585140035,0.015040235108519179,0.10152156481158169,0.004418750761309118,0.004378940135016989,0.003666978708189129,0.03379539597906798,0.027136977583947345,12.41301312673097,12.576564071111079,-12.409147713009226,0.03106497734575564,0.1329116126993379,nan,0.004091126376151548,0.0022678184176152943,0.0012604484178974271,0.04348500228574303,0.03680320163934904,11.315929481517903,-12.576564071111079,0.020340596336058364,-0.03557388661838133,0.0047420477482643985,0.002760837989432732,-0.001402755812192848,-0.05210120976325766,0.0003506454502700245,0.00057297064161916,0.0002527861595614439,3.126471303405154e-06,2203.968280253594,2203.9634730108246,2203.0889373521018,-12.576430027144397,-0.0048072427694023645,0.004673198802720435,-5.528293080260028,4.439155631339094,0.23527079477571533,0.23796662686822284,-0.0004681007981162111,0.0007127052821028112
123,val,1531.612574086662,53.04653553857329,0.6165778505110415,0.3576081427664543,0.01,9.402883766663342e-06,2.0891461915713636e-05,0.001532881128736526,False,0.1034508288955327,0.8706337405124032,0.0165971084541038,0.005206118990544351,1.9585036075831656e-05,2.0116922628160874e-05,4.7458522371109034e-05,0.08542857177796276,0.016414856991437,0.06036761075677442,0.02704970000120821,13.304556100956418,19.20052766216827,9.342473933115048,0.024626304018600664,0.01963487277925759,0.013860875329640043,0.0072726278589907364,0.023371022267108535,0.05253474316137698,0.016170793681297164,0.022140822512945177,4.7168082836800584,7.638651359732194,-4.563420056976711,0.016007483848211823,0.010351554411342187,0.0862149445281716,0.0006643785046202103,0.0021001907205652395,0.0017040788942058191,0.0065311960367861795,0.01792772384928187,4.561747551302995,4.588914364516313,-4.561617655012478,0.01453025669306518,0.042718765044035704,nan,0.0007227707921231048,0.00043006469671640123,0.00020550129908337034,0.00744898601292831,0.01030521756897738,8.405519056907677,-4.588914364516313,0.022434871115704063,0.010736020473329637,0.000716929333648689,0.00040057251219416547,-0.00021952406270141393,-0.007229660971593422,-3.984007608897011e-05,0.00022864808739801463,0.0003509476237126864,2.2297146944350033e-06,2200.0590289890083,2200.0657388739164,2199.782794391436,-4.6004038839737404,0.006709884908104868,0.004779634549322509,-3.100899917533752,2.5800617870728173,0.3034625602927008,0.3085337852397432,-0.004718304543985141,0.0008921078741425805
124,train,1582.644538211873,51.21658395012956,0.6552471950171734,0.3969274077959057,0.001,6.353585066859502e-06,1.3950991549205486e-05,0.0002724901113804372,False,0.09226989306698771,0.7507728746159046,0.019374503443560044,0.006335081918095398,4.156415936278574e-05,3.469406213642521e-05,7.091377140655708e-05,0.08231536632467691,0.024743202903728702,0.03175309163548436,0.02315980547613262,10.99041023286783,19.624316676147828,-4.779541828801189,0.01603720859698443,0.0036893418155845605,0.020681896595495696,0.0040407976215208665,0.005888835849574156,0.01977181641797398,0.02804279487656655,0.013685913862785969,2.1690394923908918,3.667928659693189,-2.1134396025517828,0.007804372469711218,0.007981603742201646,0.023560329415333054,0.0016945108053928678,0.002086023275982236,0.0018888124696926991,0.004845152441429722,0.007009405358338705,4.480557876225241,4.559703979512506,-4.4793217678842,0.02296927335739296,0.10108899323688456,0.0362556105487955,0.0010374278483256487,0.0006448290958991748,0.0003854883253659429,0.01073759191682434,0.025024990162015856,6.984337466358226,-4.559703979512506,0.09147672392249587,-0.035907723523375644,0.0009080669179339502,0.0006192800307407481,-0.00030557437212344005,-0.009865475287859743,0.00023501938997221787,0.00040817145630580887,0.00023573161796753745,2.511567518848068e-06,2373.9905800858146,2373.9886327750523,2374.179603323074,-4.551632922559747,-0.0019473107622616226,-0.006123746190496604,-7.370891828036747,6.036712584191129,0.03782213183103522,0.038209379920134325,-0.008187555545191572,0.029099747653312153
125,val,1574.3154748121708,68.01572649361992,0.581256873770121,0.3750819367083241,0.01,5.3481911230006e-06,1.2377382731552407e-05,0.003518831263524067,False,0.1205265279926699,0.9927877586717386,0.02460233750432729,0.007609418988669958,2.151673672114124e-05,2.9996737657202792e-05,4.866193761600721e-05,0.1060765135111803,0.021897982456200702,0.030467123432966606,0.026423632468723663,57.477792426334084,87.61290849051693,50.327077789336755,0.09660892942841004,0.05605792896082739,0.09014080259754842,0.02751110716678004,0.05702505328709861,0.1120291482932608,0.11789507024631984,0.07677651842530585,6.47756205198241,8.820908590899307,6.071327252080056,0.019007751857605726,0.01888589673348145,0.0980993208606519,0.005625063276152971,0.005978841979449292,0.005317128140240069,0.03708554836353145,0.028498633225584522,11.375823896662315,11.576707749055458,11.37231462625159,0.04034376550325103,0.18324474251083933,nan,0.00538908873542925,0.0025483757938450846,0.0014831245197348003,0.047999190272103275,0.04813290436639035,33.85893471231116,11.576707749055458,-0.1650278525628607,-0.028931510157738843,-0.004944576459365562,-0.0024352472368313035,0.0013101344544368494,0.045082204791555974,-0.0005875066662768555,0.000222419284631847,-0.0005419599663992929,-4.604116582318518e-06,2109.941868272158,2109.934303042583,2110.998295604117,11.941859376931461,-0.007565229574993282,-0.35758639830100947,-1.9303287847851607,1.7440551374858202,0.13659364327895673,0.11788106512796614,-0.3620808952923653,0.07453988857073292
126,train,1626.4674034938682,50.50880999107109,0.7078999691883545,0.40578422154604266,0.001,4.2885289599914896e-06,9.33667000922984e-06,5.717904325172175e-05,False,0.24974682875709814,1.9490069413484434,0.05741994059980453,0.01369907158011685,0.00010047287980462101,7.52586776892256e-05,0.00015847596865572187,0.09249486167784123,0.032700618246124524,0.055849842015230154,0.03022992157755758,39.83255408905292,61.78871924827399,34.08569381529409,0.06246179973344934,0.0543060440289892,0.06779686815543787,0.015730848914770702,0.03985679338196075,0.06969373772902883,0.052713759289680834,0.05001634191664469,12.02236475561884,13.990721821302486,-11.998894202816352,0.016693072049263513,0.021110631868920093,0.009102188226601757,0.004142996746982594,0.0034512304590515477,0.004098999944409862,0.02703396805991758,0.011490002550980573,13.866411613659569,13.935879662446041,-13.865081901857012,0.028548067158912005,0.08805906991936033,0.040794812047218604,0.0027997488009227803,0.002114891451537464,0.0011922794965882214,0.0316099726241498,0.027761795723296203,25.444953077049256,-13.93585685588414,0.011285007330150629,-0.038085536930766745,0.0028431339045559786,0.0022617787952612964,-0.0011552636206370764,-0.032964055663260314,4.753147765257541e-05,0.0003677658917863297,-8.913469142334957e-05,-5.2196656774583516e-08,2581.3450066713135,2581.3378889477467,2582.4317970701804,-13.929142607490121,-0.007117723566807399,0.00040347517278860323,-0.49442639997960214,0.5119826165943736,0.08980752642764855,0.0858748939820941,-0.00010577108514553402,3.060887902664111e-06
127,train,1546.376644106173,53.019554390190464,0.6503554179497624,0.398850736415566,0.01,8.235905020023937e-06,1.7852581577905342e-05,0.00045037791323354213,False,0.08427383483937231,0.669571395333378,0.015480743201865281,0.006539622443733073,4.294461387982351e-06,4.192539241348255e-06,8.234716971403764e-06,0.06883022321743086,0.026658600739871693,0.03809863749878639,0.022267363862281616,24.532139421883894,40.871648404264306,-17.360468195203637,0.03281842626813003,0.01220918929484129,0.042571517196407165,0.010311698365041484,0.016323993985356652,0.01455477628231858,0.0426537538126287,0.02310415482276565,3.6217253832089025,5.2958960496180225,-3.562955781204054,0.013262672403377973,0.009697197437311974,0.07658327827079471,0.000945111418445683,0.0018484168934161523,0.0015363955550482572,0.008530009491521004,0.01652340151108963,5.99993639568795,6.029730304246186,-5.999450981182828,0.013860468070627796,0.03724035537980973,0.0072131557773502724,0.0020473368885043637,0.001417947488377227,0.0007466354485144122,0.021332968819161528,0.011666399966952923,14.996035645376027,-6.029730304246186,0.01771244895830699,-0.00811586342882092,-0.0021534033001858748,-0.001469022471941095,0.000798976150946387,0.022231250935000987,-0.0006011185934673848,0.0006756770209250224,-0.00036925427868251317,-3.13672931473441e-06,2322.305234574329,2322.2963299460507,2323.0766437093407,-6.022774579038014,-0.008904628278287419,0.0019489030701151933,-7.272295624538401,6.1025809687911465,0.0898618779010576,0.09120412400719895,0.007684364093165641,1.1645098211964334e-05
128,train,1506.6696113110272,53.189084290753904,0.5907951451130831,0.4186834907708854,0.1,1.2406838350247824e-05,2.7819982431777595e-05,0.004915095579668154,False,0.1603277691745003,1.2560820884009445,0.028695330869917483,0.0070589026307159575,6.291446891034559e-06,4.394036422840774e-06,1.362898080181093e-05,0.05564030716859046,0.023033953917890412,0.07906588728956988,0.02629407714002774,31.892881602007993,59.14550703096893,-16.092936299530095,0.040392184692352506,0.014691447508375147,0.03958745684465885,0.010943601891475398,0.025611520325267888,0.048133070075054976,0.07350460083061847,0.035411949579241785,16.35815001633359,24.257252095626427,-16.16060030463385,0.03025667535210186,0.029690762472281987,0.19242759015190425,0.006918079700729117,0.009654358739213116,0.006096861234352138,0.03634166461404817,0.046854886152088125,20.621339299429565,20.949446471283864,-20.60888074806828,0.033037545714539984,0.16800207466173267,nan,0.0004165187357516709,7.390439851895899e-05,0.00021317220253508855,0.002344460360599409,0.034210026071827555,22.263301170849022,-20.949446471283864,0.05627949775628783,-0.08412792496406586,3.4500881263078955e-05,4.9583167149108e-06,-7.093880326837599e-06,-0.0001891170906702223,-0.00028162476119586845,-0.0005871032881264273,-0.00010466459375939804,-2.072637693917301e-06,2068.8493051290097,2068.8568185212675,2069.0342535501886,-20.966416685544573,0.007513392257806117,0.009456822002903209,-8.234992364274149,6.646768166398654,0.6704793007293119,0.6597477759067629,0.04203294035914951,0.00018438357783430266
129,test,1608.7137093244123,71.4384994594397,0.686040902156585,0.3640084273313744,0.001,3.506915113789845e-06,7.330268205379519e-06,7.87602247373242e-05,False,0.16149111167388924,1.463054825021345,0.023817578886771364,0.017516839825345798,2.01817643453654e-05,1.6926373474217224e-05,3.7834635735887006e-05,0.07535198248097609,0.03617503196907324,0.027801691782254303,0.023233941500976518,81.88168745158215,129.6243895860789,-65.76290206778545,0.08022901708539965,0.05624671087171936,0.10596194371047822,0.025984703389703052,0.047300780048497,0.05282503985775196,0.07536874440009222,0.060614653713040305,7.937043561854493,11.352656411807402,-7.8752765376304525,0.016670478249362075,0.008524394124144645,0.11672343565352616,0.005444484821257868,0.010156473798156138,0.007142596674498195,0.009709119024898443,0.026283417349413574,9.887998378003934,9.94810889947712,-9.886892663430675,0.021917795772831816,0.07019680256865687,0.008224799059460365,0.0018624930635258955,0.0012581409043622926,0.0006389992575888692,0.020569467241570313,0.01712511701586077,48.980762709735004,-9.948089616020297,0.02965507876614579,-0.005758647414764747,0.001902005346183549,0.0013544479162186304,-0.0006277145531366371,-0.02163272415734097,-5.940923414820499e-05,0.00045088462967731515,2.8613373090379607e-05,4.942015630060581e-07,2511.956788079169,2511.952887005938,2513.202199914979,-9.945493718666967,-0.0039010732311908214,0.0013051758778601652,-1.4505134728251505,1.446269007054484,-0.10116598636523122,0.0920052675500686,0.000371237447780004,4.019326532549115e-06
130,train,1456.7716711147114,60.24770208646507,0.6473788825627954,0.3769287290890834,0.01,1.6583249328052538e-05,3.125320022114372e-05,0.0009504757307857905,False,0.1721733364657698,1.5250216841780002,0.02392733918979199,0.01498665567849855,1.0778474145222e-05,2.3095199303120663e-05,2.7565879750869553e-05,0.01826051549730519,0.030707032589444665,0.05734707280752132,0.01772934340791173,28.687336189701778,48.43883391076952,-14.68438757519985,0.035379977431517884,0.012388751954904615,0.041140545751004676,0.009770175649306838,0.016145458182723397,0.02668806425860498,0.06186110566066453,0.027999016909534838,8.88757341430224,11.154702055598591,-8.865853409144322,0.02875884966281017,0.012551757737682391,0.1495822208020285,0.00037913136553662966,0.0013773768114889475,0.0008426868028034468,0.007128698372539446,0.028643645315346553,10.324144440313445,10.3619907628904,-10.323851300168418,0.01762467062882256,0.055430086912508406,0.07866193143186284,0.0016797011520275165,0.001135791323294323,0.0005760959267208822,0.016969098102756118,0.025742117474861683,18.17013074975302,-10.3619907628904,0.03099588541823755,0.04893700693205742,-0.001454938524638833,-0.0009549754832078936,0.0005236928968205351,0.01451466488233959,-0.0006610258022288226,0.0011072507240068128,-0.00015041759032992112,-1.5087878225683582e-06,2232.290441678642,2232.2833964286247,2232.8873690741525,-10.358901753345435,-0.007045250017199578,0.00395624047223464,-4.6810397926305995,3.911864052330791,0.4648865559420301,0.45066819088649673,-0.0018930629030364798,0.0003071803296026059
131,train,1512.193765455151,51.35389652272662,0.7244992614119983,0.35953503338291665,0.001,1.0989916216722572e-05,2.0666535898889102e-05,8.09810938192285e-05,False,0.24237976369502628,1.8951853368616867,0.05076083514270667,0.010851889288491456,1.1478911256602632e-05,9.292778298814667e-06,2.744478723045674e-05,0.06229139507139013,0.031612534652692155,0.05306896244798127,0.02450351810814157,13.00021554538451,20.06322390422838,11.427866594847448,0.022337820021423482,0.017851211483401734,0.019875849456808405,0.0031025063776388305,0.009638582289959934,0.025087434077659836,0.0395380390022295,0.019182270447949706,8.23679017970127,9.505766743267031,-8.222261352567182,0.013585823050487722,0.026344398944132662,0.01383460946448119,0.000814222405744293,0.0032910800245408035,0.0013490586494037406,0.014780656754867056,0.010069004373861623,10.604647103730445,10.668734312449487,-10.603280410026661,0.025547653566746487,0.09240686785005592,0.03895762063386219,0.002406734810781263,0.0020481733225914353,0.0010579658443036078,0.026570357032070707,0.02724128658227752,10.028884265253206,-10.668702528837457,0.030565640106865452,-0.03806323655371447,-0.0023769098746618863,-0.001915539650410557,0.0010831281799307192,0.025543928015845107,-0.0003059960213364214,-4.0524562167426265e-05,0.00026817827389981976,8.409854483915069e-07,2545.095709363119,2545.106587072436,2545.8015403495997,-10.680063334195438,0.010877709316901019,0.00048309604107998894,-0.4942433870255627,0.47915939319336265,0.24656928180729665,0.23643716716121654,-0.00012526555838121567,2.194899973489734e-06
132,train,1580.3756491060967,57.23953160629242,0.7094992146434632,0.40716528673213237,0.001,5.508690856613414e-06,1.1389267161232689e-05,6.852125887677854e-05,False,0.14127065772460418,1.0612573754895038,0.03521194723301461,0.006581172549611658,2.0165177573939905e-05,9.350619831348911e-06,2.260526310600439e-05,0.07853227187479243,0.04144076937156401,0.04017339872394442,0.026699760171802023,2.893646536342462,4.308581136669545,-1.9232651000209045,0.010508490903695433,0.0032710407981172847,0.008923909414837883,0.005311789739471161,0.021732297112621427,0.0056015884270065345,0.024220569295098884,0.011510199131192195,0.4507478325874912,1.188729685260114,0.0578385837817958,0.01074629017792983,0.011521934197238915,0.02942330120608048,0.002923349553817373,0.002187816092304557,0.0020451936327922577,0.02821054003897298,0.012718689120201092,0.6394286990576389,0.6449972675609388,-0.639323602320937,0.010447101568693995,0.018829165532649995,0.05266006605273413,0.0036989849132679584,0.003004687045675445,0.0016281137433465692,0.03919720204720724,0.019836369889146888,1.793102368878025,-0.6449269395188821,0.01334619927976903,-0.050833796422779395,-0.0036475854320362046,-0.0029601561715327895,0.0016284894097659765,0.03869378974783897,0.00014756407501396302,0.00015024868379994802,8.746670024809332e-05,1.0839854154287565e-06,2544.985101330401,2544.983619393765,2545.5167699591843,-0.644033100265915,-0.001481936636082537,0.0005880973831153824,-2.605401338669253,2.266974723472182,0.20758882595373507,0.19758103255130807,-0.00010279100388288498,1.7984908131764434e-06
133,train,1661.5763158791838,59.242247868182275,0.63786606290537,0.3656498290659891,0.001,2.9125998683218846e-06,6.808979959577651e-06,0.00023064290296615406,False,0.19708697011731777,1.6562517807963104,0.02815210281333243,0.009019643986539094,6.141446022822476e-05,5.7833771515327936e-05,0.00011498800623292213,0.04776244283540265,0.008942853025810061,0.017653531279853998,0.012432177229840531,30.473596101242332,45.85855621821065,26.78273248278583,0.053648915601464786,0.03894330504099424,0.048151025908394256,0.015079444966625236,0.038761722323615015,0.06869879699963968,0.0673292402927037,0.046160589255328684,1.1420816831593124,3.397249435863614,-0.5517184714721736,0.011709476012239373,0.007895397597576863,0.026429714761462306,0.0011237759551559283,0.001997558829633423,0.0020471339932147726,0.018505453572203834,0.00966650578487452,0.29956139641290147,0.35143764929489407,-0.2987493742128326,0.012996589041607054,0.032951423336907204,0.03455981745717346,0.0006036874264417981,0.0003795836941562783,0.0002106750303370801,0.006779675212166716,0.012580810359530422,17.96279891505375,-0.3192153159784539,0.013402018718924859,-0.039756232577683535,0.0007510448637394589,0.00046695964125011337,-0.0002775321614637843,-0.00844733326372391,-0.00034227683799805005,7.266818663356441e-05,-0.00023784463908793955,-2.295333708990377e-06,2400.1562145956855,2400.1539408201684,2399.571871075559,-0.31818661271290694,-0.00227377551709651,0.0012450722515495727,-3.1385642138043295,2.549882061566875,-0.0012381543683659402,0.02529148763731931,-0.0011774021404562518,0.003685889797884612
134,train,1658.699725188588,49.9473685981442,0.6007155240249615,0.409004238900826,0.01,3.6763408128918424e-06,9.349047934494684e-06,0.0008644990111830833,False,0.3214756685340938,2.4721441639378554,0.07183400723144222,0.00668342479019346,7.837872872499972e-05,8.496014680120738e-05,0.00013795067031369918,0.13190622932062104,0.019099844078055105,0.051148280496691484,0.033742607240201256,47.30499149207821,69.49410303491823,42.15192385247673,0.07111943611157479,0.05504793871516803,0.07117844971046375,0.0203806993654706,0.04133504034313025,0.07960798065029571,0.048757761059977575,0.05271797830741765,14.799645248396105,16.43828687274572,14.735565521619195,0.023184599490223334,0.031203553466268925,0.09447645142243635,0.002973169440224811,0.010488753161317168,0.006643076056297301,0.02822219217336718,0.029001199286651957,19.422734558725075,19.53905617455257,19.41899078387549,0.04005601107075618,0.13549431807726017,0.04490043827011116,0.004959923302560861,0.003033759951046084,0.0015165582404461785,0.057867734156928016,0.04129545533305875,29.96878239842805,19.53281796919873,-0.04020003927036781,-0.046858454377414885,0.0051198151573662145,0.0030282322087345627,-0.001596162930347142,-0.05880684137460654,0.0001480493636696198,-0.0002738891930613809,0.0005219787239585821,3.216578128517611e-06,2257.461432244188,2257.475334055342,2255.659583684067,19.51571927591749,0.01390181115402811,0.00319688212721303,-7.915595558892164,6.547677551174549,0.14158768317383874,0.1443250468598376,0.0005615111285806051,0.000219650811063122
135,train,1459.8640554972876,64.05950960013523,0.55634005135805,0.37850555378465933,1.0,1.6969926879449667e-05,3.4267696481391185e-05,0.037247692585836704,False,0.18259639290346158,1.5439075016247443,0.031640376043703365,0.009803723816130372,6.989057306133124e-06,4.181780546380475e-06,1.2240204411576692e-05,0.036982406555761196,0.022522430816864954,0.05089239113427823,0.018403439924861414,67.8164055654116,103.22601201317775,59.257676697905424,0.11587503494453166,0.05097468154628242,0.09442310123546814,0.03267546903917458,0.09016020245702393,0.14455850290860003,0.08244075023309683,0.082538784569941,5.889868842221607,16.879650707355268,-4.029847415493872,0.018098055364048626,0.016677105070512396,0.09065373163400282,0.002077755686632196,0.011170110728980633,0.003933673067746376,0.04695039309677009,0.02857712821410742,0.4588754695204117,1.5626302369605582,-0.38242686306330437,0.022043323714537433,0.017780376606555317,nan,0.003989964459375455,0.0018187118656299238,0.0009141372613075227,0.03261910585001338,0.01142445920857632,36.99478893350586,-0.6248231876945738,0.0001535768880799386,0.0004125856610432432,-0.0042723398668387735,-0.001973728394926427,0.000956359753069013,0.035066052076463045,0.000670228480022423,-0.0013358016035958475,0.0002577745523755623,1.8903118232937999e-06,1900.6779789084464,1900.687647747551,1901.5214879714304,-0.6830532796618627,0.009668839104506333,0.04856125286278257,12.026970058768029,10.601614102574231,nan,,0.35122210814529353,0.0018595652252277504
136,test,1480.9761598508214,49.56544676061432,0.589668152021568,0.3831628156879622,0.1,1.7627794268535453e-05,3.644477517754591e-05,0.006870516155365603,False,0.23252225507542246,1.8374481860503238,0.04535183873519734,0.007547981806520276,5.1263552334022164e-06,6.086031828424307e-06,5.087700709951584e-06,0.03927271973460294,0.025121430493530526,0.06139299348687509,0.02096724063379672,40.41932823986549,59.59571189673693,33.23988601156994,0.08934120127607792,0.04441833693609202,0.04560616499893126,0.017676823204390176,0.07712635786503975,0.15850062939083462,0.06858756817795995,0.06865264676220796,18.43550069405508,26.8885149515977,-18.023219260429453,0.02660277051452553,0.019575483608496314,0.14927637046151282,0.005974419463771432,0.007415858461778775,0.007070878136491114,0.007155344161076033,0.03274472571552108,16.40548776350898,16.62288554511042,-16.400114696618758,0.02347380224955886,0.13335012081510625,nan,0.0015195920043864764,0.0006667475522749463,0.0004735687205020505,0.01321896558254133,0.029845798934962208,25.132268863399283,-16.605390547056913,0.04561815966959541,0.017606747089518433,0.0008804757636546978,0.00046582357928573,-0.0002352951305781055,-0.008240964950593762,0.0007081905507072619,-0.0008691013229618393,0.0005803128783854495,4.444322791119504e-06,2046.1227140624233,2046.1360776642912,2046.1344159765488,-16.629289910910757,0.013363601867922625,0.010535761985920544,-9.471884180252573,7.298537248572125,0.5349089375142739,0.5414205671047532,0.008257997926421012,0.00031258724986350426
137,test,1481.8808773570374,69.84639495540115,0.5957974227074803,0.38574572826732917,0.1,1.2159765389885145e-05,2.3782729545922914e-05,0.004381330580934485,False,0.2111069328783506,1.6856810030710676,0.043379748714083295,0.007698342222787868,7.034428728503844e-06,5.6460424295661165e-06,8.546290869288478e-06,0.05193104338346974,0.020365872732486957,0.053912356745762564,0.021038416603957766,17.261232358981086,32.14820989152122,-3.7415000581029143,0.027509568248752725,0.008290125154843273,0.020033812950121833,0.0067805165531234154,0.019343049118211657,0.040314632536756566,0.04052427144238323,0.022547734625906663,5.20770224692023,7.794285566914823,-5.15219685878648,0.01708310798968049,0.010503119026776326,0.062036656670859294,0.0012895779186521518,0.011372771264864629,0.0025260437830470607,0.03469670461042072,0.020404145545770032,4.9633537689260505,5.057520466963979,-4.962462191929023,0.01915537164444192,0.04672577061756654,nan,0.00516826229531764,0.0028895999421451207,0.001421394020269122,0.04662777977728989,0.020566561330517662,10.153601935582682,-5.057520466963979,0.030152870465121433,-0.022979896856666373,-0.00505943620862461,-0.0027939143159991203,0.0014011618389083945,0.045484067085707555,0.001270214532965839,-0.0010890055664060428,0.0006969494632024342,6.4762387153027845e-06,2069.5062487533996,2069.517124442279,2070.7784757239024,-5.084250359418093,0.010875688879423251,0.015854203574690473,-1.4096073695736777,1.3614936053467661,0.33954040430717214,0.3920819425650757,0.052946831170629594,5.833149790547819e-05
138,train,1510.2136893698435,66.72763628532775,0.5689871815428289,0.4195312996840791,0.1,1.0317885190535115e-05,2.1711240736819896e-05,0.010631824813832038,False,0.2240727550141727,1.64989219028962,0.05058275642934039,0.008484463538037668,5.111292450099636e-06,8.504899002883101e-06,1.1465980320011972e-05,0.06331496267395473,0.016554447099859124,0.03334779436448372,0.018873714385011762,6.226665453472529,10.23136152529105,5.221222814911848,0.014511100549894795,0.0038390525935790383,0.004465792119523879,0.001221411671831935,0.013245664282602734,0.028270498729636634,0.018312982753182723,0.011559233691726156,11.682361248362671,13.6794139288927,11.600563310394508,0.026169630548413814,0.023126376486419888,0.11457135122509905,0.009487890332710655,0.007089141723700542,0.007208474106499372,0.06062384848787858,0.03701784706038468,17.284948384464112,17.55325045893528,17.27268459520896,0.04598201111355227,0.10180321170268795,nan,0.012758697283233577,0.0065821279075715024,0.003372933225140128,0.10162983880910688,0.045229361785548004,10.863299263268013,17.53746127285558,-0.02773767751974628,-0.1970319094778012,-0.012502451022174916,-0.0065981172869311825,0.003233293720425415,0.10084390753844481,-0.0002593677230547873,0.0015693882895989743,-0.0001973097284033686,-8.891513059161582e-08,1992.2544686389795,1992.2372722807656,1994.997705997265,17.530468555635935,-0.01719635821382326,0.024189075433469043,-2.3392805689968554,2.196729241700736,0.6603910670505684,0.6497893755905453,0.03341794821062649,0.0012678538623792275
139,test,1680.2587928340367,63.156406506598344,0.6631630712688243,0.37202518549025987,0.001,2.318085460292679e-06,5.331324793364853e-06,9.443175662802779e-05,False,0.250544290979192,1.6848259432822488,0.05704265334623583,0.011174610280628272,2.6695202385591638e-05,2.073572673895406e-05,4.251587858810734e-05,0.046590227963045565,0.018364092242488222,0.044137418976912965,0.01819694766502657,50.2425384928808,74.26099775459761,43.70947713717604,0.06587882995440264,0.05942111827784299,0.0782337944263981,0.016889925139867094,0.03748380463167768,0.07736039618337368,0.10107264074350725,0.0617436132337778,13.315907022254828,16.291796371604505,13.215517239683354,0.025312309681029266,0.04293164969416458,0.06026524339551838,0.005801889138623291,0.004596558086711395,0.0075696163559768204,0.016729140842302558,0.0229823495855495,19.268793472506275,19.39662859901091,19.264985989973905,0.03155189187107599,0.16670730864954356,0.053010111217312285,0.0007187417754912303,0.0006480497164740617,0.0003149478375621506,0.00937853496558568,0.038462949026994826,31.62286610881405,19.396628598937696,-0.030938079042400587,0.05006016709867491,0.0008101966723792933,0.0005838609553596694,-0.0003380008936616236,-0.009851262754441256,0.0002941277766303303,0.0005965080140590952,9.767360813086984e-05,2.0296317537749076e-06,2501.4616766496974,2501.453317371791,2500.662822036573,19.403750715302976,-0.008359277906492935,0.0012371615412121173,-1.7955306100093367,1.5296024092236293,0.01144315960300446,0.018715599491903462,0.0003052511274290737,1.2201490636094343e-05
140,train,1518.3041792497809,51.99124819044498,0.7141916887043196,0.3991650772981565,0.001,1.0340008234616986e-05,2.0202460703263178e-05,0.00010139355675230592,False,0.19331450090282606,1.5016710036586574,0.04027602377006381,0.006502819821288419,9.42443396666894e-06,1.4069903850960905e-05,1.9292736603624973e-05,0.049297647790100714,0.03397563011832349,0.03592010096905951,0.019872694325317495,13.465124290755986,20.524160439080333,12.086110195150235,0.023330826641692726,0.0176651175004049,0.01423291471370754,0.0026502021403300427,0.013091481905187281,0.029485318064062894,0.027855002491821605,0.01749667280258571,4.715595068241681,5.347012654784976,-4.707061955601429,0.009027748372245847,0.010357969462670796,0.01399261583832005,0.0007627380762664545,0.0030920510707057557,0.0015697456321506114,0.007667333350206068,0.006240408905053289,5.695935148884632,5.718121562169472,-5.6957245285200635,0.013685647933251666,0.04109555281112095,0.018439571448827123,0.0011733988441971642,0.0009859299529051525,0.0005225915184527328,0.012748327860304682,0.012494228739301302,8.840232897201142,-5.718073718973756,0.009453846209653706,-0.01518203607335076,-0.0014539574812642223,-0.0011689200184539514,0.0006655381356437089,0.015403625165449715,0.0004025172068495721,-0.00026841639753408453,0.00019744033255180096,1.9952200440709333e-06,2504.90199122407,2504.9049464358286,2505.270660538413,-5.721600218686035,0.002955211758489895,0.0005712879537895788,-3.35744464440495,2.9116145340332547,0.2241827094976543,0.21383178358644403,0.00012849245194956893,4.068666489050915e-06
141,test,1497.425601150925,50.949601843146105,0.5663355784799814,0.409874713754339,0.1,1.562054129322158e-05,3.315701851158569e-05,0.018001455138112965,False,0.2320756363706239,1.7891623645707568,0.04443880641226404,0.0054006634316112745,1.2998487820945527e-05,1.0542292310105356e-05,2.4731274765622124e-05,0.048313322769692364,0.025169117009372678,0.08079388039102646,0.025720765370831362,19.55503169417407,28.17639308730122,10.126174496238663,0.04002030710846083,0.008988715624093646,0.016471438263464762,0.0059176807640697856,0.051772095582055096,0.0809214618284017,0.046389179028684537,0.035076761848461584,13.685867934055503,23.196091326216447,-13.153913344193588,0.02049245839949687,0.012626486612570386,0.1386316219887222,0.005273528159957739,0.011301706402815222,0.0060215929159954,0.035157212583357245,0.034835358110569696,10.570947871637644,10.871993064319213,-10.566770323225443,0.04190445849832947,0.14635660148130927,nan,0.003991001833897135,0.0018631020878665037,0.0011187570216765015,0.03616835546547203,0.03789956357804429,13.311895133687512,-10.871993064319213,0.06772000401713354,0.06374739164866433,0.0019420994341149134,0.00097715593813788,-0.000504871318188562,-0.01778116959058817,4.815572540608279e-05,4.3137210734507654e-05,-1.5565912711566957e-05,9.587328086979596e-08,1970.829522602929,1970.8280356662256,1970.5017747005131,-10.870044195670744,-0.001486936703486208,-0.00046193194498300727,-3.975410261535444,3.286499127538385,0.6916771509240789,0.6998413051140263,-0.025887665308800933,0.004494799834378711
142,val,1594.1737350906035,67.1278560654024,0.6305826182279776,0.4246810323849673,0.01,4.623302376193605e-06,1.007815026080199e-05,0.00046425772120345523,False,0.2279122445053606,1.7070818670320023,0.054880623749693,0.00792158550043931,1.942152499733475e-05,1.8918292049285703e-05,2.8124671899610538e-05,0.08681907549411932,0.03843262870729134,0.04058052208032035,0.027649781795112873,17.046551386123067,24.83576779821442,15.757207745325665,0.029990601723346444,0.023135998880925195,0.017327469749998353,0.0045135587407067555,0.00927627132928887,0.05622826393927453,0.05905910383958105,0.028256777746629127,7.439133328606667,8.438924299856353,7.385218634783463,0.01734589273815068,0.025079220399284514,0.03001166185613165,0.005781020597272448,0.003284431300023506,0.00767682338274208,0.029285659238908586,0.016853136129060465,10.929040737200742,11.021875812074086,10.92412162150664,0.021107660192411615,0.08578950796116949,0.03193621147111222,0.0012500334806462101,0.0007486756969017375,0.00045048047583327465,0.012392313261982956,0.022094537057940983,11.87230189041036,11.009241979173567,-0.03137109156794543,0.03226198656711205,-0.0010834861704273906,-0.0007215928919677375,0.00036404921445752853,0.01130050425305448,-0.0011831171494563156,0.0007335384267694308,-0.0007562155726746711,-6.980099580444765e-06,2295.014626543756,2295.0032041155405,2295.017774253069,11.017096469880926,-0.011422428215610125,0.003567937508250907,-6.47256603000551,5.4021032768594495,0.13236557665641158,0.13408680362592396,-0.005936870497862401,7.0670003417426e-05
143,train,1483.3216570731176,63.41757345398881,0.7060466402728307,0.42105901877689017,0.001,1.1842661388941686e-05,2.181854425748416e-05,0.00013641280180487573,False,0.3000105664599724,2.3332954970683204,0.06437808612307962,0.006259206812362805,2.547964955237174e-05,2.767332699791173e-05,4.495104112892014e-05,0.025276434481467252,0.03290642520283995,0.014792455568133007,0.012178903211686569,43.41899511899829,67.17377605005004,37.867856952849316,0.051520566963167536,0.04211425098541266,0.06421462268191405,0.010078192182079055,0.02835224902256287,0.05062964288417069,0.05222996221914199,0.04126981999588022,5.201517979374634,5.735441646408162,5.143861037431061,0.015184149047187345,0.015596223132907268,0.04422737921733558,0.004600226483134041,0.004279110313189725,0.006262502483892258,0.012721098955619549,0.014614423431013069,7.195950928391861,7.282900563907788,7.192352771151785,0.01515545993769507,0.08658584659315476,0.012281768960198577,0.0022339924213641755,0.001724435059595226,0.0009937657577228564,0.022616409029231954,0.021072702970211254,26.255950132161885,7.282900563907788,-0.0067212103328094346,0.015155673830673256,-0.0018824211883555148,-0.0015464436816579417,0.0008063226780488468,0.019773182787946667,0.0001558271314675589,-6.079061520309131e-05,0.0001863745967204385,1.504753925685165e-06,2441.0123366834755,2441.0156695043793,2440.875404339573,7.278491884308551,0.0033328209037790657,0.0010758586954580096,-6.338700749648524,5.401445140496898,0.24139332111280964,0.22874952876074378,2.4719072825973853e-05,3.1203043397984167e-05
144,train,1612.4467529533365,63.253008100898086,0.6916182898820351,0.3666159501033268,0.001,3.83637103263514e-06,8.105333249396392e-06,7.368441236133102e-05,False,0.1451374517050799,1.2700874603538068,0.020831999791305074,0.008407263296387857,3.980174117157764e-05,3.061952577405385e-05,7.110628048207063e-05,0.06093015659603737,0.02074379915578186,0.030736705262054093,0.01875869809355017,11.903000536386898,20.049001600680185,-8.640770284941352,0.0184083999474296,0.00557232267708428,0.02098439346212724,0.003835858697774036,0.014202272778346962,0.0062942632811307745,0.012119431203806848,0.010501423683378357,4.241915854429116,4.834109769346924,4.236541979348658,0.0130535155045024,0.010925156526507865,0.012714931812957037,0.0008369287994252052,0.0022722311926823275,0.0006705016632972838,0.011454450192765586,0.006479033364605885,5.814778706089701,5.859182642052474,5.813180761215356,0.006911958176946564,0.04197481367892569,0.0030878769140013917,0.0003334931104839433,0.00026972734641347634,0.00013834611773789137,0.0035972359597334766,0.008233582187882647,7.837821952483979,5.8591826419633435,0.004932333757860914,0.0009957818229929841,-0.0003337716932490814,-0.000245117110710561,0.00012689219495572493,0.0036656082045358838,-0.0008053973497933548,0.00019164685646655367,-0.00021287415147694112,-3.245652452465997e-06,2531.7974469693877,2531.8000398010813,2531.7394522572804,5.8556673654056794,0.002592831693618791,0.0009224448640452465,-1.2517441467493882,1.0743166077570863,0.06900929104222087,0.07063324053925249,0.00011626443438217393,2.152202451987664e-06
145,train,1454.1414458409868,49.133285083395705,0.5650530287475772,0.3902258289039363,1.0,2.401741224854051e-05,4.877398664074704e-05,0.029995891115017072,False,0.19433816199476106,1.485569845298187,0.03824156370677416,0.009925221276774643,2.94144194067475e-05,4.6400647883954666e-05,7.266015030157538e-05,0.07360960863036294,0.016642052644344076,0.011065425862961043,0.016910927059210053,22.5275215128174,32.046155362719446,20.457868259414113,0.05552936318402679,0.02157821965236966,0.01606686290612025,0.0036896460772118706,0.05034024873553357,0.10899961659138077,0.06544208690326325,0.04435278014431323,9.38119224960534,19.80322827406644,8.203249822593333,0.04353713121927649,0.06986221029239394,0.1452246668918212,0.013618432502935152,0.00748951528620355,0.01922420296195697,0.05281725093369327,0.05137271314483402,29.885895827717814,30.357214956477037,29.858820142125435,0.045260756359658316,0.19641126451447763,nan,0.0009485416459787549,0.0004369819593780118,0.0003499914395031714,0.006926488581025719,0.04101465362807266,20.440811153370397,29.57378742838864,-0.14068640965409407,0.3934577678846942,-0.0009562805469692722,-0.0004124112087816366,0.0002553832102186638,0.007734180426785788,-0.00019199861340233004,0.0005534046713919395,-0.0001669988085828783,-8.871068652993586e-07,1925.934051331107,1925.9272610533549,1925.861376864473,29.55634907211288,-0.006790277752088514,0.024228634027849694,0.37422130289087363,2.019430344154818,nan,,0.41618084173023817,0.0009761144662952071
146,train,1589.8312357556524,71.50784380888322,0.5679755092647195,0.38511476427930375,0.1,4.645068997223986e-06,1.0811101415789453e-05,0.0048115212854702395,False,0.13433375605331677,1.0991410888461814,0.02845241671249416,0.006386349442678796,3.8291613199123155e-05,4.516567146025548e-05,7.292967277411011e-05,0.11212753673669364,0.02557956041755827,0.031021194107907154,0.02814744636993209,43.581739354816186,66.50226114519546,37.77310500860785,0.09849698493069936,0.05130233420446838,0.0703845450930391,0.025847466925695686,0.06291094066072887,0.1261872881588149,0.12782116123417717,0.07740895604615401,5.770671287040267,11.653986326325139,-5.3995588867531445,0.016239874321745784,0.013393724292593497,0.01279005447890038,0.0016595524996417972,0.011083773129705555,0.0034732729910310523,0.03418575641017158,0.01276435563367398,5.75424834212937,5.878732615606168,-5.752022986128461,0.014702867890626692,0.045247567539527814,nan,0.001939780039940217,0.0010106221004911198,0.0004615995904119636,0.018871021650030607,0.013506118184080346,25.40284328317607,-5.878732615606168,0.023363528972172625,-0.06497379208054208,-0.0017961221240074547,-0.0008973224090264557,0.0004405097154017297,0.017187891765340257,0.0006017016606254077,-0.000861618468872753,0.00027944173544358636,2.3688602390770086e-06,2074.4400306838793,2074.447600248726,2074.94359472861,-5.905961854549787,0.007569564846562571,0.019659674097056268,-1.939461957862477,1.9833341210405138,-0.07850983362823172,0.03242254012789545,0.03887359633426968,0.00016283804502549234
147,train,1554.5090556393511,54.60235301701379,0.6097194797571445,0.3860967078835309,0.01,7.797603223160635e-06,1.7511468545231353e-05,0.001552133526407462,False,0.07358926307858198,0.6035448300738153,0.012283939102135773,0.005848119705329946,1.6341817681643198e-05,1.6395730406109772e-05,3.277201435538466e-05,0.08415309927647267,0.01908598534957374,0.04062615714363503,0.023988458555354097,11.467701025813675,20.616812258289883,-1.8255950749618686,0.01868500886908997,0.007465622674187009,0.01728136848247999,0.004946805579266515,0.012567228841237713,0.04245779465773226,0.01028212721919962,0.015833491242350516,2.823175325087694,5.35242087741608,-2.7515847850306017,0.014346389167736007,0.009760688288910083,0.09279224191543102,0.0014993934382487902,0.0028206181355707664,0.0028834579083146213,0.005266463974259516,0.01917047727678913,2.226394287642106,2.660825228072099,-2.2258032234714062,0.006859186327727196,0.007966590256784456,nan,0.0007192801141286694,0.00041380944138815694,0.00021952123264187,0.007292890090155006,0.0033224182270196316,6.826039538894616,-2.2153363058514515,0.010889716035173571,0.022713865174770226,0.0010255329254337169,0.0005948179575793112,-0.00031266726174637656,-0.01051411676720663,8.667502241932808e-05,6.204441389566415e-05,0.0003502158011423967,2.399149069409745e-06,2191.3985422011974,2191.405317231968,2191.0984019866396,-2.227174633303548,0.006775030770768353,0.005063296681328211,-4.707493954146685,3.776206226886834,0.31123747963374626,0.3099828904422417,-0.002826225952958339,0.001427894589310209
148,train,1541.9808697599556,54.80980357497088,0.7183192728492767,0.42121368737712905,0.001,8.545465968552533e-06,1.5895665886954523e-05,7.944814718951768e-05,False,0.1864709426304924,1.3458394073666113,0.044220477973463464,0.006055261924329258,1.5698839558719713e-05,2.1820938295742997e-05,3.640893229743438e-05,0.059764062198906114,0.04215372599943019,0.02575794410692222,0.02129161016923507,80.24112473254378,123.96451787596334,67.8666875400573,0.08555969474468905,0.08595637875913915,0.144269347208993,0.02014162586253848,0.05211275755678198,0.08984879882169865,0.11246343861073571,0.0841320578033145,1.2399584059055475,4.024462286505695,-0.453314149921522,0.012872448564248629,0.0069323900012472585,0.04504867417188339,0.004567829986905104,0.004168328045881176,0.006100190588851702,0.01951070747690469,0.014388020045278888,0.8194860214675596,0.8408364196584444,0.816114585706065,0.013241536656311004,0.017651947863141348,0.013394475447513378,0.0029608962136948506,0.002450842813058717,0.0013560651490023181,0.030907834730288446,0.01145367703611651,48.63197978542478,0.8408364190554494,-0.00011185138796522739,-0.009667092182623651,-0.002984140242226934,-0.0025019442790046803,0.0013789553568921737,0.0313418843443194,-0.0002474266252888305,-0.0004702676476338083,-9.857170025989018e-05,-1.7371616340966511e-06,2532.407252253674,2532.4135200873893,2532.680553830899,0.8340459133269178,0.006267833715355664,0.0005226720131759066,-3.082947483220778,2.701145292257948,0.2660393387386648,0.25249050712058335,-1.4918632132321363e-05,2.0686816471387277e-06
149,train,1505.0435176504752,68.8843678558915,0.5781585341408684,0.42355142616572433,0.1,9.66117189876065e-06,2.1359088568512963e-05,0.008465706138663097,False,0.19966061477399608,1.4709916302028887,0.045837017382159756,0.008220229636178189,3.887688983320857e-06,9.277835418613027e-06,1.1527358532761604e-05,0.060834093356399825,0.017014902171229893,0.027033321661911476,0.01748450167874598,10.822851699477225,18.449699881039123,10.238126887123634,0.01834451264913739,0.006466693815647224,0.0054613949044330645,0.001499825206601776,0.014284554100220259,0.020751899421402827,0.02872550142622103,0.012864978145754364,15.863146873524153,18.26446230748843,15.776320997665577,0.03091062235841413,0.027386902889346573,0.14495861652750422,0.010970183810405367,0.007855092581690213,0.009823839554912736,0.05650298546640211,0.042916270138376865,24.41401887470188,24.63612052237545,24.407000652741218,0.047849360611285086,0.12507390371257493,nan,0.012222603942377449,0.006604100982849261,0.003373409657741255,0.09935350766712045,0.04932550519253266,15.506652740161442,24.599697789991524,-0.036705159619775427,-0.09266353459415344,-0.01201766777033806,-0.006614876043017246,0.0032513864173333157,0.0987091731342554,0.0007168583498546005,-0.00037807779800486736,0.000757404829295612,6.060952158604138e-06,2020.3556095564934,2020.36801929111,2023.0058021594418,24.56675627390132,0.012409734616539936,0.020531781473664523,-2.5520524831636067,2.2200552170005246,0.15049013086604646,0.17138801254903602,0.05728608766708021,0.0004307545923792284
150,train,1566.4419516464889,56.370923390823606,0.5824578323373837,0.4109433631563187,0.1,7.0447405326475784e-06,1.6663702589663202e-05,0.004148596437659909,False,0.12143978869850793,0.9537180303930199,0.025496513279411676,0.006353083721046371,1.2860084961387417e-05,1.6295366223562553e-05,2.5691658688238737e-05,0.0905322435860259,0.01704566314926998,0.031403988778045504,0.02317279043720243,12.913055564962637,19.84341575929011,8.883669028892772,0.029920790809132125,0.01706345173430348,0.01272925538468328,0.004852354594446197,0.0238841001717674,0.06510579908384295,0.028985674649267282,0.02543677260305176,1.4397175803620066,2.8029341038482016,1.0862501154125606,0.011783663124921517,0.02215451632876675,0.06069272512223265,0.0026606562453779375,0.0057674838743628195,0.005706784313695619,0.009412350373553098,0.01773241937633148,5.3537961870179505,5.435815723309133,5.348728214253635,0.008734610466255788,0.04178565379691648,nan,0.0021150826741754823,0.0012052707509243616,0.0005876098526828943,0.021664360132369945,0.013471595441413834,8.001134162446439,5.354618507977193,-0.012975872962430227,0.05186986728731165,0.0023775452356561318,0.001314305987364689,-0.0006615498815370164,-0.024146543950690175,-0.000718617210647212,0.000869421101200833,-0.0005444892463647804,-4.251137875277422e-06,2099.518464453998,2099.5057334705584,2098.823975026814,5.357725597016724,-0.012730983439723786,0.009623894400192512,-6.119766182776402,4.9746214412051195,0.056550860969309724,0.10454871329878629,0.009969090112463164,0.00028579516846391164
151,train,1462.1251156984242,72.74886635479939,0.6770677748163636,0.4326283298412121,0.001,1.2794223008543718e-05,2.3375278653362905e-05,0.0003419751329804275,False,0.2327908584261721,1.7867168166242209,0.05407583708276421,0.007757674250943758,1.827476908114841e-05,1.2570363231920277e-05,2.569071391363605e-05,0.049916866047518466,0.02907643428797134,0.029163098352648582,0.018035489089060847,54.74859695591413,92.95192431226315,-36.89667882641008,0.044171876900524154,0.02984698284302526,0.0717349653925268,0.015288730813740036,0.030478882915674552,0.040777628745188955,0.06655908569915175,0.04244771273488456,24.90276909934272,28.488377672025763,-24.836118343983205,0.04384645760154893,0.027387841926886956,0.23132373433639683,0.006693359798069258,0.007897844643700597,0.007939608043795034,0.009995334160723133,0.048539620484928624,32.07429471594383,32.49457590551356,-32.07053444945586,0.10584506871462551,0.3700299478663474,0.0639759977369554,0.0010023503426638625,0.00036327488516187074,0.0005548239232125568,0.006688281239392259,0.07376911266562222,37.72423098025886,-32.49457590551356,0.41659123291848377,0.048291459531761775,0.0014491734015073484,0.001008625337389282,-0.0005694852715029341,-0.014500789093900047,-0.0004998237619672473,0.00020534819511879978,-0.00028466683869061987,-2.8506719181864426e-06,2323.483978542657,2323.481150308799,2324.328550286894,-32.44735109377416,-0.0028282338580538635,-0.044396577881343546,-8.522131481376618,7.19025312196514,0.13953642977958225,0.10926083692363098,-0.051002808125304,0.06697473844161496
152,train,1682.059294844612,71.4784145449942,0.5996035628005268,0.39365584288158134,0.01,2.0690732756564196e-06,5.3128690006221e-06,0.0005863407763380745,False,0.2545841699166892,1.9703085400003602,0.05577277966981796,0.008027758258524642,3.450369870372203e-05,3.7975216948775644e-05,5.950483109880061e-05,0.0944365388531208,0.027655825304591194,0.05525761430667412,0.029580327035189567,30.218259329597863,50.15325948251211,-23.35396500003633,0.03700194443002047,0.012901939963090298,0.043772738115449634,0.011450968745697808,0.015681277056144312,0.017671955997574627,0.023703676227038575,0.02086375935083254,2.6039181866592447,6.973063256422847,-2.507023962502128,0.008702719834194461,0.007086102010662709,0.0643128330196181,0.0012256095745801438,0.0016707427520711875,0.0015145956469660032,0.0052557887005718635,0.013510945284078334,3.780522083436214,3.84087576704178,-3.7778851994760316,0.015733645278502406,0.03437618759259757,0.023791240410762336,0.002912781358186754,0.0016308104414459886,0.0008403226728736826,0.03242988274923903,0.01599687087085089,17.847569542689495,-3.84087576704178,0.005447570001458003,-0.0240058251393887,0.003220214369543316,0.001846400942043905,-0.0009164491202877644,-0.03635557668444508,0.000840199455216877,0.00011425906505638102,0.00042028544970790406,4.978433142177607e-06,2280.957873590105,2280.955835685513,2280.6682771500423,-3.844503068087306,-0.0020379045918161864,0.0056652056373422965,-3.55077375273504,3.168916784577247,0.060865201824526594,0.07910906128253033,-0.0036435389924918127,4.741885105454843e-05
153,train,1498.9564615770637,69.43273689055141,0.6665082843547968,0.4073043001524196,0.001,1.0168849637994656e-05,1.8416348977670927e-05,0.00033225284359990933,False,0.23661644136223942,1.7495669696240839,0.05385558066442512,0.008897642645141257,2.740014162046164e-05,2.4671186050643958e-05,4.639019598264739e-05,0.04493029457061674,0.02659600171647444,0.022328897772770206,0.015658942597252524,79.47426853869489,127.71666479749274,-62.74092398224964,0.0815424158311776,0.05454495177282562,0.1064434976555655,0.02884917961570292,0.05634088686630765,0.0651717889888308,0.09859151486690972,0.06832363662769037,5.59886982996046,7.4747307497823385,-5.314849115510095,0.016982577492490103,0.008671059620248112,0.13851921148700488,0.0006041688934485197,0.005734945905597364,0.0017650208117659621,0.019719946367724884,0.029169058847631626,8.225016871244586,8.285367246843634,-8.224630504758816,0.02603177066328033,0.07041049374931056,0.03351953124789981,0.0018336619566761741,0.0014114926613370466,0.0007032185829950167,0.019456593111155884,0.021222498551562413,47.557964964863515,-8.285367246843634,0.07774537141558621,0.03006484197415872,-0.0010785650546782765,-0.00079904356312676,0.00043501183330534835,0.011383979296038337,-0.0001389424622741637,0.0002893573970839632,-0.00021291781307263322,-1.3677210174423138e-06,2330.2119802752645,2330.2052031148423,2330.8331686541733,-8.224644197107864,-0.006777160422188899,-0.053945889313581574,-6.584163106264896,5.413386826828446,0.15850392675611147,0.13742764455756293,-0.05985983159598618,0.07463135492914756
154,train,1648.1529005526986,51.80792869329232,0.5510448140691576,0.415397210544135,0.1,3.7461151647785524e-06,1.0953640239633118e-05,0.006076378582333244,False,0.26475214608719605,2.4152147454933584,0.05216383170580161,0.009521978766805717,4.842924432579416e-05,6.488344271530479e-05,9.275101963556542e-05,0.1513321531273805,0.02546240350315335,0.021548957694957765,0.03309159633869471,27.937957576934956,41.90891863718116,23.84753393976353,0.05807500661344478,0.03483820135755509,0.036804903252238334,0.016956952126801896,0.06383124088511152,0.09260666753903403,0.03796201225665392,0.047166662902899135,3.6604014717868383,8.257653541995296,-3.482816016316205,0.01901868607085433,0.014505426045032825,0.060865640959639436,0.005581128861518213,0.009518731371092118,0.004509142710736678,0.07292012852346345,0.027983366411913787,6.779082978910636,6.937466640557886,-6.772137742093539,0.021984181918647927,0.06542875455988033,nan,0.008944717807691852,0.004367547593700525,0.002205049733741344,0.09853402897671125,0.03589601973434506,16.471932156959884,-6.937466640557886,0.010043604606122348,-0.12143756837168197,0.00908154908249264,0.004505832061159838,-0.002201595993473831,-0.10112956996156831,0.0007237152560182155,0.0008738153706179725,0.00034760324210726516,5.1250037236272306e-06,2065.4750886733696,2065.464494230712,2063.7266234339822,-6.939181991420355,-0.010594442657748004,0.012309793520216772,-9.077717007877709,7.320806487318065,-0.2048794147076478,0.1769006744891007,0.016770026644280733,0.0015250526301448157
155,train,1633.5013432173298,63.72060886522476,0.7264422636677492,0.39182425487524275,0.001,3.190215648634369e-06,6.611968547431451e-06,3.17558044774588e-05,False,0.2489875934811034,1.9352094480609594,0.05477789751244876,0.006387328980563822,2.9466060594514004e-05,1.868836233977454e-05,4.155967188573456e-05,0.04708110841010756,0.029890744480731854,0.03166858867132943,0.018121692609498145,11.57659123800544,19.15228093508358,7.9641163486411894,0.024992108284159986,0.020402177376778154,0.009778196905630521,0.004281325865165379,0.014486197738348262,0.029834582822855147,0.03294701877375083,0.018621583247088052,6.9984679360534505,8.428359483351414,-6.970276741910203,0.01265583978144269,0.008349935302709941,0.020345644632335503,0.0027401890663068793,0.0031641918944662725,0.00301931035470812,0.006236576870385929,0.007309308020152109,6.525738935560642,6.540985714771523,-6.525591389705866,0.008411122670631599,0.026132132414255955,0.008788011955815722,0.001199676852744319,0.0009641815969088603,0.0005745077834038674,0.013254827236863638,0.008485556306665391,8.087076878072404,-6.540944797422071,0.00840200816481138,0.008535972081449676,-0.0012811539958095751,-0.0010657895942878654,0.0006093059503821484,0.014293903162911981,-0.0007490389669500315,0.0006420404546771914,2.2633736870921775e-05,-1.115318503774887e-06,2651.0776748275284,2651.0794255245455,2651.311381287735,-6.543133580657013,0.0017506970170870773,0.000438086217855016,1.8490594006402716,1.6944969864921071,0.12701724584076146,0.12358976032890141,-0.0004814300923499104,1.5698234417484351e-06
156,train,1469.3182045904903,56.433828166762495,0.60590493791268,0.3668498545724672,0.1,1.7355149995340576e-05,3.286467824176055e-05,0.003876902728832581,False,0.18960685113878556,1.6342143730457792,0.028720272308483275,0.01451914674704824,4.3241583673974375e-06,9.563891608207836e-06,7.649302130655418e-06,0.04546026706632857,0.026956342454602846,0.08193664280025306,0.025729131612215125,41.574125718819204,83.19674662542093,-19.839360892222388,0.04349420597952358,0.017703755879400294,0.04601104994193388,0.014530426363396132,0.033455804477246574,0.065678756741005,0.05914026979826431,0.03942001053354103,22.035115849077574,31.90809585162515,-21.87676129978206,0.03885828060509211,0.024318825041781886,0.288554756295866,0.007828701746980065,0.007807034637497231,0.00677804106159869,0.012324410813043467,0.05793529493279456,25.426393845986,25.753494676703667,-25.418451932006,0.052158266355345706,0.1590829931273875,nan,0.003205031014097365,0.0016162930785321424,0.0009868482641650286,0.030355678691303203,0.03904936883509705,28.080922998094426,-25.753494676703667,0.06758816448814396,0.05997693409326325,0.003325807877444006,0.0018304044533619002,-0.0009399719469639804,-0.033127227109137077,-0.00035925459584511694,0.00020837007174656432,-0.0001825676745930436,-1.8614574477382462e-06,2098.061725915121,2098.0600198933507,2097.510799371466,-25.761104265924132,-0.0017060217701327929,0.009315610990597634,-2.5216553512868813,2.061305611390387,0.3881485514184533,0.4251385724743987,-0.014684284719351126,0.00017491091828054266
157,val,1689.0606278610676,62.77044692938646,0.5926507999341271,0.35728878760315097,0.01,2.09472044980026e-06,5.796573924095777e-06,0.000728268447286052,False,0.12994726051479752,1.0893565746118838,0.02435235040712962,0.009954252801658736,3.539398915331931e-05,3.777174117540236e-05,6.843050250154066e-05,0.07839761279870401,0.022492233284753502,0.02686944863195537,0.021316815158040524,53.49031580742268,79.61246841080583,46.42998431945424,0.0728897645076414,0.05507852529433364,0.08276908284366974,0.021854131553505695,0.04370755436190535,0.08571839182983151,0.10671380423717482,0.06597358168673678,19.385764559271205,23.694350632281385,19.169701196588974,0.03083602570898414,0.042389307269168466,0.10167978654805335,0.010111751876239814,0.007691497860237249,0.01203159295233515,0.027720224540427947,0.033604026841077,30.275087075019602,30.455914497812955,30.26750165352894,0.07122515746518454,0.17553507357874576,0.04561901641133659,0.0028674939230597363,0.0015666381406021198,0.0008311001198652587,0.03220973588575416,0.043104843009893944,35.77957845598057,30.442517957990276,-0.044258121341198275,0.04703855123217033,0.003476076183075597,0.0018237294175226352,-0.000989479153546101,-0.039411015117553926,-0.0002344460823873892,-0.0001456189240374205,0.00011631519960248211,-1.5168695755019002e-07,2270.4170278174743,2270.4246215882245,2268.769586507734,30.429420902970378,0.0075937707501907425,0.005503284269707365,-0.7732323597792856,1.189649505956798,0.2706529240490454,0.28614610018911296,0.0021685775564037613,5.390454106802292e-05
158,train,1478.8070364360622,52.20524952379997,0.560956782821283,0.3664565188711892,0.1,1.693512301023695e-05,3.687951730904186e-05,0.02552314464348579,False,0.19188156567172696,1.5642756522729542,0.036087160501732746,0.011029661249427392,7.061393005504812e-06,4.442453343266724e-06,1.7974446045607748e-05,0.06447006950037909,0.02129062682765033,0.08081563553751432,0.027767635026323022,54.20840802885291,80.29784330048892,43.88604294998504,0.11601644275679068,0.050630588036420336,0.0718036627825982,0.028561956601569623,0.1170811816534227,0.1896114932790148,0.08911739758140647,0.09113437998907202,24.30450376437749,43.09906028919704,-23.06207104498805,0.04185756462118695,0.028673164463143493,0.3000003408559183,0.009743802859460178,0.010841466091613848,0.00952692112283146,0.03513666230862942,0.06565372628359946,17.65290931988769,17.81122026595108,-17.652474830046756,0.0757675615362321,0.12709194000155816,nan,0.013824932272110933,0.006148162754919652,0.0033673466959313826,0.1419658114133536,0.05847963862757475,32.4621468719919,-17.81122026595108,0.12765292962523414,0.4446390714266319,0.01372304695401853,0.0062326618385486286,-0.003267519762783281,-0.14245956337367574,0.00017975601292287722,-0.00012917657513692002,0.00011512492863942473,1.0407164454662166e-06,1938.7846838253063,1938.7862008159389,1936.7392871466516,-17.34093002489567,0.001516990632580928,-0.47180723168798977,9.130570307065682,8.024343551865835,nan,,-0.5077099207255742,0.057933933498469446
159,train,1620.3919069973397,59.338615271308775,0.5888588051933226,0.4012384891568661,0.01,3.9630085169214e-06,1.0360976294438028e-05,0.0018882582582187633,False,0.17136306250090777,1.361543589160192,0.037000044902535965,0.006775382299585075,5.337789787117056e-05,5.7607571142467934e-05,9.564405460599951e-05,0.11748752953353889,0.011739882243160612,0.019956476038921065,0.02489841955654003,21.594786225407958,40.78671357098074,-8.5075804152546,0.0357783788371665,0.010746267727963816,0.029083305542838705,0.008651250344742456,0.03502776706397431,0.05464555387725655,0.042670632368940475,0.030137462820952723,10.984963023259674,15.229746423653978,-10.93812428691841,0.02136880181011014,0.01563701174826207,0.11210634981576281,0.005650570194971695,0.0029688972744491655,0.00418502132533512,0.031657155319199944,0.028700834279663467,14.694351057801878,14.932915137755117,-14.690211941048705,0.04272209957319273,0.17683299133350594,nan,0.004372502837855758,0.0022836346872305924,0.0012950821397248095,0.046143830483856826,0.04618560829643479,15.170869801598455,-14.932915137755117,0.026791017580291895,-0.04756535219371872,0.005326834424063809,0.0029626542487719365,-0.0014924818639006643,-0.0587749651776,-0.0003954905919516202,0.00016532027581317647,-0.00012822810880405358,-1.6842414189977006e-06,2178.77594426367,2178.77632311591,2177.833953331862,-14.939825749700503,0.0003788522399190697,0.006531759705467266,-4.670727247297691,3.732564503524283,0.07827948200065293,0.08389634489704778,-0.0049156316272274125,0.0028102155595498292
160,test,1667.6104929464861,50.6322644430754,0.6366117914782956,0.4146248326072564,0.001,3.1507309688359574e-06,8.023220890308133e-06,0.0002583985518697535,False,0.27109829794869617,1.7976035544811566,0.06702379965587132,0.007906417993445825,5.6532691627938636e-05,5.52112976056443e-05,9.132562020028285e-05,0.11248368302110269,0.027025087985367596,0.07492969708490532,0.03577358961680158,29.220418173665667,41.63767182449283,25.846522419337493,0.03723922948245795,0.03265380323070903,0.039251456061733934,0.008330873332817715,0.018128309553054466,0.046999701793686725,0.02978601552662461,0.02919169324977108,12.86082117477005,13.944484182391989,12.84826774746855,0.019887112069492785,0.017257236282390585,0.1020408994754813,0.0035822523998787267,0.0066679765680697205,0.005483337813738119,0.004540422533481669,0.023262020845506683,13.988522180907202,14.089900038417,13.987476935937382,0.03474661076234575,0.15403145433061363,0.07298128290617856,0.001294325560347467,0.000989155959612946,0.00047532751502296617,0.01564111294098839,0.040902109868793994,19.204679830655497,14.089900038417,-0.05567371861377425,-0.07007756607663398,0.0013156381133435625,0.0008993587732580619,-0.0005373093180830167,-0.015183665451432755,-4.298031306071089e-05,5.037100176685608e-07,-0.00028652153647587005,-1.8560606803719182e-06,2388.5121237412736,2388.505649196451,2387.1692636882735,14.097855016473659,-0.006474544822594908,-0.0014804332340645487,-8.30177141187778,6.778453113274399,-0.15398634704752112,0.14139112255050174,-0.0035435796548881626,0.013913569571929602
161,train,1586.368188967404,49.43704181119015,0.6744478666079519,0.40965254376194843,0.001,6.466445212221131e-06,1.3705649631007418e-05,0.0001714392212056896,False,0.13401347502128158,1.0589401472311692,0.030032866665732925,0.005215453336314013,4.796303992061201e-05,3.7053495560501515e-05,7.726477546105354e-05,0.07426249943142088,0.025689051754480156,0.027894622480499776,0.02133474249622383,16.54284045369486,27.512078914282483,-11.846993083839841,0.031204126342385674,0.009612946708920479,0.03722148650026115,0.00807202271956196,0.02717954852579842,0.014096563984385068,0.06657533503506664,0.02712631724566562,12.588052080475542,13.491070437961298,12.577655701085494,0.025229802762831266,0.03530400233411481,0.010935934787375487,0.0009147629342978242,0.00564130356989078,0.002695260552402113,0.022122833741911714,0.012935682986665456,15.558091629056888,15.67963394181561,15.555462773617723,0.02814806748500054,0.18585519020108437,0.022276380074119712,0.00323810805397718,0.0025869533090834384,0.0013107989829155074,0.03892753283995654,0.04236582724352279,13.465636636182564,15.67963394181561,-0.02812548609295027,0.028104015829019453,0.003037296955426097,0.002285188772433379,-0.0013001892657380177,-0.0353187252856917,5.7123670098566725e-05,-1.5089063724229609e-05,0.00040579256869612153,2.63953848400611e-06,2437.2159204413947,2437.2253310425576,2435.5459444981616,15.669353567390317,0.009410601162926469,0.0008697732623659249,-7.593430833018374,6.353915842048402,0.022994994550117553,0.02554637160560602,-0.00021235656504359213,0.0009512120755435687
162,train,1647.349604301028,65.8252674887415,0.7008748180744944,0.41826994877286827,0.001,2.8687206643639444e-06,6.142792888232605e-06,4.767901197618865e-05,False,0.32732217563711163,2.3899135465328527,0.07831884651855603,0.010520159358883951,3.561248599263394e-05,2.481130911758605e-05,4.5945596306583757e-05,0.05257702528985367,0.03982360659240758,0.07714003072174618,0.02827450533257071,14.978645617790843,25.060236677423745,10.282422144521833,0.03133850312927566,0.025161953721208594,0.013461466454146339,0.004747374145369627,0.017741059130500062,0.053298565334655074,0.04868171284761192,0.02718202193891527,6.0516069367472545,7.434858915094992,-6.031154338044426,0.012605394041473872,0.007669958379583189,0.01755683195331625,0.002840117758759292,0.002263676674324783,0.0026638310169453676,0.008588679527964632,0.0069305158851489185,5.661131814291134,5.672345075393423,-5.661074777369725,0.006303783143153829,0.018260955767821628,0.006957269744073787,0.0010869372109857311,0.0008547635186395696,0.0004366795874074964,0.012449236885737465,0.006674307119110947,9.692759607730986,-5.672293022035774,0.003650973103888568,-0.006305379188640886,0.0006878073956391781,0.0005450414765251275,-0.00024019394873995903,-0.007794045692089652,-0.0004997871930514506,0.00017410903905347664,-0.00026998704921745733,-2.794503406344795e-06,2577.349091610477,2577.34651651154,2578.041268287934,-5.670412168645271,-0.0025750989370862953,0.0006942455465832609,-2.1468817298209615,1.8253195638735158,0.059112673618983536,0.05662507320684047,-5.999650102239684e-05,1.4203251856380193e-06
163,test,1574.581179531068,52.686069638498374,0.5693952386343502,0.37142233646792494,0.1,6.590291860696013e-06,1.7028673100111262e-05,0.006422860817351354,False,0.07261233719995831,0.623989050301816,0.011865237278538783,0.007593128422819451,3.758580552352991e-05,4.4688223341451334e-05,7.969614388661121e-05,0.10139334281460517,0.019033408618968798,0.04253466974370856,0.027187231891672353,46.184776913144354,71.24363954898718,39.63758050977314,0.08945630909191826,0.05500021464264707,0.0711041345855877,0.026272343364829483,0.07155768660701611,0.12227012106532599,0.08157974922579288,0.07129737491519987,3.5698950892258923,9.31200463263076,-2.2429827290190976,0.014525892173984811,0.01461504345571875,0.03954739658475971,0.002252739607849095,0.004968344326995389,0.003542760793963543,0.029462236457859746,0.01573142020452437,1.0750476475911328,1.1060476042730443,1.0698497042233173,0.017509645777601612,0.01737610284212864,nan,0.006966453717537189,0.003419843052212897,0.0016906218879061327,0.07395924193234951,0.020682452686426874,26.74874248932161,1.0894664967295284,-0.002334092690397176,0.04933347410921823,0.007191257732542616,0.003514568973895895,-0.0017604810867200623,-0.07631610531778815,0.0016749571283912095,-0.0014146315754525055,0.001305023543185467,1.0809516522991558e-05,2066.3057039454834,2066.3291336438124,2064.857719467174,1.0534636182683244,0.02342969832898234,0.01257318013222175,-2.171824484041281,2.2328196513207588,-0.18207257365656915,0.15796729720851005,0.00835022247838424,0.0004851084339521366
164,train,1491.2071952487859,53.27986202130454,0.5893106332121405,0.37166473360673763,0.1,1.4543898879890827e-05,3.061651092271963e-05,0.005932653401244501,False,0.18230490829746115,1.5039840289716722,0.03210705371187122,0.011231908677521218,8.875276604523844e-06,7.189191540750956e-06,2.4396188693365395e-05,0.07917684599775664,0.023243813903064764,0.08652648946631328,0.03149793500399555,27.059427123598997,39.04286692321921,15.452391532922588,0.058841836759653265,0.026767448668987778,0.030203309240964572,0.014535649767383335,0.06899984020789539,0.12179161169691648,0.031131274633978034,0.0489048557026876,22.512925602083353,33.46268310325104,-22.19130917687829,0.03186276461134785,0.022245189938280504,0.23335157353969319,0.00884889086150816,0.008689439452448754,0.007533802718140752,0.02696994381874899,0.051273140054803386,24.914858944590055,25.279000568556512,-24.902834778492654,0.04792876979265892,0.18739252843734489,nan,0.00500875837638985,0.002394627701477535,0.0014422429726170978,0.04799416574065262,0.0488464646456964,21.83172970097264,-25.26348350380931,0.05785494753785764,0.038128122851630565,0.004785621276863885,0.002507450081495522,-0.0012653743781148898,-0.04794819584037492,-9.626276249851206e-05,0.00047435802265528734,-0.00025341508628855155,-1.2269457982938548e-06,2057.271065140287,2057.2612547982353,2056.444720096837,-25.2652963811056,-0.009810342051878251,0.011623219348166458,-2.5335082089363823,2.3428898347718636,0.4084083089787782,0.4064039251492429,-0.002818460000980849,0.00024967878398934505
165,train,1595.5914500894958,53.50055013956578,0.7201419128939672,0.3612088803057535,0.001,5.046983722911966e-06,1.0465499447063077e-05,4.875816285607732e-05,False,0.07301585513426437,0.652086933833516,0.003979201509678141,0.005712951236656494,5.647427151685362e-05,3.9450848390237515e-05,0.00010020928377274843,0.06559958114829444,0.017862477281887282,0.03797693906454395,0.020272521983067584,14.267629960631682,22.435842839351608,-11.450438468560153,0.021568377714653586,0.010879746560875037,0.018310114465597868,0.004569867825380949,0.017772243229971264,0.014374320064748668,0.019010583413094886,0.014152812593278113,12.507462799915352,14.899897095582674,-12.470382891564183,0.024738919666464687,0.05007342540451252,0.028597062914389643,0.0011211917544937846,0.003953101747914765,0.002662217534304227,0.01882417749037335,0.01753852947433138,17.262896876234414,17.3938208441582,-17.258759612408273,0.04038480589680171,0.15021821316893888,0.08154633876986414,0.003510599606581633,0.0030267667977800067,0.0015655070754483427,0.03973693096995662,0.0466007260647616,13.19092215796315,-17.393812423580584,0.0480340620300281,-0.08151018103395392,-0.0033333593024763553,-0.0026854028605419323,0.0015774234826737461,0.03662645770519933,-0.00028677474732641625,0.0009328948006477678,-0.0006636157303273977,-3.9273405642026304e-06,2606.347942471204,2606.324235651732,2608.177888590358,-17.370521663503496,-0.023706819471954077,0.0004160593948654423,0.7285367020358535,0.759723761002871,0.08274051787202552,0.08162366201956382,-0.00020652415787481004,1.5859150766485312e-06
166,train,1688.7738968162234,50.33566545074593,0.6214256338845863,0.4041127250547205,0.001,2.6609596563028424e-06,7.146540703110616e-06,0.00032404100271347025,False,0.13184644657489772,0.6629932853525133,0.036578080200349,0.008144899688748986,3.383256548397983e-05,3.4780209827244334e-05,5.7891214597237196e-05,0.09383056571670431,0.030806826438037914,0.08000815236461249,0.03412867475154386,26.989236167415797,46.32555636997313,20.122464006537026,0.030691589162376243,0.019397451673941413,0.0325844991026685,0.005741894267889766,0.03019257542032279,0.020684615533186807,0.033828496635413804,0.023738255438903844,28.18047592634932,29.91214516658829,28.1657646746202,0.04371463718735202,0.031366804053277665,0.1808703205440064,0.011955550659666735,0.00992334748230241,0.012768950587824802,0.031501051593124524,0.04639767082003376,32.90325758078491,33.20481876532813,32.90004320096536,0.0850142214049896,0.5006214634137384,0.0864189268099206,0.0023367502783674466,0.0010985640086331177,0.0007822306621880312,0.02156993752135364,0.10213797878236686,25.2793430549909,33.20481876532813,-0.47549754211997947,-0.08422936506784927,-0.0021437848521925168,-0.0012703590766923165,0.0005886368462692526,0.0221631301912575,-0.00011363673281355738,9.091947566755812e-05,0.00017396852080605143,8.359723631112814e-07,2360.2106508192255,2360.215329082749,2358.8331465348665,33.27110851756197,0.004678263523601345,-0.07096801575744394,-8.03966634990502,6.494513914930332,-0.15165781221412544,0.14150239058311576,-0.0747657422461998,0.11305968029535186
167,val,1487.8061492177794,67.82954210480486,0.7156171044172346,0.40496574361001497,0.001,1.0427120883512444e-05,1.9004261403365042e-05,0.00010194596909273123,False,0.29006673536787003,2.239875704927954,0.06438675176482385,0.00668402640393273,3.2150608097897e-05,2.9353206444122917e-05,5.4913804840265764e-05,0.036706501938838086,0.03179483080213289,0.01877242291693872,0.014565028879548664,18.017091753173816,27.605753306142105,15.490550558584784,0.03325541593434611,0.02267888238132829,0.019033187345672643,0.004281668980251342,0.01755489876639045,0.0508882148683222,0.02626577355683226,0.023450437649799535,8.321403246221804,9.539862871004516,-8.302449347270828,0.01720433766808993,0.017273152774101307,0.02745206814267689,0.0010427120591847477,0.0031325361812586505,0.001961276084830934,0.010151916751966547,0.010168943665669847,9.88452704613354,9.934781958943404,-9.88380826478732,0.0222236463499641,0.06577506746698382,0.020641187549758907,0.0013748763873930477,0.0012416979890853724,0.0006368209627544634,0.015455869655976145,0.01752092000199196,12.270659986047905,-9.934762620841866,0.019561119182861186,-0.020724698319406983,-0.0013892141959361021,-0.0011699757011002672,0.0006507116471497745,0.015121372254527239,0.0006196210586442548,0.00010930494927215285,0.000280103224348229,3.4611237638149106e-06,2481.3314124538038,2481.3291364709485,2481.807381544281,-9.933494850180978,-0.002275982855280745,0.0010082121943923994,-4.7887248931842805,4.069486084124922,0.2681285636967914,0.25401171590629623,-3.1770912755746394e-05,4.858126297126487e-06
168,train,1629.4906938582717,60.024545939962145,0.5951053161746883,0.3898464760257442,0.01,3.9343060976987846e-06,9.376722646773503e-06,0.0011824306955584391,False,0.20934877876778699,1.7744637391399465,0.040930783011936936,0.007960350502926872,7.49189439842921e-05,7.876300255739641e-05,0.00013643663230375203,0.10524626383966998,0.011006974073726122,0.015643700159087094,0.022031176108554772,15.453277939271466,27.867587046445806,-0.23023687270118934,0.03333852537101478,0.01315804374130923,0.02139084629545228,0.008615696185851195,0.03842096333162853,0.06177750215879495,0.037663996962992094,0.03017117477933805,10.770804381667487,14.105337582816901,-10.741817906271331,0.017142784819173862,0.01659323067540392,0.08095600449698642,0.005363025208457242,0.002520727002625688,0.004393882000133657,0.024957555607092563,0.022464070831783246,14.74144578439606,14.950788377837853,-14.735463240787068,0.03577789721850433,0.1498033890395259,nan,0.003575217485114334,0.0018530657771869809,0.001070472942959307,0.03760299007646489,0.03878102706425028,12.41019740797949,-14.950788377837853,0.026566310374647604,-0.06304698015189429,0.00420259999539592,0.0023351744689415763,-0.0011809090089850642,-0.04624702743372781,-0.001264826585843164,0.000493760451818916,-0.0005122641499831215,-6.03626429418469e-06,2212.7285828432236,2212.727518081925,2212.0603047487652,-14.955674127234488,-0.001064761298493977,0.005950510695129196,-3.95887763150904,3.1900802749947603,0.22930502992358015,0.23024227335002417,-0.001138296438512043,0.0005274700803085426
169,train,1593.5411330583468,62.51604333352724,0.6036585288725174,0.4347039691480036,0.01,4.809502788670176e-06,1.1710845515174913e-05,0.0012479013534077007,False,0.23415938722690116,1.7707187561452429,0.05579035483657277,0.006902694237192364,1.586794643367453e-05,1.7434649307016146e-05,2.5342019425590723e-05,0.09767243301365885,0.027609043651859913,0.0319215895628588,0.02621028514059064,17.350772728249964,24.674964504499258,16.246854294062572,0.025591178492952893,0.020091938098421903,0.013617717483155205,0.004448209938720307,0.01422615464284301,0.05203829183975548,0.034716276586798746,0.023189764764949106,9.904871677168162,11.37384605894249,9.870002675549287,0.018751026076224697,0.03683862762920913,0.041366097437088585,0.006281419923846984,0.008375470482491234,0.00914041758852804,0.008986779098715448,0.018498135359979906,15.867416795269575,16.036841670424565,15.859637108416297,0.02931695175984661,0.1716143974605332,nan,0.0005244472010306496,0.0002840004712930753,0.00021604270379008535,0.004777889221907529,0.0354833554117109,13.534295885744115,16.035546094558867,-0.04512401375114416,0.051828857517211634,0.0005386863903822234,0.0003475049703958305,-0.00018706485281152634,-0.005732244130552913,0.0007603577853694571,-0.00019989455467839284,0.0005346944379598825,5.072557966778746e-06,2198.1587265280323,2198.163895036458,2197.7547515142014,16.024653927936924,0.005168508425867913,0.005723658196075121,-7.008037264190079,5.676821499079332,0.33033067828228013,0.3169738346269225,-0.0007588392149955325,0.001037213107767828
170,val,1492.5521363310518,58.82552489772951,0.6648845939487178,0.4252830183829225,0.001,1.3069114958081348e-05,2.3825736137754503e-05,0.00041242312436328684,False,0.27701883876308403,2.1244618528287447,0.05768740450900917,0.009467626853567612,1.553049811702797e-05,2.167914855687044e-05,2.9074396172331855e-05,0.030243993367732053,0.02988507110788887,0.033276963200214345,0.015578718619780252,13.40285206279835,22.76564194206503,-4.139190795646781,0.02116447459093851,0.0027930275112186868,0.024649047420831866,0.006075743186279927,0.008956780821561053,0.026326020998572713,0.03874165417835631,0.017923712352803423,3.821837803638801,5.004436028465989,-3.805954795369051,0.016301589553451956,0.013488471562966065,0.0953511889120264,0.0017440793607410904,0.003919824070459434,0.0036882939510714213,0.004341859665354053,0.020422286253769743,4.269966850454934,4.570063407406451,-4.269609229426292,0.010919019070620983,0.03757686005284935,0.06137498487902144,0.000921647261100742,0.0006352395447852677,0.00038841880761025934,0.00922598907537633,0.01835385660345723,8.388547666962392,-4.222065441300401,-0.037288058231812395,0.05722688775006988,-0.0006842334284446604,-0.0004903395948749659,0.0002893367461807197,0.007019178158058539,-0.00028641331661214753,-0.000342136529318042,2.0002757126150545e-06,-1.110136721327315e-06,2313.0684196854913,2313.076170246616,2313.6764930787385,-3.9407991679677252,0.007750561124794331,-0.2890168344574704,-7.941276340992317,6.649451185247209,0.17953473458373992,0.1535996012201727,-0.3028177053847685,0.18492516222925134
171,train,1588.4637142971847,56.15734322232765,0.6752340576695538,0.362291340174062,0.001,5.490100028173545e-06,1.1337487185974842e-05,0.00014637365822231022,False,0.07609025027023625,0.6713372643432649,0.00607369609948186,0.006695364902436829,5.332112492463097e-05,4.078206286667368e-05,9.500416535908145e-05,0.07349431069355282,0.01702834151767415,0.03505866396848701,0.020961737255477394,53.01543764845743,81.62507587473374,-43.69064376946892,0.07286558579206714,0.04351544930566565,0.07642861991498393,0.020147842869568066,0.04691026325559303,0.05288660430296011,0.07085975773439303,0.05179142289719396,3.595637184251041,5.69199194515204,-3.3043257306183023,0.013989136662652779,0.027082021706888483,0.050383349367371266,0.0006682472411536375,0.006461594078821947,0.002051090676482526,0.03286818887431674,0.0199190819908391,6.988287054726174,7.0805254359843275,-6.985746256623852,0.03257063622483969,0.11409126497245463,0.07667385779396661,0.003693465627159273,0.0026767997308685724,0.0013475099451591293,0.03960186701403156,0.03968079418060663,31.726294694585945,-7.080505455184266,0.030130837941991204,-0.079413188629359,-0.0031973685770060644,-0.0022336485239768736,0.0012055600126813241,0.033952605711617116,6.121554506926068e-05,3.467817949949772e-06,1.5229640771650422e-05,2.61268094270406e-07,2456.5425641581983,2456.542114918988,2457.2458876348687,-7.081186739870645,-0.00044923921041117865,0.0011305238967906917,-3.4459426599078142,2.869417049338016,0.06851298051515187,0.07128064246340515,0.00032872990141186165,3.8102318700710254e-05
172,train,1674.8177185945108,52.07321302906453,0.7243329788036175,0.4214942979294784,0.001,2.8261861068529994e-06,6.285139030473053e-06,2.8805324645488202e-05,False,0.23851525237964605,1.194253020541737,0.06693889858605612,0.011604180710721668,2.887101047666135e-05,2.268756713188468e-05,5.10370040685448e-05,0.07182943687941894,0.05443895502922366,0.11248174042712912,0.03980878798624147,21.666502363527673,33.68305027657607,-18.843370206775017,0.032095589070185504,0.02152345043938295,0.037754100917408044,0.01200681428371536,0.030030853770785286,0.013400770549944789,0.010577599300792691,0.020882264877004855,12.813779201626357,13.904612735253068,-12.80695035416806,0.022047749615865087,0.03531197776272105,0.03060053641472043,0.0013988633404339913,0.0034847037205061626,0.0011616779355456386,0.013094525641728617,0.014175380802609314,15.48779611076252,15.569737895307298,-15.485711933559244,0.02488090492297279,0.0958816720215213,0.03619224791011804,0.0019140630614806185,0.001907846264944501,0.0009606051801357429,0.02395693679522448,0.026802228538904113,16.07402121134905,-15.569720978073747,0.020896109720443604,-0.03775887310617488,-0.002054526241408326,-0.0019077477595725412,0.001108018677496265,0.0249029921185785,0.0014108614521575308,-0.0012815790456187908,0.0009893197961421184,8.502846983393653e-06,2669.261791847627,2669.284310061277,2671.3000122361955,-15.592495344420058,0.02251821365007345,0.0002561526962381322,3.667715042644886,3.3795301000490183,0.07511178620779901,0.07402451902086708,-5.897063192605856e-05,1.0508192976740847e-06
173,train,1567.0444613544332,64.68047066956944,0.6188636849287457,0.4276744730041912,0.01,5.832650902357656e-06,1.3179553153088108e-05,0.0009656914703703172,False,0.17258449462570574,1.274422044705716,0.04193823979288733,0.007214523355544067,1.0076844132003114e-05,9.574408346022647e-06,1.7505550304661614e-05,0.08205969244232614,0.03530358012703479,0.031076685007086453,0.024746185729871677,24.67565207191947,35.69111617692988,21.635554081708957,0.02859572513505171,0.023028139822745066,0.02572405442492592,0.004944106779842741,0.01452625887687704,0.04273912020442324,0.049425415424390974,0.0267311825888675,19.197129212451348,22.16676898237438,19.145975596392358,0.031557117494150466,0.05154774345578276,0.08090577201484184,0.01151771914481019,0.008825587417172157,0.01451388672734198,0.03590693587590468,0.03386960743930893,28.331194295517,28.522940178794215,28.323947942247298,0.05153576886399236,0.22293199757431317,nan,0.0036791357485661228,0.0022157574449878856,0.0012421376535069898,0.035213618013037414,0.05305652928688233,21.862045731206162,28.516296004368996,-0.060857040025852335,0.08137404519800905,-0.003497765194210981,-0.0022384942595986054,0.0011210724589449709,0.034513059762111525,-0.000257380129098669,0.0003857637725516096,-0.00012447921060315,-1.0244701708073123e-06,2227.00495083187,2227.00102092337,2227.2593800853097,28.515344962399467,-0.003929908499685553,0.00488095046921444,-6.628756543057989,5.5239667879390515,0.26198392046126173,0.25295831950326353,-0.002480653608472494,0.000471692665335222
174,train,1646.478659313566,53.56493877377264,0.6284483198837428,0.41207945667508783,0.001,3.7652014186589648e-06,8.898478150140877e-06,0.00036372272447203095,False,0.2947498541651309,2.255324121578724,0.06707781042980546,0.008883636108992121,7.764277864512659e-05,7.513765649344394e-05,0.0001283027102340476,0.11769052303308448,0.020921821252080124,0.04879232479797016,0.031280958704751234,27.942652238802598,49.06829036214458,-17.906093415220248,0.030163093192899115,0.01275116240431166,0.04251588926458003,0.008534464740046295,0.020017367753977826,0.03194771434703104,0.04996197717896337,0.027621429281485033,12.436967244339849,15.017041541809249,-12.385729105855422,0.014706585488850621,0.016655177353937407,0.07674211642419253,0.006057496192750948,0.004871145394827,0.005410233376687414,0.02897573753414102,0.023118651046089386,18.48855829098875,18.893322861371416,-18.483054744413216,0.07560832361812331,0.34676682466158876,0.07716682287775388,0.0028800777356171973,0.0012866298213198815,0.0011758582403724681,0.02713807914837194,0.07606904874750403,19.58402537755728,-18.893322861371416,0.42101495341635137,-0.08241980657561232,0.0030055150756319463,0.0017193492326309481,-0.0010774962018668917,-0.03195097863122227,0.0003327978971779525,7.290812950591137e-05,0.0003577553583776636,3.149585746431427e-06,2341.1796412727554,2341.1832754708307,2341.696075250793,-18.732757567649514,0.003634198075360473,-0.16419949179726245,-6.958993177428056,5.658400764516993,-0.1025169705285407,0.09785869386683706,-0.16966843326554226,0.1539030323522738
175,test,1637.5506664227853,50.60742189417061,0.7112391121681951,0.3922600747544544,0.001,3.814832406719406e-06,8.474372998051976e-06,4.650361389814284e-05,False,0.21248666289908494,1.7452132108353453,0.04350896040981135,0.01190241983696394,9.781072214275318e-05,7.409330324872956e-05,0.00016030515984261122,0.0747085628482617,0.028719148106321153,0.04575371290657887,0.02491893884106597,24.524892287157286,39.191382178327785,19.71931098951369,0.04707077219630573,0.03656574234400956,0.04039163573551169,0.011145398860493821,0.02822502142734348,0.05522303881629723,0.04257391817970932,0.03568745922722751,16.116884845147382,17.44817359290164,-16.104647994454925,0.017768477599935162,0.0325361891945392,0.014314203904002171,0.0041012493667393814,0.003673766364754427,0.004218931907554575,0.018447454036256777,0.01288196579564109,19.591643589755282,19.710120260855547,-19.588691937732804,0.03159358586063021,0.13241251694160286,0.05213309430338414,0.0017659088422471612,0.0012430576608652175,0.0007012888880666842,0.018011155721346234,0.03437783705958539,18.775227655344896,-19.71010974008186,0.02686273781111055,-0.0507049947331041,0.001953952474440547,0.0014832545264086346,-0.0006973622082404332,-0.021647720390050067,-0.0005624971012908157,0.0006979810655747484,-0.00020636337197470808,-2.0201617948467643e-06,2605.9420875790624,2605.93555425016,2607.862499875617,-19.70394509339303,-0.006533328902605717,0.0003686822137751733,0.44812755043722063,0.6129152567107331,0.05457461713376688,0.05308493628811146,-0.0001023881104629254,2.1357950873519295e-06
176,train,1490.1571728944937,63.67939174349925,0.5877507435498888,0.37553266623924053,0.1,1.222208527581519e-05,2.513281700325993e-05,0.0057190932411163515,False,0.1858829696204979,1.534812843259715,0.03373881824874113,0.009124842596671456,4.381858905813154e-06,4.325562209353657e-06,1.4753178602201473e-05,0.06127092089593373,0.02247061893614175,0.0636753820385661,0.02457339707839316,11.112740019800052,17.12929833111457,6.802529096248738,0.01926022802998717,0.007776107147129327,0.009744893196747543,0.004947460081958636,0.01717904565171837,0.03637636193452638,0.04171103411684627,0.019622483688154422,1.6591762235881602,2.4738458053893737,1.5207425239361645,0.014354019725809852,0.008830164284067646,0.027576736676571883,0.002712454488139837,0.003952473938055015,0.0017547209439654247,0.021102894721481177,0.010988240842046831,4.630861840133173,4.708356524318788,4.623734858450013,0.005774488381301346,0.0232596554136274,nan,0.0037341778785027484,0.0019227875977558609,0.0010005408288322113,0.03339875914122831,0.012663184171989306,6.678284274548032,4.658771229183458,0.0030760226346136714,-0.026217733190308984,-0.0035475988361905685,-0.0018608342922472774,0.0009278717996893908,0.032114053070533846,0.0008186348044120538,-0.0010477732674421451,0.0005766327891916503,4.533173935117318e-06,2049.8705144434093,2049.8841054607815,2050.646795084806,4.628795500880642,0.01359101737216406,0.016384710930651636,-1.7218682142056423,1.6046242945251312,0.4588937638513926,0.4874168134546523,0.012015562377655442,0.00023566720537326975
177,val,1458.1626715775856,50.39373706497385,0.6459575804751788,0.4328899018040361,0.01,2.0241448297359228e-05,3.940630910145987e-05,0.0011592569584825828,False,0.2271669778653344,1.7342803816829928,0.041775385260676715,0.01661629352315508,3.0524050060386346e-05,4.1448325641612844e-05,6.576753394444998e-05,0.10907348206660848,0.03781321637633945,0.034846826730281374,0.03031187751381263,51.165008282856306,79.9584934931645,42.33325316103368,0.05751574891367062,0.0469015209886509,0.06396281174632622,0.012429118179019077,0.045004667325117466,0.06375943431736902,0.06674180856486113,0.049799893520223966,38.192593726126844,47.924283647751054,38.043846160299026,0.07300534150767257,0.14057263398798261,0.2284886577503243,0.01909073325578981,0.021609329335961113,0.027375739253095187,0.021612907582633942,0.07645833352763116,57.95090321591184,58.24024864437979,57.941947349036035,0.09905479475171663,0.46607971857630504,0.27904694441671796,0.0032918214754639854,0.002130716698387381,0.0012169527341712044,0.030013209961058766,0.13029656064368406,45.03797021070631,58.227285447228496,-0.11555939773798529,0.280446388319846,-0.0032034433305389493,-0.0022299093026602154,0.0010775493894339962,0.030663062711351836,-0.000833958312591475,-0.0009184506291568851,-0.00040502828959553585,-5.700284876453132e-06,2213.536543191607,2213.5479739295906,2212.95590913478,58.213071969476005,0.011430737983573636,0.0027827397689179634,-9.406661359711507,7.885179612606664,0.7510757313293652,0.7259023519117382,0.0038132009522087174,0.00023117632569726789
178,train,1641.8657851726277,53.952095599515175,0.5776156014904276,0.4224073324350405,0.01,4.066654866332226e-06,1.030567785426823e-05,0.0024038137671811254,False,0.331353238785495,2.7321943602782994,0.07248076158712632,0.008684079860096006,5.163411398627237e-05,6.343884098250957e-05,9.325579958470376e-05,0.14363747975379698,0.01713657297178101,0.028777321462640736,0.0316266171571287,33.459516486717746,60.402900537274036,-20.833762156647012,0.037906449737529435,0.013922054299331263,0.043397806632985154,0.010743230043199478,0.031791337723303496,0.038837781479817084,0.06812395951028657,0.03446936161482051,12.27129410823231,17.883874599267074,-12.1717361558826,0.02429838939073936,0.0170601749926751,0.13526058364675012,0.008724360929382698,0.007378371806456428,0.0057027278883164945,0.07587765765296808,0.04166731281942482,17.810652954399412,18.277871662800408,-17.80253666132895,0.07758744231950354,0.3132416957480775,nan,0.00795259351713074,0.004118319473702684,0.002355979769932849,0.08750547521183524,0.0830348127441358,21.80187905295822,-18.277871662800408,0.18700236442705592,-0.08310339765854056,0.00850376609420765,0.004700494555970056,-0.00237909522424419,-0.09777618363106501,-0.0003750877411682891,7.706964400578592e-05,0.00020209190647473412,2.2762828311151395e-07,2155.5972493501686,2155.6063886233965,2154.062276689412,-18.282591374834283,0.009139273227901867,-0.004419561194026755,-6.907585914809715,5.438701040103856,0.06128950800984967,0.07499969743901622,-0.019928626863475074,0.017837640948179936
179,train,1529.6224568407793,69.67487136237253,0.6239864772080402,0.38111835806478445,0.01,7.322860277933695e-06,1.5430763614606168e-05,0.001061362009481211,False,0.12305061163136453,0.9590969840014623,0.02663554923876137,0.007419216896474179,1.357702993975426e-05,1.073233512876941e-05,2.1567196081285125e-05,0.07722269865685641,0.024728534326170275,0.029813194801299434,0.02196838405757932,28.24104041226353,48.1859919420358,-19.571992844371845,0.02894281783431618,0.014133731257862986,0.03708851844833858,0.010465278625986977,0.02301136586184205,0.036151940987737594,0.02036498831116821,0.023535970582156066,1.00199274305776,2.6523797888580702,-0.9282029102708959,0.016081918319870603,0.005019798723418639,0.06745059403949027,0.00291258697581051,0.0061606251851600985,0.0016019393762285118,0.03687278645878068,0.020003055126481453,1.097369832185644,1.4775521313522404,-1.096333584482831,0.008144497195040401,0.006028604535744437,nan,0.003863629529138916,0.002342058858968143,0.0012177391177315112,0.037616071724792935,0.010213620753275188,16.437227756081988,-1.0890687094688474,0.00474763221990615,0.02093387456959173,-0.003543839315335748,-0.002151273691381587,0.0011146484467471028,0.0346827789092832,-0.0003286527597721808,-5.8524899817314515e-05,-1.4314094353527121e-05,-1.059107508916135e-06,2219.486177639881,2219.490927988242,2220.333206443333,-1.1000866574499923,0.004750348361085344,0.006267599620059627,-4.401614319970122,3.5678773215160287,0.3093159503982861,0.3067026823790498,-0.0030213793743314454,0.000253335428300732
180,train,1603.3882110772124,60.18544408955524,0.6041843435691211,0.402690424457291,0.01,4.8776297227678054e-06,1.114602344638867e-05,0.001128657086699938,False,0.1886245569200477,1.4859587937914966,0.041496534802943894,0.009497263358223762,5.014219374396661e-05,5.090173545804632e-05,8.655708310736289e-05,0.09935312067712826,0.019335470793776136,0.026934767938897243,0.0243018267370185,13.22007225039822,24.096614905100523,-2.2723624157063487,0.025631485978718782,0.008373293720401352,0.019344545070865006,0.005700243745738313,0.022772406562259435,0.05015133516113818,0.02849227140663639,0.02247234927783978,4.383585982872428,6.646180023763463,-4.356826382026964,0.010417589204174682,0.008634971672943562,0.06706840853999006,0.0008777542213599628,0.0009007148188831406,0.0013412614934629461,0.005768063476880712,0.014098529037253399,5.181290083069138,5.218401694528893,-5.180916049161898,0.008675560396895321,0.035074998370896095,nan,0.0014219627214428984,0.0008233190596929444,0.000437875771427521,0.01491124217902521,0.010533879620496933,8.247295339181953,-5.218401694528893,0.007489532679398894,-0.014291360548937093,0.0019172057795432496,0.0011266352280478724,-0.0005739858028922428,-0.020420508177129974,-0.0006254541146559392,0.00022299543588483032,-0.0003437466378999691,-3.539764209969931e-06,2216.5257504051865,2216.5232115421836,2216.1413196354656,-5.2211882517799495,-0.002538863002882863,0.005325420253939228,-5.0843316525952105,4.103708471695663,0.22979230201735845,0.22738467673050997,0.00043745307448261883,0.0003666063338313883
181,train,1502.0769733408135,71.22009106529586,0.6783419056612192,0.4349656434667691,0.001,9.636673130326568e-06,1.7327764533427356e-05,0.0002442130726587063,False,0.25580667629296744,1.7680151250424387,0.06389076311918863,0.009154514396774616,2.659006402549856e-05,2.4844964140001012e-05,4.654578221693163e-05,0.05045049979218071,0.03146186839019434,0.01319717617893268,0.01586792086194836,16.703131595759707,30.408698915970945,-6.848837268827421,0.024608272541994936,0.004237017138409136,0.025375844031808446,0.005127452378414514,0.014025887326056388,0.050803086416516006,0.024545869266051994,0.020685859426209412,8.979041050402872,10.830802777115423,-8.960823569469783,0.02119814409802756,0.012718803570840894,0.10468598264530667,0.00102747463925097,0.003890264436100168,0.0022085514520676247,0.021487867531216117,0.02433649071246374,10.864705861156272,10.905260323026141,-10.864521343373516,0.03304558392487511,0.056171231085609674,0.04819979690356371,0.0012442305531612703,0.0010338519811590892,0.0005333685272279662,0.013506402500168914,0.020114813591815103,11.858457975324136,-10.905260323026141,0.020061278345724572,0.04341041714929298,-0.0006668882815271429,-0.0005289093689017304,0.0002717045960561054,0.007162948549772745,-0.0002970551793357767,2.09782553392624e-05,-0.00014936569815826218,-1.6783217275939677e-06,2364.681970778066,2364.681902266193,2364.757792395409,-10.90650279292322,-6.851187299616868e-05,0.0013109817700751591,-7.955314385636939,6.652827649146719,0.002174450200072897,0.014745659801342825,-0.0017339431378786685,0.007068090894019989
182,test,1530.2082361623325,64.405918305959,0.5955747282284243,0.3810766286737201,0.01,8.58994828107462e-06,1.7877554628073254e-05,0.0028284583971410334,False,0.13986451583657455,1.1038378151943107,0.02780998992151123,0.006010848638911881,7.398754505926997e-06,6.729553043114602e-06,1.2531765513942997e-05,0.0761610541506638,0.018605759540242066,0.036847884518904625,0.021940226380478916,10.978287766932997,18.650923449836682,-5.845176164196586,0.02203474487800161,0.005240530057164503,0.01913722243676666,0.00571776532870624,0.018464001981054492,0.015882485382349484,0.030760585211870483,0.015867098399651978,11.180388676241446,12.894188879977264,11.145430639899248,0.02275974325651653,0.02670105951713046,0.04105504208411024,0.008289009629684024,0.0073784651160817795,0.0073175366267404845,0.03289193058676415,0.020605507260085188,18.391378416562247,18.73979980016611,18.382170057610725,0.0498642298814731,0.31646273448066514,nan,0.005417764850276651,0.0026850722062023644,0.001618113453269519,0.04763603737141839,0.07476394447236641,12.26702750579405,18.73979980016611,-0.23782349420892113,0.038230152768978065,-0.00467181406615871,-0.0024785927428324535,0.0013138045883282837,0.042755066316251596,0.0003235615376442844,0.00020621095793642405,0.00039928560191674283,3.5075079740654047e-06,2117.3963836166163,2117.3995404952757,2118.187133466529,18.894552052021936,0.0031568786594107223,-0.15790913051523603,-3.0166716670737515,2.418575458554681,0.5249503446589188,0.48913583009612466,-0.16872492356515068,0.05301175530929813
183,train,1544.2534468417898,51.57048530144997,0.7114140859331648,0.4237623734361874,0.001,8.924846623819835e-06,1.696449093262683e-05,9.240001866450845e-05,False,0.1443748355316318,1.051545811035794,0.032017748268700276,0.007201020193574159,1.5195634192311662e-05,1.95675244972751e-05,3.0843979244864656e-05,0.052486765623932605,0.03765453937577467,0.02641458936987453,0.019436916917919378,19.117153931134148,27.93967831877808,16.83315096157218,0.027013011980817403,0.02344866232683788,0.022495281757500873,0.004212820939360993,0.018222410185767184,0.03056235333564264,0.029842909228339938,0.021464072962241582,6.162498438853507,7.275640252323683,6.144429035407881,0.017473688330424952,0.02715258291775954,0.030544113283071366,0.003220311112994126,0.006834857161291469,0.005339548568924788,0.006571883374641848,0.013277216069780521,8.82695821448976,8.903684443711427,8.82399569704873,0.02593163342394078,0.10103636728790892,0.025927782041681065,0.0004189999430617392,0.0004092586209431147,0.0001764626438443698,0.004634295527678617,0.022100527677519643,12.643539227853324,8.903684443668226,-0.026022254264834392,0.030776474066312717,-0.00043925219664421556,-0.0003029276786895451,0.0001427269268442009,0.0040349326856883696,0.0009981058781639587,8.027463783351923e-05,0.0003766099335276088,5.000151823475463e-06,2511.7653762768364,2511.761193230955,2511.021323559693,8.907340441759061,-0.0041830458812910365,0.0005270477904559812,-4.039091724407626,3.5109921064713885,0.21405025686681256,0.20337026039257583,0.00012141116258135298,4.696367972555217e-06
184,train,1535.9779064596426,61.718395922771194,0.7282679680991881,0.36997367645207435,0.001,7.839170707569602e-06,1.390377738968542e-05,5.726543074974405e-05,False,0.23795408180738273,1.7956895205470573,0.05361494840444016,0.00903482484699314,1.4576855434057027e-05,1.9597152214973325e-05,3.934487292553686e-05,0.06833491754729876,0.029951608665845852,0.02759166879114665,0.020991952314144306,50.15472820891156,82.20388160954599,39.84590862498576,0.055890381866643635,0.04440515791244366,0.08482728418488719,0.01234360204706226,0.029953326423091068,0.039599556928137665,0.07858252227483871,0.04828524162841009,15.802506978821507,17.781178870396616,15.770223485878333,0.028131245864885912,0.02634798173464743,0.06882664330078642,0.007596264222638085,0.0026785977186799597,0.007742880549259597,0.03291151625078556,0.02435064729613284,19.78354764193978,19.87382890172512,19.781448909408383,0.032566668548385636,0.09530855935398881,0.008291218969584,0.0048689865387353095,0.003734633988293734,0.0021002029512963492,0.048698931254693614,0.027167088842765304,32.52569007176103,19.87382890145591,-0.0026769444063727463,0.009020985307845076,-0.005013920170417701,-0.004007210014957881,0.002128972565012708,0.05105717585180492,-0.0002962068617327839,0.00035597785753264195,-0.0002554671975409151,-2.001231332537934e-06,2576.2001767495303,2576.1933370582833,2574.930336270189,19.880092540982332,-0.006839691247023438,0.0005760517205999349,-0.2612820409185588,0.2371767392444015,0.28718907391021276,0.2758236050167653,-0.00037147218972677365,1.2112639912926307e-06
185,train,1611.4803680391713,72.87625499764034,0.5573614005617813,0.4258986035065204,0.1,3.924453228931501e-06,9.522283216251972e-06,0.005746427654183499,False,0.19278496178760673,1.5770502180655512,0.041951487926333866,0.011123488066443699,4.035786043793095e-05,3.81843393576296e-05,5.786685460951636e-05,0.10321271769883547,0.023057113032936824,0.024388352352593953,0.025132432023128554,75.77444057548873,124.77933935241253,-60.62118918576066,0.09784144060076194,0.038905074186797756,0.08415811726634259,0.027085987378167874,0.08728695208206322,0.08538999656320753,0.149097291532487,0.07865390316817766,2.250503884963908,6.750244483343977,-1.0649961891211779,0.02034727018556204,0.009065030277270408,0.13280806201152734,0.0026110564506368877,0.005524046864477809,0.002218642948992392,0.01782911226869327,0.02834265847026635,0.4731378757907166,0.9350851768090251,-0.4676184717802261,0.015964532118213803,0.004747968636481426,nan,0.0005182988092414997,0.00027871067933016015,0.00012267794705299851,0.005152313952948883,0.002163994005010993,42.628998523387715,-0.5278365502604174,-0.0017674211159154384,-0.008912944876634271,0.0006465427708147124,0.00033730461169262073,-0.0001595701585810474,-0.006303580351941708,0.000800124971777952,-0.00035126365706317924,0.0008237890566789176,6.694322680633746e-06,2050.4123729516527,2050.425073010431,2050.344488297205,-0.5626133507425948,0.012700058778136736,0.022076741704040614,-1.7416761920567296,2.1093254504307084,-0.18939601316924382,0.12441046427132964,0.02604151286459455,0.0006158595469190714
186,train,1479.8044595737972,53.483597942178534,0.6119488526518388,0.4357246671977571,0.01,1.6715138197225956e-05,3.301916016188195e-05,0.0030864655144142482,False,0.2532410729822693,1.9182251890620137,0.050525670528779466,0.006863700775968873,2.9477483329331933e-06,1.0181695091625445e-05,8.394400225153476e-06,0.01646619706362267,0.021834184476753286,0.04609977077982349,0.014070279360641527,30.931258328188548,46.00684986621491,28.436447506931437,0.041610591033158784,0.02524514758713309,0.027809117734887843,0.005981783308474308,0.035917124472187104,0.0727427609541783,0.028128862352922696,0.03263746606829722,6.508756976058558,9.394766288467054,6.297361286000747,0.019597880682757918,0.03514349782913725,0.05808637818987934,0.006670657166602152,0.017789111981878134,0.011986048801769013,0.02403964952315775,0.025619223915403933,14.123158346589085,14.440205932903154,14.114654835471079,0.030893213507473316,0.34763412548854483,nan,0.0015420321565026893,0.0007716865838393104,0.0006080064105380365,0.012960682872932984,0.07270330670247158,19.61071292104098,14.440205932903154,-0.2865683867013702,0.060062975826435314,-0.0012881201102890897,-0.000766849849190979,0.00043181192104982033,0.011958753154250282,-0.0004808062451608889,0.00010634004631928577,-1.9595962622084154e-05,-1.310723218517218e-06,2114.9988560671595,2115.0038141516184,2115.1104796076634,14.549171619098615,0.004958084458849044,-0.11392377065430992,-8.446159202936087,6.6743758447048185,0.9668125274342856,0.9050943391424154,-0.11295707242834396,0.06360297207032002
187,val,1648.9651910223079,61.1338800876595,0.729249403403243,0.4296063694091766,0.001,2.8775371976864776e-06,6.315030659673993e-06,2.972166162557019e-05,False,0.32183089636373496,2.2812853197594904,0.08032322383190728,0.013032895543237721,3.3287710654529345e-05,1.7894167789713786e-05,3.592912520254512e-05,0.05586397325839502,0.04363553275425636,0.0932139119683238,0.032133421497437,48.714769999446034,74.37736653507818,41.36801034967983,0.07150975038185714,0.0655979382506444,0.07707011057110576,0.015733273828609434,0.03935469428008943,0.08206278539649406,0.09350799294097199,0.06222113254465252,13.925852528705395,16.54870681982311,-13.886292477153654,0.01991605029820054,0.019636147870613126,0.018000516823730803,0.003219818594273979,0.0018361532389832437,0.0033915501134370537,0.013153163313305126,0.009872891659057222,13.959899723730246,13.999467476586233,-13.95939131794318,0.014041481351226182,0.05793403956836048,0.013027502519722985,0.0007502896577674011,0.0005800035004825012,0.0003811646012978674,0.0083138790044674,0.013497813142016438,30.65705268061195,-13.999436001964568,0.01039623159646576,-0.014166179147195508,-0.0001818101103407578,-0.00020584198080927007,7.692900942676694e-05,0.0026959059721309592,8.098350333679224e-05,-0.0002570886486289735,1.1320147058398164e-05,1.1618580542105406e-08,2660.1221174103416,2660.124549259481,2660.077105583528,-14.00221914865233,0.0024318491391568386,0.00035129754860463436,1.7466504757321673,1.582078927582406,0.2176789016730254,0.20959342559986838,-0.00034059405288644484,9.289429848707022e-07
188,val,1513.872436473054,55.91931333600739,0.5561714833781433,0.421912652080468,0.1,1.1690212483947822e-05,2.6917319289976586e-05,0.020127817950729543,False,0.1869287704915334,1.4371636404976016,0.03657261601525037,0.008247525194158722,1.432399930700102e-05,1.4909039775773986e-05,2.8232987042289224e-05,0.07599293661905708,0.017316601906802603,0.07354924237358705,0.027819374487595302,23.717210143596525,50.17382985905488,0.21232133458687416,0.054012077002389525,0.01418801333970978,0.02559770016755058,0.008394262923125999,0.04934510924595033,0.11509714013086184,0.05248402924307336,0.04418437584171198,17.619126502379576,33.035610762482065,-16.855167905991664,0.026749794177528763,0.022209326412481762,0.3107586007740396,0.0060319562798532116,0.0085468800335586,0.007503452216808802,0.017272589472706084,0.062053800864908006,10.29981814870932,10.79662244431529,-10.299480745935004,0.025732386434540455,0.015852128387181096,nan,0.0044507253587834274,0.0022301497760281275,0.0011315877311640916,0.041850740080214784,0.013103066266674304,15.666907337996767,-10.268691809762458,0.01513596177775683,0.3322568537627587,0.0033408845196380575,0.0016895908834856364,-0.0008371256556750049,-0.031136087963472645,-0.00035346216895131564,-0.00022609909694232025,-0.0001984096899602714,-2.4325782491674275e-06,1947.4722424534855,1947.4746591114038,1946.8809594879503,-10.140939121601605,0.0024166579182747228,-0.13016934607912845,1.1342583861762705,2.631515987114581,nan,,-0.17128674386026432,0.021979960379364925
189,val,1476.0046887291064,72.47287444457262,0.5541623860845608,0.36433398903056036,1.0,1.24255437127355e-05,2.58321227702291e-05,0.031197232396445056,False,0.20996147448809746,1.7342616138744233,0.04422916062245368,0.010259797270385507,1.3994521909187189e-05,2.6206007556154507e-05,4.349360372521857e-05,0.09289890049802431,0.017785804823485397,0.05154689417915579,0.027052548938976007,117.2128268309932,183.24615432516748,98.17998916540225,0.2205354931354604,0.10592370983740283,0.1955131309715313,0.05950347396588775,0.16670682017590777,0.2789664999625703,0.24168515216720018,0.17471646451341669,20.443683190667787,45.51234007350922,-17.66426126997899,0.05708842736307557,0.0904139254557681,0.3816522784449466,0.008580272150384732,0.034081413472674,0.010552958291813864,0.11139507342259462,0.106112653539697,7.336475648167139,7.680724098407154,7.248357292788531,0.030864662315935654,0.13993484806803094,nan,0.007790322164169121,0.003787135324103651,0.0015801576542180012,0.07743672507889247,0.04610583765788284,64.45031767407349,7.326883916213546,-0.11064204310139383,0.9771815701349225,0.007783026452698388,0.003618546889451801,-0.001647581294573476,-0.07549322186697377,-0.0017965550050683709,0.0015518870701228065,-0.0011423223590358413,-1.0045377698109093e-05,1910.8461297761078,1910.829067130452,1908.812567363392,7.284510972883027,-0.017062645655869346,0.05943558898638912,23.211991742429745,19.392000408940746,nan,,-0.02877309782456905,0.0018493362267579
190,test,1515.87023791187,55.5750569771685,0.6402228603392061,0.3620024901473806,0.01,1.070984760025131e-05,2.1390196553375782e-05,0.0007278822996511389,False,0.16889105805104968,1.3922997969025346,0.03000715132365463,0.005537615238079496,1.3448433912017449e-05,1.0149604645516348e-05,3.1906915397135414e-05,0.07193614288735276,0.01974857967362598,0.056641535691835845,0.024730293867794875,20.178286959084183,34.019415181356635,-11.36261627592446,0.026864276229182416,0.007944508296950006,0.03022584171127457,0.007478292493361993,0.012341472569824732,0.018096841622941777,0.03979350710138458,0.019313410632622943,6.4774874109144855,8.325444194847478,-6.456089635130685,0.019159179488637323,0.011505277365990423,0.09955618596583946,0.0012316495415977307,0.0024502958165080247,0.0006542930056811368,0.019107558186199844,0.0224175433136361,9.142614985136719,9.208308411184134,-9.141215700618986,0.011526550570328808,0.07447683436054603,0.006320466616667842,0.003682091011799225,0.002345805283139874,0.0011791479047863578,0.036805169696010574,0.02080158581215832,13.099849203151068,-9.208308411184134,0.03673159192629264,-0.005356907689385929,-0.003396284178732246,-0.0021144300531765027,0.0011124451186006832,0.03371540670883718,-0.0006633158301053221,-0.00021402840357674557,-0.00036438519652783155,-4.255070602199318e-06,2267.880558032743,2267.882855252299,2268.74014451788,-9.213782868026101,0.0022972195561123954,0.003177237285854062,-4.394970135067069,3.6603098240537393,0.24040461435060934,0.2413901332084815,-0.006472189698797592,5.139391963829472e-05
191,train,1508.5593076092437,52.24523050424366,0.553945681056256,0.3985325207755111,0.1,1.3220669605265091e-05,3.0150550351262675e-05,0.024708584561165772,False,0.1900490042193615,1.4934361692473885,0.03569533937497686,0.008603894876589635,1.7438454836199162e-05,1.9956751861002433e-05,3.886663256704679e-05,0.08178911097753538,0.02317758428463858,0.08997445929373496,0.032502902732528864,34.550195738335404,49.491937784115635,26.799923121038244,0.0739919088163341,0.025895857270474727,0.0389688870057827,0.016479505807503063,0.08952440150628878,0.12680723796480328,0.029950395046671296,0.054604380766920646,18.91988600035198,33.4250580938492,-18.07666646854635,0.03208976095470817,0.020870686474634553,0.21348412020664856,0.007792515818106958,0.011528796787281435,0.007765912622528671,0.04132338359750497,0.05046090258445086,16.728747659458776,17.011338786169745,-16.72530894891545,0.07740944618253609,0.17849220691110404,nan,0.010377915909373665,0.00457076262507282,0.002695866465170856,0.09997292894984754,0.059221936172113784,22.096671095337975,-17.011338786169745,0.17885565451197338,0.26786890355988646,0.010382247083461617,0.00476682599260374,-0.002594531318233447,-0.1023096255349289,-0.0009123914533222381,-0.0008892678885323363,-0.00035561338991653413,-5.73938596215573e-06,1937.0366406890248,1937.049713084996,1935.8134342069156,-16.563335210740206,0.01307239597122134,-0.46107597140075995,3.5089210312949035,4.142434927337868,nan,,-0.5025485867995485,0.05847136655742963
192,train,1477.7946071459087,71.88267173618013,0.6434309466822321,0.41371923837867725,0.01,1.2266574130640484e-05,2.1939033116602486e-05,0.0008247245138177708,False,0.2535657280542038,1.9339828108379606,0.05721305949741947,0.009211203390396161,1.240279488968515e-05,1.0962025361902056e-05,1.9594543349131657e-05,0.04519018698550402,0.02223599897364395,0.03488727058619914,0.017059402651491307,45.15955442015353,77.89038905017196,-28.839534524255637,0.03903228839289352,0.022778170919685054,0.05785981824014907,0.013672694048175097,0.027982490796239393,0.04859529802153174,0.040526390399414206,0.0352358104041991,20.124500218375903,23.73198994520908,-20.07219193276827,0.0354384830784662,0.01986470073997335,0.212777683182704,0.0052363215415977046,0.009930538770952195,0.0060699101097877114,0.013082529478121151,0.044493613970522684,25.6103450687945,25.812568032281433,-25.60608553229552,0.05332382597306573,0.1478121002950503,0.10346125533176842,0.0012237070091836567,0.000954025920378661,0.0004606702572880908,0.01279108889122294,0.04445047461748202,30.77196313953066,-25.812568032281433,0.04108694538839588,0.042901495393637204,-0.0011700823519584492,-0.0008034065582047076,0.00045480164848636835,0.011831365700954622,0.00013103868685127688,0.0004052656194325677,3.680681781628904e-05,1.0183093841487079e-06,2229.2983473358136,2229.2929649850903,2230.093857208165,-25.81229997552191,-0.005382350723266427,0.005114293963742966,-6.254238743006681,5.265225024013709,0.4602595069418385,0.4464836478380508,-0.006854249157640879,0.00011192619715099987
193,train,1645.597316796176,65.23145644482472,0.5752419593029805,0.3670156733448962,0.01,2.948738291800807e-06,7.850396956890367e-06,0.002214362352217502,False,0.16451360986932628,1.6058772950348157,0.022763583360233184,0.008550730191684952,6.588483136826464e-05,7.515106384684076e-05,0.00013351157981256951,0.09879858115180387,0.012644054441875344,0.022540789193704232,0.022376328710401853,52.38516421558936,79.25042776341525,45.925212506239525,0.10073347319894921,0.058138006448516695,0.08472570936315296,0.0315833782543813,0.08570349121160349,0.1197729877722947,0.09918224453363281,0.07985096959726366,4.713716814571143,9.971309056941209,-4.333088528203582,0.011222877357498717,0.01622889119749787,0.027883167537218145,0.002974428225699476,0.0011085509682026036,0.0034338801122453144,0.01580090565646032,0.011238303949553954,4.3317602713158205,4.419507141508802,-4.330528270685052,0.026498823915522052,0.06834058785530975,nan,0.0022506006390247634,0.0010531814578648216,0.0005849178565020889,0.02306041581100827,0.01905794072394194,30.266427688763386,-4.419507141508802,0.026002369380783177,-0.0641253552555097,0.003095537609906755,0.0015248706452931984,-0.0007693717453275122,-0.032865203211974316,-0.0002327625661478445,-0.00012247000451411053,-0.00014161498417194945,-1.6377259166588942e-06,2161.009406877288,2161.01041923063,2160.471670250805,-4.422006933325974,0.0010123533420483,0.0014874384751237812,-1.469983938372934,1.3792681657741588,0.1681593894904836,0.160064630536527,-0.0103281251754197,0.009296240370460026
194,test,1517.080270707002,61.22112945696634,0.6938709669567902,0.43680260594691955,0.001,9.74794342912768e-06,1.7879845313447088e-05,0.00015385209520864485,False,0.2784280314885452,2.01635607638741,0.06528156408434446,0.00709463651925013,2.8667015678453668e-05,3.152169136805858e-05,5.310297004146548e-05,0.04263783473284972,0.037011975582807964,0.015429077775958255,0.015865363294783986,64.78883958606283,101.07965649345306,54.679816171310456,0.06270280148573715,0.062012981323188256,0.10295069616208866,0.014767783692096175,0.041414057699997495,0.0684383998047786,0.08216070135983954,0.06195743667366479,14.905598042366634,17.064711018169874,14.85049120804186,0.0320024819830288,0.042561001589986845,0.0705511512137076,0.00959406599420742,0.006656355763087391,0.012318459368594967,0.03154765068582334,0.028871447435901264,20.178939868029794,20.348294813074517,20.17423134386109,0.03891344589319823,0.2319584830116155,0.04441893510222231,0.003787083840109171,0.0028410007105213755,0.001650401088375339,0.037428890351915725,0.0536807990174599,40.33248820850782,20.348294813074517,-0.03380285501595907,0.04884801927353659,-0.003379789730769807,-0.0027200002656008163,0.001407920589429413,0.034723339184987496,0.00015125098074343475,-0.00025480522022358734,0.00023900876420851898,1.6154316537786428e-06,2428.138529058311,2428.1454980174703,2427.849096283191,20.340215146256924,0.006968959159166843,0.0011107076584266906,-7.869211546006682,6.700639726610249,0.11460325531834314,0.1097056328038383,8.530544528184691e-05,5.786692577222568e-05
195,test,1624.3635068030928,66.02492546470853,0.5805792891286738,0.3966330354006261,0.01,3.77259181691124e-06,9.060021385758659e-06,0.0022540101464370763,False,0.2449345792020944,2.021183814592405,0.05043453902170961,0.0076195059630626005,6.391658061166248e-05,7.191896709967808e-05,0.00011737035910122232,0.11201585811708364,0.013054496571689061,0.01626466662541906,0.02359803787016739,20.118238900002215,30.107087854182282,16.8874832511179,0.04473870469965591,0.027207659389758783,0.025731654021022766,0.013652410334518108,0.04413420542549215,0.07699346095915363,0.04428266696060793,0.03866700951509223,4.798740630444394,7.809986854311319,-4.738767706090196,0.013630158671452008,0.016812239224171306,0.040874248368819414,0.0026579059159961543,0.0009166777252977265,0.002910658189261898,0.013531011855440468,0.01295045687983116,6.653842688992631,6.7923053971130685,-6.651636976983262,0.025987131510868622,0.10444448481966956,nan,0.0012758441949387383,0.0006024444634742629,0.00038001811404051643,0.01229406499897613,0.023799371318219846,12.211160680483992,-6.7923053971130685,0.039945882113626555,-0.08759270549039991,0.0020288528087226993,0.0010764335447730556,-0.0005410012952665926,-0.021071441997131818,0.00015797100441907727,-9.667041632080188e-06,0.00026403610508424474,1.991459413375196e-06,2153.725927293406,2153.730358579325,2153.441857962186,-6.797685181347788,0.004431285919054062,0.000948498315665347,-3.8364221951037507,3.0874046184316666,0.2061133279380556,0.187079121697901,-0.01881799940019846,0.010138371127962049
196,train,1581.664784845487,52.566076833399364,0.6802734382629219,0.415247093003914,0.001,6.427559337762822e-06,1.3152976942481689e-05,0.00013850000121981513,False,0.12332067562738076,0.9480832302081126,0.029215387146748,0.007481776428370779,2.9490247738358115e-05,2.034396923933329e-05,4.2151799014122915e-05,0.07868726638892795,0.033913382683440095,0.03315899313708588,0.024308604704240955,7.471386997305126,11.82794651976701,0.690301855586573,0.013123585153250517,0.008262512052963149,0.010499032805462525,0.0016957225690529354,0.00431581367787857,0.02935244571363645,0.006781370217185779,0.010151149506029902,5.603527934472745,7.016970856716398,-5.586229156444146,0.008657457123918633,0.010689767191722991,0.01459590508147964,0.0019571610673504132,0.003237625766542532,0.0023498323173870954,0.005106840740476081,0.006322855360826459,8.22458936718208,8.309503409986519,-8.222678575827034,0.01828674103334027,0.09691939816494823,0.03964789185657846,0.0001193944891688903,0.00011944096207141283,6.4408266021241e-05,0.0010935987350625279,0.02299402207897513,6.491761388092476,-8.30946506646751,0.016168112820604794,-0.036903569130722035,2.3374702636845307e-05,1.8425038516564626e-05,3.156634626014844e-05,-0.00018972939418140429,0.0010806168848984073,0.00043426402231327765,0.0003643403533368638,5.548105709740625e-06,2450.3941066163334,2450.3842430142263,2450.884200607134,-8.30047813787678,-0.00986360210708881,0.0008766735163590056,-6.393825811617262,5.371497108487772,0.02578112338005667,0.02655121162921508,0.0003259398272348335,4.569178557744472e-05
197,train,1597.2359819343153,60.327676952420106,0.5699708742154281,0.4366268565473525,0.1,5.028728444928196e-06,1.2850694334587029e-05,0.004633985356696087,False,0.264766615109035,2.0114449915522528,0.06192603826240633,0.006531511276278934,1.9830345733661997e-05,2.4511862184108257e-05,3.465577402015286e-05,0.12226745372218084,0.015009133317528284,0.023231279949373632,0.02676447749517011,19.386448765198683,28.08084379947786,17.964541723784663,0.026468139412434533,0.01964773437886234,0.01662571503981899,0.006433220390266344,0.02166616364277721,0.04454870033806971,0.018720112088232807,0.0212736076463379,9.219154108845181,11.130421390339507,9.175722677657458,0.01569592132639333,0.028016524604671533,0.05908628967266018,0.005052662681297924,0.010071774574281168,0.007948511133267297,0.013062545953627122,0.02053971810330087,15.29780321373353,15.433460919698064,15.291554481740917,0.015633238281859363,0.09131426755517248,nan,0.001018924305321342,0.0006024730316552794,0.000307267859307637,0.010110867074522776,0.020670759965195903,14.166083407420873,15.371360229681613,-0.03616257242869458,-0.01502910913502145,0.0011403663129424032,0.0006466940492941311,-0.0003260716959059793,-0.011463651181200138,0.001608956573082527,-0.0009546743635710501,0.0011494014633413128,1.0212858379210488e-05,2080.4423919821284,2080.4585737486336,2079.9761986293997,15.343052606996025,0.01618176650526948,0.012125856180318806,-8.455367444136755,6.829114488804401,0.08954481008004223,0.12018675684887405,0.007493863413856161,0.0005292458253602135
198,train,1526.8773070030618,66.48316219435091,0.7237014346292825,0.41243513896774153,0.001,8.001085245356447e-06,1.4135754001351924e-05,6.885820241336001e-05,False,0.2593286948688887,1.8228433177237093,0.06396486309663359,0.006844072651359667,3.942585831191901e-05,3.785391450345385e-05,7.571919240353981e-05,0.05662491354413563,0.041887367090044376,0.028119870632692848,0.021130858372015292,53.65431510989242,82.62001467959817,45.84969093573296,0.05998573660614648,0.05492967895562525,0.08446388770704655,0.01317228325001288,0.03156856246022206,0.06452769389675678,0.0919591798545557,0.056770214354036536,6.004348842731168,7.2208144171927415,5.930957192949907,0.014280115748426248,0.016590264767267143,0.04438289127522224,0.00476993305213918,0.0008543474403193614,0.005496889826568256,0.03179030033135573,0.017314104448811988,8.518315463916828,8.580059519538281,8.51619037101614,0.01412468999110228,0.055629370903579035,0.01092710964283329,0.003888013502775024,0.003190019965016626,0.001798607981577991,0.039855023880740886,0.019214690979420475,32.8822535367779,8.580059519136285,0.0020248302450728345,-0.009621251407493385,-0.004041938329958413,-0.0034111606307890914,0.0018603407562190325,0.042000875139183116,0.0006833596033832605,-0.0004123099423140621,0.0007195605162405057,5.850130045059743e-06,2539.7620356864895,2539.776151089679,2539.8986899017355,8.565224966911956,0.014115403189407516,0.0007191490349214291,-3.8293120866669597,3.350068705372188,0.29973334344549585,0.28535510436210937,-5.865123512194259e-05,1.3461747022792753e-06
199,val,1617.2224611760719,60.871133700363,0.6145261568948069,0.40462878407570185,0.01,4.1782107318680344e-06,9.747491743728455e-06,0.0007260636192804671,False,0.2181910354643808,1.6747005044387606,0.04849069034212962,0.0084989218656073,5.7580918298448e-05,5.696884440479145e-05,9.815928960803291e-05,0.10039323660027544,0.018278445980567153,0.024903783809484718,0.02396469590710643,14.235140821857769,24.91649604690565,-2.2897410575064803,0.02638150722257948,0.009503188230262511,0.021396771422754,0.0059935074528994145,0.026161994185876086,0.05145332186655708,0.031170849894659715,0.02427993884216813,8.253522580784747,10.439126517160275,-8.23077255203329,0.010213288779891805,0.011518743952460886,0.06508957775480674,0.0025298103326480094,0.0017691230078480927,0.0025535017016174643,0.007521245958248749,0.015163667117938325,11.242481031082301,11.343013120633714,-11.239774058848495,0.019502722920442306,0.08227226459142539,0.041345661295030034,0.0015771688848896807,0.0009126172951789976,0.0005139192058823312,0.016424895161765554,0.023841087739028665,10.633967423633043,-11.343013120633714,0.022034827810456823,-0.04451813601622438,0.001810598186094778,0.0011031681775009834,-0.0005503918550149156,-0.01964640947236523,-0.0010897046768434326,0.0006578506652132881,-0.0010230067865499804,-8.409473487125396e-06,2266.376682789328,2266.358543392149,2266.236258557716,-11.328873730653413,-0.018139397178856598,0.004000007198555977,-5.11804619893519,4.25069492003275,0.10339516910289603,0.10860470953895536,-0.0017770630220184103,5.4074541477537115e-05
200,train,1556.1166080666462,67.95104767073249,0.6581187570517066,0.3974616249532465,0.001,5.762191056294762e-06,1.2266062282841869e-05,0.0002916554367723276,False,0.11732749003657046,0.8755088584889563,0.028476444439623032,0.006111675815833273,1.5767448274888906e-05,1.3691036138090121e-05,2.8049832537327284e-05,0.08151641155284284,0.03968608852373269,0.031226908470459662,0.02541448614399758,8.58050573927395,14.53687047799167,-5.657873511390187,0.01787971802277788,0.00479299752112811,0.018505385634203574,0.006405862456600214,0.02558767765216703,0.012656777226339257,0.021397624839818014,0.014891054221709367,8.7456291888,9.619740794083555,8.733969050535562,0.0176410712201307,0.019565452516157815,0.016529337538683114,0.0066599157244021075,0.004371532508365089,0.006487163723572656,0.051786795768744,0.017566699629987467,11.693005329473767,11.855670372221994,11.6899941129336,0.03201041813781258,0.2152195208160538,0.02710220342798431,0.0035704603267563287,0.002330075778149714,0.0013514563869551357,0.035437806914222165,0.047501920608353586,8.518550528421553,11.855670372221994,-0.07424429937293535,0.028000630073424647,-0.0029966570117770787,-0.002070160829173415,0.0010659329102549768,0.030793685953698694,0.00026350023226129386,0.00036959460094888625,0.00020087313048234245,2.332798123783064e-06,2359.196940335815,2359.1941971563215,2359.2465299519813,11.863003866017607,-0.0027431794933363562,-0.0045903143022769655,-5.172693132168206,4.203557824967252,0.10078251919367176,0.09551378079101971,-0.008105724213237409,0.016219951586027626
201,train,1571.1667183672407,50.848867687086724,0.5767069028650869,0.3630675496124201,0.1,7.1885936324891665e-06,1.778085528250333e-05,0.005125248246170472,False,0.08816030635954204,0.7474386608423629,0.01491085038304776,0.00795906988437789,4.5707438136943936e-05,5.1852698773475034e-05,9.80469361051677e-05,0.09567643987564639,0.021304125449026073,0.04683968876022769,0.02733597685965262,61.49026414527688,94.3771021508046,53.726263158755295,0.1066066372054868,0.06959050508894711,0.09785644970788794,0.033164407844526574,0.07644103937108569,0.12919825656562298,0.08800869616637721,0.08237655912407459,3.991488795583765,5.317081393118315,2.6097643769181116,0.017307692024797983,0.019769952215895836,0.07319622949360603,0.001228374407915409,0.007081261720771225,0.004097692282788092,0.02848369070282136,0.022309533470632994,8.103107262559165,8.190210404316531,8.099207899478916,0.013812130133562306,0.04418462103037402,nan,0.0061354142227621365,0.0030774015996209514,0.0015108383621701873,0.06545147842469706,0.024071950727924875,35.849285595726,8.127957445739412,-0.002715314502322372,0.030312410173486622,0.0063604946333309246,0.0031434814575352953,-0.0015938942541123496,-0.0674680025603492,0.0007274789792358833,-0.0005452417079424087,0.0009144631891305325,6.8079949853139254e-06,2091.7074950704155,2091.7255532282948,2090.2666039368705,8.09984760295174,0.018058157879295322,0.010051684908376046,-3.432999169983759,2.91824943270032,-0.10587049340801968,0.06640575593705979,-0.03985054091845086,0.00030703421124541713
202,train,1552.5119894455074,58.1571066021497,0.5730925826434953,0.35942132276772404,0.1,7.180619283729318e-06,1.7636756753616563e-05,0.006605202779729809,False,0.06273622218942974,0.5477309750854147,0.007993009545798232,0.006238957924454613,2.4231886035177284e-05,2.9004733811633754e-05,5.4758140274571804e-05,0.10065355761529789,0.016512646635987904,0.04532455751845516,0.027099792754977054,18.33611692456618,26.084831254632263,16.711732738611445,0.0344437978904919,0.02385319594696482,0.022958354901619467,0.010406579608073438,0.025131450494202245,0.06085029454512323,0.03813331617411954,0.030222198611683793,6.999113505816735,10.684635336133852,6.743838010349657,0.021942770466382155,0.039309639255896534,0.07325325367481168,0.00453073213023998,0.0061680060613340726,0.006614991967793089,0.012691738992269745,0.02376139368039085,16.278132899825344,16.447703319714037,16.27015092594732,0.01683665497053699,0.11376333457461424,nan,0.002933309180521108,0.0015040846493198337,0.0007002900016559252,0.02986345679663114,0.029752895040548448,13.887386846877188,16.40641489999598,-0.03735825843934057,0.1436207914641507,0.003151029721494934,0.0015365085608372608,-0.0007663680557527049,-0.03153014931885996,0.0013963708522585921,-0.0002762720436210299,0.0008588638774133295,8.72521253869607e-06,2060.2018916698507,2060.2063365963186,2059.3691912779896,16.38646044397501,0.00444492646784056,0.015509529553128232,0.08888283989654155,1.2897897849078375,-0.3452171429439659,0.3046941515944591,0.012618542951713607,0.00037626696719572205
203,train,1607.5206091403504,64.50394239942959,0.5827643065832746,0.42988392996515357,0.01,4.26987560314351e-06,1.0668607966769898e-05,0.0025250925839175693,False,0.2636268806667251,1.9972056295227958,0.06129085781164796,0.009470672522792434,2.728070343955797e-05,3.222710873162562e-05,4.6624317660681376e-05,0.11261491110186317,0.019727648914209014,0.029273183647277743,0.026953645965530296,11.565788083604984,20.82110860542025,-5.600230171606722,0.01789603224628067,0.003577002143446678,0.02111254065223818,0.0043549772476590585,0.01245597927238391,0.016761538925071963,0.027135248907774415,0.014232881191429035,7.354813969691481,8.698625713984711,7.318228713189135,0.01611970709053301,0.019327895608019004,0.0324850609071589,0.003663721496092771,0.00711170792071706,0.005116152408008501,0.01120071410690909,0.013150875407817555,11.14795940467278,11.344817076800155,11.143289263172086,0.025610001533151294,0.17100534488189306,nan,0.0006246654107976155,0.0004317070141898524,0.00020336232878610106,0.0066503707286130875,0.03578309007285594,9.262067892517878,11.344817076800155,-0.07304645474453937,-0.015384421198707976,0.0012726965431866322,0.000745942177634617,-0.0003638838661917861,-0.013253684410433501,9.59451981373522e-05,0.0005157820384925314,-7.453643453326768e-06,8.112277363192533e-07,2138.523339775512,2138.516281571299,2138.083052039445,11.367159184817865,-0.007058204213080899,-0.015283903804629517,-6.216873348831996,4.93225655834704,0.21646631880821587,0.2007543082870776,-0.038240561466864165,0.021520103350059366
204,train,1604.2266282751252,59.81204643935322,0.5592552445003808,0.4166858158503199,0.1,5.086605484892311e-06,1.2495795163990477e-05,0.006486890412743348,False,0.25752777070703947,2.1116888253409343,0.05750460901426995,0.007342724024877789,3.777637216414807e-05,4.6470181940423665e-05,6.854083842534867e-05,0.12902475478375813,0.013741983540471231,0.02140686385221324,0.027387731594828754,14.033550766286275,20.826307868312142,7.72417972490476,0.0320886369532718,0.016270944500620246,0.016028093056125164,0.006953949001603303,0.03370577595023473,0.062320403020780735,0.025548846156399956,0.026804668614294022,2.2617473397096934,6.297953734534531,-2.149751785464439,0.01016803923067755,0.007287243818957567,0.052665467038301335,0.0014800842395278199,0.0024285167918980705,0.002342265994083466,0.017123445659913646,0.01388783725711365,1.9523615065836566,2.068959492075919,-1.9518015125190329,0.012093698224181715,0.011677557359414807,nan,0.0031264085610011655,0.0015944610486772395,0.0007869026357367225,0.03147049417055773,0.009731164755077532,8.178009194159479,-2.005580183621987,-0.003043700725014465,-0.056785994073985394,0.0033512651219623026,0.0017210980908770803,-0.0008358514478697289,-0.033911440836361835,0.0006609459327726365,0.0007244823488609724,0.00013385701228805765,3.512001406136278e-06,2051.2189945369773,2051.2056238310906,2050.523682089147,-2.0081378088871134,-0.013370705886700307,0.01592833115182657,-6.370820151018961,5.177333981607025,-0.11201930098241064,0.07931850812433079,0.01152035475570301,0.0012356632892582926
205,train,1610.5150976021623,54.66663220829243,0.622178440877351,0.4161035766564547,0.01,5.041332020603998e-06,1.1447827932278619e-05,0.0006594507707327551,False,0.2212318048124459,1.67839568669433,0.051620509625301,0.007853195645830091,6.013091471602362e-05,5.8206974079582624e-05,9.920318312383239e-05,0.11059003203505498,0.01805589136801616,0.026592762831014426,0.0259093712176675,30.473977055572966,54.45748013236562,-18.092218500821808,0.034377277446045795,0.012906956645593607,0.044606051525195825,0.009650059837895795,0.025085886640894756,0.04055018382394333,0.04742700564955457,0.03003769068717965,14.497841170521799,18.089801902303407,-14.451318515163551,0.02152867520455448,0.016706485657790007,0.13187255828353572,0.005750860817318469,0.004981785958524007,0.004447864059875987,0.032894641262869506,0.032775699339985614,20.428629484468754,20.607502447816387,-20.423461458414486,0.032321959077186935,0.14607771396220617,0.0408836432391502,0.003006242323696768,0.0017762256657640587,0.001016233037736523,0.031892579187432726,0.03744210623599773,21.4921334593031,-20.607502447816387,0.03152039785435221,-0.04531229037460783,0.002939520704087872,0.001876109480580406,-0.0009276915082702903,-0.03241458896276442,0.0006878108998949636,0.00032180131035936335,0.0005966082822930284,5.8333980157421195e-06,2283.5248260946837,2283.526806705162,2283.565220647216,-20.61230787257682,0.001980610478312883,0.002824814282121224,-6.644422985766596,5.539691667897092,-0.006938310241821455,0.0036710422066979216,0.0003114556388936762,5.8224100702882316e-05
206,val,1681.2395683361917,50.47433972821598,0.6765020299261386,0.37880836051202027,0.001,2.8900605786507284e-06,6.589291869652405e-06,7.516783605177402e-05,False,0.0750926057502037,0.3994559346351707,0.01943650900243452,0.015380917530406713,4.00907022719254e-05,3.331162432145802e-05,6.652027029719624e-05,0.05638705857602355,0.03321605797507823,0.05648375024944876,0.024371131566240187,63.28027911718957,94.08884626836925,-54.47020691608385,0.08980793058842984,0.05994055930993463,0.09687314226383338,0.028656251192856683,0.08323636245225141,0.068497630195722,0.08121364918658505,0.06973626576686386,5.943614276413512,10.56921030036392,5.618282455387032,0.016984622455057385,0.027691956619353888,0.09040345183783331,0.004561410409931747,0.0038940536546203997,0.002924338313811383,0.021348876780756105,0.025137347936051144,2.0973411145543532,2.8727225034735966,2.0935186221480775,0.02176699977287111,0.05351825410665705,0.1423691871262917,0.004654161886970475,0.0033294450172723987,0.0017231263902306915,0.049843052894967134,0.042572871237064915,38.025280421697076,2.0435662813906674,0.013668224362408497,-0.14431588436727177,-0.0043895848627472575,-0.0031197080591457613,0.0016078024847386591,0.04701851609568069,0.0005225743556350177,0.00040279112147366435,0.0006121998867558765,5.582886209332116e-06,2541.845454669787,2541.8491072135466,2541.460496124835,2.0392925329729223,0.0036525437594718824,0.0006212046582732,-2.8066485971521615,2.3982317058040206,-0.15303177744453933,0.14395683590734307,0.00014484021039606887,5.166157958198334e-06
207,train,1683.4180694178272,49.22176640390253,0.7109353199016325,0.4126351660766634,0.001,2.8665636924634175e-06,6.395612919791686e-06,3.6702865351547325e-05,False,0.15297395317174325,0.688043586994354,0.04701389383538393,0.010920428602163135,4.040497465460149e-05,3.4769569116358646e-05,7.675790546330864e-05,0.07985369130758779,0.054713759535534943,0.10807315590224187,0.04046542319909981,36.32274693607585,50.280560121199414,-32.487964325437744,0.06415451409416839,0.04270648274507351,0.06518618658844355,0.021759328964252492,0.0706719833651425,0.04440145267110776,0.042824414348491546,0.04792497478041855,5.937325924696604,6.863910743925771,5.928870567507473,0.01564282103978143,0.0037472651943428023,0.012871067402690462,0.007863300657762935,0.007453323747348561,0.007412555822226243,0.020002257417591957,0.009891628373660493,5.889557679021203,5.904701801311148,5.889339217612406,0.01158527461875547,0.024219507123895558,0.010899461386357879,0.003129696708545017,0.002542507324403645,0.0013960545284984547,0.03452576844363208,0.012785499252555439,22.143714078561178,5.9047018011469845,-0.006671299721379512,-0.010567353565938855,-0.0027765400962401644,-0.0023273323438376793,0.0012716385069544986,0.03137932529716288,-0.000361428598001525,0.0008024981004570187,-0.00032910688132990225,-2.157686434411943e-06,2639.440005482064,2639.426800786228,2639.9471226829105,5.917617295172022,-0.013204695836066094,0.00028920181102876086,1.9834694924488758,1.9194601864353542,0.011978689278748789,0.012658834845443601,-9.750389835971873e-06,2.2424235986165643e-06
208,test,1654.4467455083893,68.08302333509917,0.725443606436122,0.3932251971913868,0.001,2.4038360727030083e-06,5.321795489604771e-06,2.7118240254091626e-05,False,0.26033715731689794,2.0475184514930334,0.0566422140317503,0.006927016821633991,1.1862100743925647e-05,7.608495844765842e-06,1.38511028907257e-05,0.033467321450181366,0.03701548021675331,0.04980969018874066,0.02005430225919246,20.75950789879641,40.6538389300722,-11.497685032316209,0.02414912803718039,0.0030547894459946696,0.032083153016177555,0.0026660656157450583,0.01893675397553881,0.02488911806588782,0.02378164003208309,0.0175685866919045,12.591127746527487,13.854659815670857,-12.579257567675649,0.01804979308206356,0.011611706885214729,0.05303028480661283,0.005694400437601301,0.006923632552146634,0.006550113981643238,0.009936917753120831,0.015624509402723261,12.894005014396896,12.935967062733653,-12.893366578688145,0.01531850909849286,0.051954684916571424,0.007209021781399523,0.0016481347921913467,0.001250376496811065,0.0008266565948573053,0.017669745046627095,0.013426436604742959,14.793079750942432,-12.93594616985547,0.012764846643720197,0.005769310278652028,-0.0015558213035765055,-0.0012380033444241677,0.0008211940304015062,0.016748193052556887,0.0004118864637539184,5.628218311484898e-06,0.00025762301702630545,2.680644619834638e-06,2667.1789700770114,2667.1802221936728,2668.4572066850433,-12.937668278806086,0.001252116661362379,0.0004699922892541508,2.182569792092181,2.0263947754351177,0.014727787866831932,0.01814467448802144,-0.00046026914515095996,2.1974312349991964e-06
209,train,1596.146887697681,64.96369017013521,0.6384686166863816,0.3641024107994892,0.001,4.225195848940606e-06,9.777030623770309e-06,0.0003582214985026711,False,0.0940862183668619,0.8607675172509062,0.011461024633764008,0.00713104749544291,3.755597414593128e-05,3.554370141016496e-05,7.365120534627703e-05,0.08201847767635223,0.01892047712585346,0.029566092426213015,0.02177529968488685,7.952401764726117,11.60693982414341,7.44043052646491,0.014197110362587306,0.01364877569347723,0.009102429572361587,0.00420965217738638,0.011529858279910635,0.027551374913473214,0.026090225739597638,0.015355386062701116,4.205999733860691,4.945218753625795,4.117037059402655,0.013158388741050242,0.0092233647847881,0.016162889700302087,0.0034221851164977497,0.004520166469099386,0.002995783705159294,0.03622599805840942,0.01209173130570934,6.104517355160918,6.193645716839455,6.102950869974469,0.025747565500971348,0.09169994842223132,0.0046092574936566055,0.0018094059738056564,0.001029333666940027,0.0006077455175959235,0.018168264252647073,0.019653992554479433,5.885947930996743,6.193645716839455,-0.09063354743218277,-0.008725585922913202,-0.0009213920055145016,-0.0005461619995604645,0.00029245185839199046,0.009555230368822014,0.0004309414568201353,5.4452271602385696e-05,0.00019439858625872343,2.4171202634981626e-06,2339.4405121867817,2339.439012688578,2339.449923907818,6.318753243086121,-0.0014994982038842863,-0.12360802804278137,-2.983909864168254,2.3924143792345545,0.24079814994502158,0.23704636978197627,-0.12847414288125947,0.10809871779280729
210,train,1661.9582187384829,55.41525929901557,0.6731866072789165,0.4318229567626525,0.001,3.0149946989811203e-06,7.109063542869879e-06,9.724371258542092e-05,False,0.3197284151760756,2.0658791714467952,0.08110282405752106,0.009804720103227638,3.3454312024318074e-05,2.5827279484816623e-05,4.2327811728550136e-05,0.09475776406131517,0.037963804642191346,0.08915479319139753,0.03699632854969029,17.974377617670566,32.37742006623421,-11.193249280338891,0.01855746466490693,0.006408688503675625,0.030504186650409715,0.006090186849623751,0.005083336330172378,0.025859269214579216,0.02293136056073916,0.016146171351533307,8.506232788365882,10.27094196111102,-8.470026828441316,0.014702065460417302,0.018441979751452894,0.05376909495667288,0.0033497815133717,0.003870434593663638,0.0033629531835116405,0.011668645185561103,0.015743814864038978,12.01945266431801,12.133548032548788,-12.016583507077916,0.02423455998822366,0.113947817989466,0.08411837167278688,0.0009467906077786601,0.0005877716456068352,0.00037184379933850414,0.009533840993473486,0.03491773945140839,12.694642574134422,-12.13352631191401,0.006346224243351875,-0.08371532682320657,0.000983041459006801,0.000727522891946234,-0.00032999507019640606,-0.010919694094133795,0.00019526167617426923,0.0003817956042037391,0.0001900774299409396,2.0953017891844894e-06,2498.6104099588574,2498.608093531807,2499.3738322415275,-12.13200734533575,-0.002316427050573111,0.0007974604723131051,-5.519512247158673,4.650745110815373,-0.03658316422570351,0.03603289729058515,0.0003136889431516465,7.994865003596486e-06
211,train,1635.7676367216059,70.77599881440224,0.558360092617211,0.36348778459081343,0.1,3.0097863630709235e-06,7.95261396596925e-06,0.0043179289535653686,False,0.1748003206341502,1.6977886420124833,0.024649852353190473,0.007021996026792765,6.915147077444509e-05,8.199827507419532e-05,0.00014205591497417876,0.11350683563660276,0.014949893678080098,0.01828428901477167,0.02450570399837956,56.071106919594186,85.56832005490969,48.81628994233271,0.12104626143757535,0.06333545011513336,0.09723683446419448,0.03660343886072146,0.10173178893961277,0.14284094841424946,0.12695772328339794,0.09478436401288491,11.04412884353732,17.69512100490192,-10.806659803905003,0.018371519229661182,0.02845234580433095,0.03941104755177503,0.007309591937345162,0.007959527362863282,0.007736954551921138,0.008285044295962392,0.016525751917366327,16.560651039617607,16.876970962217456,-16.54756113081741,0.015020455942590716,0.1210352772888235,nan,0.002824910446544849,0.001140972275985956,0.0007093130346077568,0.026989176196227097,0.03053992984843783,33.64147909988909,-16.876970962217456,0.047432078247626755,-0.16403839622010155,0.003111618798073372,0.001398312740653806,-0.0007028574556814842,-0.03171163744658373,-0.0009414278222969545,-0.0007119680506414242,-0.0006432291144725185,-7.295481684210792e-06,2088.559211511384,2088.5639455524674,2088.231046514093,-16.90231573459232,0.004734041083338525,0.020610731291526463,-1.451428427765677,1.7642408149416062,-0.29033690797314193,0.21967030952726557,0.037446675781211525,0.00015584578430782932
212,test,1595.1926905724265,71.15430426096877,0.5523422955085773,0.37306690963384664,0.1,4.288296784600498e-06,1.076752896712586e-05,0.008616727903480404,False,0.12628709105938526,1.0785907970216613,0.024409763760182803,0.007484851506785795,4.394396413628683e-05,5.5325269536481963e-05,9.037250225747417e-05,0.12344119027530652,0.0205297152745563,0.026069697634469265,0.028371707486710387,68.91876830686518,105.03887083084464,59.368617665362876,0.14191674468332893,0.06673565964200817,0.10345744960284797,0.040076846168412984,0.10201924848838528,0.16914944094385645,0.16966035383296774,0.10851649977974642,5.966719086718627,14.827461987011702,-5.206017326083614,0.018505301127968554,0.014876265259335253,0.04149385531170329,0.0031725917972864116,0.012142205752357143,0.004408560907015355,0.028599492006466387,0.017448828505693976,5.853304400080036,6.0061031511347664,-5.849060980642346,0.021269240923976085,0.04961802253897625,nan,0.0006060359139114285,0.0002916859250049818,0.00014836784558811488,0.005672808088557589,0.011267384062407673,37.378833782877216,-6.0061031511347664,0.006514043149887338,-0.16502712759372637,0.0009924184748084694,0.0004484006628293443,-0.0002120458336211395,-0.009514448071870176,0.00016813392175365002,2.4930334294491474e-06,-0.00018813303560595682,-5.892737193757824e-07,2022.8688957503616,2022.8619899782766,2022.8163965655187,-6.029119407740154,-0.006905772085019635,0.029922028690407387,1.1768454039306562,2.3644821745490643,0.4731523464356542,0.4649719536965576,0.055227644313390556,0.0025240339679694014
213,train,1524.8261170167455,69.06348552138161,0.6691103036038664,0.3766511108013851,0.001,7.789039298449719e-06,1.4804024524425126e-05,0.0002456855881305246,False,0.17664275817872388,1.364630286579768,0.03834128476360157,0.009708129141891675,2.2446711099318228e-05,1.961643712409287e-05,4.01694886802214e-05,0.06699539835647438,0.028047317977105492,0.030991088053307685,0.021019339503965197,29.40293443150531,48.76767778000885,-21.16659909136825,0.029177598196096777,0.016221545568806575,0.043450831091527586,0.01041463837610033,0.021249030412119306,0.02732879976382091,0.01905556014030387,0.0229534008921131,3.338307685256728,4.6848186415950295,-3.3175438205391776,0.012650486530612515,0.00790426939481495,0.061530773321638345,0.0013024351190902214,0.008479413423994202,0.0005628858207039701,0.038692448553046564,0.019745370938881377,4.446595890532423,4.479442789073346,-4.446383439833432,0.014205508242914888,0.04604361645833136,0.009915094484350741,0.002340218010775533,0.0016763890895084104,0.0008770172175824861,0.02455194969140456,0.014234047491992181,17.69934898086119,-4.479442789073346,0.02417391128598682,0.007768122356886926,-0.0015854178325054621,-0.0011107789178290768,0.0005960810084019123,0.016677025133043675,0.00010980397763174936,0.00030536740074910113,6.864511039791012e-05,1.041135792689829e-06,2372.5136129448256,2372.510343180347,2372.874469334265,-4.477064058418364,-0.0032697644787731406,0.0008910338237910764,-4.0040566045872765,3.26715689311389,0.19001396028033923,0.18161191748080746,-0.0017605729285605776,0.004632028723193336
214,train,1537.1037991799324,55.164873878444524,0.5764080598391188,0.35743726602162473,0.1,9.082716268521642e-06,2.0911283369882687e-05,0.0070530293122781145,False,0.09172710478596269,0.7818672740961574,0.013598813316826585,0.0065755165048342334,2.3166725979950853e-05,2.7689647396601102e-05,5.6052384088711016e-05,0.0979758884706138,0.01820468265616105,0.06058990643200364,0.02947956438604062,33.75992797480161,49.92526783940548,29.60607439528189,0.06492306047857915,0.03744135646011825,0.043557017971844775,0.018864274949676824,0.05390979268008341,0.10117488796488829,0.06040156988781544,0.05255814998573783,2.5706318719425054,6.966584774956573,-0.24773106868626438,0.016920644009768893,0.02730168091966104,0.08214571143686625,0.001099650943696998,0.0026112464733093815,0.00441676747242804,0.012057707695310943,0.021605460823545444,6.200430356183281,6.301865681126856,6.193295073245233,0.008492191947951255,0.06425774089533413,nan,0.005253182681457795,0.0026223836264810257,0.0012661017568404217,0.05423703536498994,0.025527288865020658,19.0240640272867,6.291353171756782,-0.017172059996124173,0.14562901982930967,0.005502412082042359,0.002690262778774646,-0.0013560803022460107,-0.05627084334424512,0.0017527293057374694,-0.001403420168827608,0.001518974072420594,1.2310204793308799e-05,2057.512056313919,2057.539349396054,2056.3278161642265,6.249945958966691,0.027293082135201985,0.014114130654888868,0.4459459201671052,1.8670441435272456,-0.20323213802475948,0.17536111718651967,0.00981580037250751,0.0003589037632762985
215,train,1561.0265618502283,56.73896768767561,0.712469335740253,0.3622104694876537,0.001,6.678788596598932e-06,1.2888634762519232e-05,7.069291880029875e-05,False,0.13284539874124737,1.0640355189041202,0.02664048112982092,0.006962831612477238,3.142586355602132e-05,1.710210280864976e-05,5.012411126402888e-05,0.07611171540959012,0.022543655192568433,0.028640634558863516,0.02123244287310846,25.20169267731928,38.56545654332467,-20.962132254558668,0.05742349174457195,0.027313481161974976,0.03891765869706015,0.014073805027045734,0.047611086119435125,0.05322966467681602,0.051802008114014524,0.038824617299391094,5.767045226464752,8.091932739811455,5.692321725043103,0.013421241445563226,0.015491447248078102,0.03913272157516106,0.004953453265235749,0.0020711370761755357,0.0029653395667422543,0.03696699613381405,0.01693018247753446,4.891941434029916,4.898552407287752,4.891888282195502,0.015546377705309311,0.019295809678716472,0.06337544030277321,0.005710811635745316,0.0043680320746128844,0.0023723751817084885,0.05845404530072004,0.02559608569571274,15.587996306431682,4.898552407257284,0.02447624912588252,-0.0631008434473554,-0.005559518186386295,-0.004280220412547871,0.0023175203341349875,0.057175234682623456,-0.0009155018554010447,0.0003781931028872238,-0.0002468750788940115,-3.538269603531319e-06,2551.423929535687,2551.4248173804726,2551.537072172941,4.897052355643154,0.0008878447856659477,0.0006122068284639681,-0.8893933619692689,0.7777641511253783,0.1639692694348014,0.1586360892152813,-0.00014274926888901973,1.868207092951006e-06
216,train,1677.1263055989773,71.11910807770039,0.7001705130925443,0.3747018312624121,0.001,2.0760566085961927e-06,4.482448645684881e-06,3.646835197957641e-05,False,0.36023389632667996,2.494587100990884,0.08226561595469446,0.01312424319655836,1.3969050819989862e-05,1.2424313229391235e-05,3.057918707849515e-05,0.035339191187647605,0.03369372619884094,0.056841823660033784,0.0209886189329417,21.544424076699137,42.353108998966036,-10.944884961332445,0.027330085435604556,0.006280267394760981,0.03389659124373405,0.003933634015515479,0.028403661461264194,0.040335251512450564,0.048162999659124815,0.026835400881141683,6.472202106499836,9.144055699398905,-6.409277607998484,0.01987085017357426,0.018814103587711194,0.08809210871192244,0.004116079018588101,0.006884696321312649,0.00387254542298983,0.011011027555352979,0.02213176010297953,5.247265191722593,5.260250950794216,-5.247245768136664,0.022714711252223907,0.004733186915068711,0.06507882190349006,0.0009582869446310058,0.000714015384317549,0.0004618970696368688,0.010895564558001983,0.01380696212919103,13.3964877973206,-5.252173486586798,-0.0012321661183721717,0.06338081772458759,-0.0004798498269847493,-0.0003166475866969285,0.00040241464297986605,0.004764378505959109,0.00024666430701377303,0.00048093911362988225,0.00017074748850759005,2.2098407896908867e-06,2617.1076907922206,2617.1030424000933,2619.6057992166066,-5.248290030861881,-0.004648392127364787,0.0007649364024473471,1.1925848708228841,1.5504320118868042,-0.3374802433413606,0.3201051690603511,5.9135700666956836e-05,1.227147680544344e-06
217,train,1619.610942161586,60.916956020558715,0.6416283156070789,0.3757453372368061,0.001,3.822632660837204e-06,8.878634808451652e-06,0.0002859501460756727,False,0.1301589288615573,1.119638426539268,0.019417907230650004,0.006958105743697818,5.900818392843581e-05,5.396507038196834e-05,0.00010776773341672408,0.06665682529121322,0.013356786884224028,0.019169476829738897,0.01656730499881721,20.66600181824186,35.44362163296091,-13.760788139248604,0.022808846529220217,0.009629199899999094,0.031162097416071156,0.006631951627094853,0.01800789567199225,0.022624183769652893,0.0185089174730727,0.01776070764298049,6.235572904056869,7.393581352092042,-6.215675439527459,0.00999566124377349,0.014182800308352811,0.04009963645217716,0.0015687395152030334,0.006156960755677325,0.0025045424428243733,0.017550998307836504,0.0136772796303452,8.715548265579205,8.88218057388167,-8.71337209306193,0.0405943927193837,0.18230552983159043,0.04493497469301956,0.0004917300193470071,0.00045040418639356113,0.00013224882762060794,0.00643141107296711,0.039124383105156375,13.240419971893607,-8.88218057388167,0.15450587449277023,-0.05003992226332575,0.0002581611152061522,0.00014652601527945501,-7.936126634115422e-05,-0.002604979029399899,-0.0001941012276284987,0.00038568307820449095,5.1210758472389597e-05,1.992822560303864e-07,2369.799463785821,2369.7988184566057,2369.9295153615576,-8.872800738964088,-0.0006453292153310031,-0.008734505702250317,-4.2305849795748145,3.3987753683426916,0.09628995580897026,0.10438101800150867,-0.012031266803205654,0.025086548990024358
218,val,1463.2895805993169,61.7673810928552,0.6656920713984738,0.4360307183827557,0.01,1.5232044250546245e-05,2.8665724647084164e-05,0.0005056257866950909,False,0.24309084460541594,1.9359690247113122,0.0480053095877841,0.0058599472726195145,1.5881599054681843e-05,2.2841540149560225e-05,2.934150968483089e-05,0.020132705190383668,0.029991263336195603,0.01717958889404368,0.011228603678252005,83.92173550735907,133.9039352525424,71.42616570827414,0.07936964479070907,0.07319446418639594,0.14009236244843584,0.02177152761747307,0.050418113781082075,0.08598335370030481,0.08101380570867696,0.07541227124039478,18.164261344956838,20.82775242653588,18.018851221611744,0.033858717027918095,0.05476829063313948,0.14048533399173022,0.009991536516470606,0.014126585918401139,0.01519990474924919,0.009631780259610014,0.04070057201143344,25.935369550816336,26.11145881288303,25.927475510050087,0.043304958933617854,0.18091243468423007,0.08487085470339603,0.0027612659773670824,0.0019185979673178872,0.001115065950886514,0.026303502817917133,0.049646953683519124,52.17286918523594,26.09989987936069,-0.052708876699548775,0.08506455099521437,-0.0027439938576859593,-0.002046308557675232,0.0010445548695029114,0.02717652970973466,-0.0010500123942641792,0.00048712414123255784,-0.0006647556044780569,-6.339604997629422e-06,2285.1198689906523,2285.111806025023,2285.070158759116,26.105462905904005,-0.008062965629505925,0.002499939086192171,-7.808692946693554,6.632097458936239,0.34868084479694517,0.3451555881369332,0.0049953653510783624,6.888368400484999e-06
219,train,1638.1910132173296,50.159845841783486,0.5646444389219996,0.4358077634758718,0.1,4.449380342813172e-06,1.1956763016650119e-05,0.004132113245322354,False,0.34790243238830015,2.9978691304636413,0.07275913661859253,0.011318767599626689,4.2669047745589506e-05,6.0481920964587265e-05,8.212859949251676e-05,0.14252916279421748,0.025030466248072657,0.027787731975636047,0.03258877343102148,39.80673005810186,59.715606814771036,35.12495591131478,0.07616136252808442,0.04571993250755557,0.05147049051790614,0.01906225641615825,0.07056776336816063,0.10309928399663046,0.0454355735564984,0.055892550060484915,1.3181729110119829,2.958515040216298,0.8353571802960005,0.026795509005271834,0.011314754365610965,0.04946317045406409,0.003468814462684185,0.01293045982526029,0.0040812097893184835,0.07341537330626147,0.025778963700533248,0.4693151584947688,0.7892512297539724,0.4632951044194301,0.019232318359795997,0.016729552166404756,nan,0.006898195106767545,0.0037399194128863245,0.0018601124837125727,0.0757326977984803,0.020992095393650302,22.842458838995658,0.3828453780483869,0.004375091521155862,-0.12456975748274006,0.006947148065808482,0.0037780616778028374,-0.001870326486093005,-0.07644384536230381,0.0005791206850954919,-0.00014963480849017747,0.00031339150521436914,3.3076253052044535e-06,2102.365187654248,2102.3665733876614,2100.8497900882758,0.37325610965126543,0.0013857334133717814,0.008203534983749705,-14.080819786413485,11.344573484037614,0.011297408012978849,0.055803992242512,0.007606710159052454,0.00018974690235896638
220,val,1543.2252886041704,68.26312194935535,0.6015805149461336,0.4275848690351206,0.01,7.113537001097718e-06,1.5340445851850335e-05,0.002013512866906521,False,0.17732290368886403,1.2609581508238534,0.04319410358136967,0.011191193494170637,1.4232024416255146e-05,1.3665051284459896e-05,2.38801592657888e-05,0.07566869766898834,0.03078839085761956,0.0253694963131151,0.021979727012448252,18.154966721956693,28.222825078775713,-12.186718651465783,0.05040234004775618,0.01512198582823318,0.03234732153707696,0.012869507857083613,0.05818085226555713,0.04117768214860729,0.05043064797274673,0.03502133293488415,26.117686759085544,29.16151196186911,26.058632313188482,0.044761682300460404,0.06025509703346217,0.10948753441221093,0.014795546055271645,0.012479210292795116,0.015639508473343628,0.03729573225248234,0.04165877141992764,38.31304338285383,38.71685282747194,38.301668295863614,0.08133015491382878,0.41472576065479344,nan,0.006215856739607189,0.003492933398867688,0.001997262192116906,0.05558998801526917,0.09640436020013088,24.596338134129414,38.71685282747194,-0.11625336454959086,0.08235207531524322,-0.005896730769260372,-0.003549669649562482,0.0017795612536472983,0.05462444314495068,6.806963813203669e-05,0.000521230675103049,-0.0002275905325843097,-5.897639832053159e-07,2142.497575609866,2142.4854024214396,2143.3281745555255,38.72719660848588,-0.012173188426459092,0.0018294074125151383,-5.967468371247378,4.752342643752833,0.5196830174622846,0.5021835906251785,-0.018501352919429337,0.026705591493636365
221,val,1514.7743108745901,69.72591928225053,0.6994842441423299,0.3981289971115654,0.001,8.552364429406002e-06,1.5194623818265477e-05,0.0001218483296436521,False,0.22876479475427436,1.6572063164057909,0.05404752482082156,0.009484390585956959,3.5955965950307883e-05,3.26640213904277e-05,6.613346356085119e-05,0.05508089289367425,0.033447558028994594,0.02219077497429519,0.01847566322464427,49.49204177293847,79.92148451218054,-38.328659083748214,0.04849473714134156,0.03293552938851466,0.07256928857846497,0.01744077680264343,0.03640523146009468,0.036009957635286735,0.03734517459400335,0.03878432640983464,6.471633164313171,7.778802094931962,-6.426021621731856,0.018462988816362547,0.0111562805995269,0.07476399696444654,0.0007455760078804502,0.007394084480439139,0.0020738021336742215,0.025473544569463425,0.020267880792571778,8.468823886351982,8.51053039736189,-8.468300048420975,0.01684994667440831,0.05393008224477946,0.008966142699232639,0.0016463034683586188,0.0013721029143944983,0.0007175125934657183,0.01813687997034096,0.014128170648428648,29.885121431246926,-8.510513361634366,0.017807385197608508,-0.00898094788066083,-0.001268496243505776,-0.0010212010145874584,0.0005769960196205793,0.013880038657566958,-0.0005101396317314661,-0.00017777198202900034,-0.000261695210174818,-3.143015004591909e-06,2456.8943652711737,2456.8965366663115,2457.5982078625034,-8.514001036554873,0.002171395137793297,0.0013162797827135364,-5.10231336806919,4.285372441523147,0.12794719840712787,0.12134738803711465,6.37583634670591e-05,1.560843424139132e-05
222,train,1548.2161612671903,56.5075710999182,0.7065336994288365,0.4329722160493229,0.001,7.774974674808924e-06,1.50360054020599e-05,9.263559727520206e-05,False,0.17891951051445396,1.282291157947384,0.04367928949715995,0.005248900713022309,1.765185304742298e-05,2.2179531268182135e-05,3.777264715257105e-05,0.061817202107433605,0.044555783264097384,0.026817440372065807,0.022211338295844162,78.00297234024164,119.87626034679624,66.28443612467248,0.08257378969243989,0.08205710432565028,0.1337941491887576,0.01921560638271073,0.05149289301159603,0.0930035677832839,0.11833732418265716,0.08298344081244262,4.901747946266641,6.0284234247465065,4.749670439991976,0.016709346419058413,0.021083246050939374,0.05421128311526362,0.0063412031492291925,0.004401558758750169,0.008546112463151925,0.02534907435189647,0.019988746314871794,7.424342498897828,7.497987569422094,7.421304389668438,0.01818095409338749,0.08171634157189342,0.005789670264526749,0.0034565678491730654,0.002738133303045097,0.001549415444214948,0.03528262904690016,0.021755459579958905,47.46107655509265,7.497987569397537,-0.015613831753999432,0.006569052879940478,-0.0034370518180987433,-0.002828678291744537,0.0015224183432549939,0.035754832380815324,0.000841807792411821,-0.00015381682086451333,0.0003414268095874811,4.134322198146023e-06,2497.868418078143,2497.868078050032,2497.884425848565,7.497657902318224,-0.0003400281107133196,0.0006696951900266868,-5.3398897515799035,4.647204905813958,0.2246498243662245,0.2121283621827527,0.00010958949587802636,3.8123458760717427e-06
223,val,1559.5683718146581,67.86679143355074,0.6350052077419864,0.41880911888470995,0.01,6.091463632157782e-06,1.2679067432526322e-05,0.0005417171827041171,False,0.15440797945534124,1.0902215888854698,0.03899327947816517,0.007452331464778972,1.5993761859970687e-05,1.4922954893803076e-05,2.87685448840729e-05,0.0818739979429594,0.040858022829537155,0.03458802373269447,0.02622995496113814,4.042920113312524,13.445221664310793,2.15096339413908,0.011940429455300272,0.0055645131690634005,0.008620415032034109,0.004322915038172298,0.0239627687081982,0.02467209528328813,0.03328591033038988,0.016738102926857668,14.109325314874303,15.496949683194998,14.088313902296038,0.026244125342059554,0.03534690129205144,0.04420300316501593,0.009439810614610153,0.006009063841071129,0.010861976214204238,0.04722950312378103,0.025515043041788987,19.839428481848856,19.984303533890852,19.832540832020143,0.04032978931920894,0.1382761643043202,0.05960260814474905,0.0038157793121269966,0.0024240903121717345,0.0013476893867448555,0.037243931330944974,0.040451710465176295,11.732838460123379,19.972053282961497,-0.04234575082049938,0.06035092727532125,-0.0036314710122629596,-0.0024235328033148902,0.0012363092210102775,0.03634321967252076,-0.0012728599376976833,0.0008542552905782822,-0.0006531490940599457,-6.468425641670272e-06,2277.957701139501,2277.948782161822,2278.336984088713,19.97710419111081,-0.008918977679059026,0.003868069529744389,-6.390242037435655,5.33656690316737,0.20544510519084724,0.2034059898407149,-0.006084027505039558,6.573578496848636e-05
224,val,1638.798692237484,72.44773172676074,0.7040133021873645,0.3632029359169524,0.001,2.571259342995696e-06,5.645729213012313e-06,4.2020588803999624e-05,False,0.16705911070557983,1.482688756104153,0.025551182065845005,0.014057744326976929,1.1719566939195447e-05,1.2013154322301166e-05,2.653128001008252e-05,0.048780776090006396,0.03741759006182892,0.023211438972711447,0.018243344854303057,127.73314652440024,202.7792045550973,-104.19208998194709,0.11598076999001705,0.09140971032996291,0.15205993852053157,0.040031193280788836,0.0690106187859283,0.0831117162442373,0.12211426294667108,0.09295624001802,15.945324886120886,22.3667145101972,-15.8593611835385,0.02424656307345785,0.018078551491431852,0.1711532333166518,0.010400919799640302,0.01330044888221966,0.0136591859102831,0.01612563182892015,0.04045299520485781,19.265419931767457,19.380713524692965,-19.26264821651922,0.021684911481972158,0.10846036630776472,0.014926274477255906,0.0020989811870327176,0.0014109744363279286,0.0006857861933753879,0.023281253396254493,0.025143939333001863,78.04501862874757,-19.380710164011816,0.0331486047793203,0.010587677552163019,0.001318859413181901,0.0009930124975003208,-0.00030863614847907207,-0.015250780233589296,-0.00019440595215675425,0.0004885308659324057,5.9156889058163604e-05,3.652957809574531e-07,2597.7958609809934,2597.793820647194,2600.656691903277,-19.379524685411525,-0.0020403337994139292,0.0008548551991225395,0.7682927878431656,1.3311736948059956,-0.32954047449266,0.31128348476556017,2.01119319171994e-05,1.1009976560316582e-06
225,train,1532.5439014737428,68.42932181751797,0.7069582587434615,0.3984319305539038,0.001,7.312706418071527e-06,1.335375234201774e-05,9.23420757316319e-05,False,0.19953543220037087,1.422273185398808,0.048721415575257616,0.006832645829592199,3.42272125994417e-05,3.147658721751186e-05,6.509454466880252e-05,0.06536624601060245,0.03992019638135892,0.025242384257312178,0.021776604165626556,15.024828203904196,24.894434029889908,-10.984737186609225,0.022019333506355487,0.008268907398303865,0.028145750197526673,0.0080757081835108,0.027801523101003544,0.010898365099699941,0.015577869385808659,0.016461353894308913,2.673003322845275,3.0153155966904706,2.668390330600472,0.010871295996078167,0.0068459582192979835,0.0141907460621856,0.0026820463911683577,0.004745662475140413,0.0019259322638241897,0.0330206129169919,0.010568493054768072,3.4755187522928708,3.515009876997283,3.473627276560767,0.00970393298768224,0.03663913999750644,0.00933579334788903,0.002992246938891535,0.0023305349496175938,0.0013242618598069673,0.031116433912319715,0.013956401834338548,9.1765937548258,3.51500987689451,0.009361534994037303,-0.009703005296917333,-0.002925522077092439,-0.0023393825751867135,0.0012927224902899964,0.030867111914141526,-0.00029835615326771135,0.0008186231851091756,-0.0005860170613170426,-3.580280197756913e-06,2497.1501420964055,2497.1297000627055,2497.6793383130707,3.5344209609106656,-0.020442033699964668,0.0010309496838090126,-4.184281989732881,3.526047309357019,0.14799989394668955,0.14131972000875967,0.0001289708748117846,3.555246714158518e-06
226,train,1487.9926300961865,68.98286778834148,0.5723326548143457,0.4103915455500211,0.1,1.1596607783905363e-05,2.452091311873506e-05,0.0116999788227926,False,0.20640276055358547,1.5559563984800207,0.0457543452326833,0.007521734995595608,4.8531599851990786e-06,1.1975448127697063e-05,1.7143680639404364e-05,0.055534755684920944,0.019779830023975053,0.04296556313975629,0.01971902018956743,8.749300158578283,12.511409052520094,3.580011401679079,0.0227685354623981,0.005426262675790572,0.009234619839725282,0.003496389938992048,0.01096606118186869,0.03095723839750632,0.032835821508389554,0.015486065590378744,4.693593248892485,6.312046642729683,4.631840495842983,0.017434714253194983,0.011879625903069745,0.046368564035983564,0.005490177273757268,0.009655839176226956,0.0035496456218950157,0.05902171697862757,0.02266092816492669,9.005241634957692,9.1707602443214,8.997620437981537,0.024225386459551412,0.049581827031766106,nan,0.01133540123854301,0.005877786724479507,0.002970624576441403,0.09110743339901411,0.03217461459404883,7.0159671820665475,9.157482420026781,-0.00489741940377747,-0.13060356985084476,-0.011192456873348574,-0.005884862034470481,0.0028840973021570914,0.0906839202679377,0.0006881026203419259,-0.0002978828937236187,0.00019598134521584448,2.762959413260546e-06,1984.083231514847,1984.0814020437372,1986.6230898116048,9.13314883996145,-0.0018294711098860716,0.026163051175217333,1.6242972702573297,2.323711341985212,0.6465914135176263,0.6387385708788658,0.030219558472253993,0.0006864998299410613
227,train,1534.1723355305307,61.31827489661562,0.6156768049250738,0.4324488533989845,0.01,8.83634298606667e-06,1.8144337783431804e-05,0.0014886152723870727,False,0.19032522805577634,1.3955787886386588,0.04287545988140473,0.009253169185735821,1.4384749945855375e-05,1.5567868418768843e-05,2.4587374720575238e-05,0.0607568566801742,0.02981133935092736,0.018705020844992423,0.018221292811529864,14.608627774991124,23.82849295543656,-10.080503266590807,0.038039769647320254,0.012284598746588313,0.030879674754178372,0.011447900563870841,0.036711702374674214,0.019412301625319376,0.039426888387027514,0.025027177741943102,17.958715669033964,20.367043200954413,17.93332861840838,0.030912762157027318,0.05473884301973929,0.05811451342916475,0.011022009327725622,0.010431140244808621,0.013225931370943555,0.018106263301939263,0.027606450115720185,27.05474670983742,27.29957953523399,27.045934368691444,0.05483614188120889,0.281728700360081,nan,0.00304068853192305,0.0017747832399660753,0.0010467131162486694,0.0283097673395025,0.06318013051754426,17.777241456732703,27.299051685104132,-0.06306171835524166,0.0968772000575338,-0.002789084934307887,-0.0017752923987868004,0.0008860738613194523,0.027146534100275958,0.00031667765027395514,2.661321529211983e-05,0.0003297445426435757,2.882102184464941e-06,2182.3643337303747,2182.3678927258334,2182.5667400257707,27.28996770344429,0.0035589954586612293,0.005524986201180582,-7.068782420831212,5.7422351336709125,0.5198543250899093,0.4962358747360571,0.0018403272565592488,0.0010346606736247688
228,train,1471.8604902409188,72.65112415334104,0.7129140566042466,0.39902036627093423,0.001,1.1303260495565997e-05,2.0025132059171923e-05,0.00011492959359947072,False,0.29004230310641554,2.3156507258645433,0.06515759741332078,0.00804603208836463,3.001487482165542e-05,2.3366292421499385e-05,4.797747836226949e-05,0.048896975008687255,0.02379328802944674,0.028515213457263044,0.01688447252350041,62.933318715677906,101.47726132094158,51.3926564279697,0.10707872897669901,0.07722715239480805,0.09897387370547105,0.02461401195005698,0.07937579345131401,0.13906417264822832,0.08982535916179045,0.08484672721861147,32.773423757302425,37.90786502788296,-32.7132957877976,0.048180033284358714,0.04772069721396656,0.09470904776403713,0.008364808095648477,0.010228111598801083,0.00986878518219654,0.005969687154499649,0.029476856168191578,39.91401398861852,40.335481782889474,-39.903566698027724,0.05928436624532951,0.32500472763603705,0.03772115110233196,0.001210989695557797,0.0006757902606444279,0.0006366846820658657,0.008332738320306954,0.062263680282824,44.435970922773116,-40.335481539761986,0.07345986525748169,-0.04317063431581277,0.0012095504365779606,0.000923346789026756,-0.0004586682176201596,-0.012375906436766088,0.00035426553066568195,0.00011021387252338313,0.00016872294494898375,2.0839189158738947e-06,2460.41941229018,2460.4177323393756,2461.351957056422,-40.33508308993487,-0.0016799508043732203,0.0012815009772566555,-4.851927703015463,4.0808064323343665,0.16391799993243694,0.15297775877389852,0.00033250053820665926,2.0791122902248923e-05
229,train,1544.8573683296488,72.16258057281384,0.6676171964585482,0.3671997499167199,0.001,6.043907159452534e-06,1.2034343506564783e-05,0.00021046876982608429,False,0.12153652482458256,0.9610824454412068,0.02703372301563934,0.016246519831088158,1.878485651081823e-05,1.5960016400091686e-05,3.470197626667084e-05,0.09446474587427835,0.03377586130015428,0.03357223198572209,0.026980381001555382,52.97400235739534,85.59559288421679,-41.00955928369825,0.0532370839314088,0.032082083933177755,0.071103978771663,0.017697309212602617,0.0352614904279093,0.03886374166187995,0.04457618056784433,0.03993079742917949,6.390937772403928,10.003952914781166,-6.343486345416928,0.021321679065136934,0.010019777951468032,0.1019456241181669,0.001330732201244668,0.010521790886223015,0.0031899406321626894,0.032271704407552795,0.026546595032803016,8.581350563648266,8.668098992520754,-8.580106013474188,0.02228513803695531,0.09461098505231674,0.007143496965930483,0.0007690038197809037,0.0006134670274492673,0.0002621908835585295,0.008815426632029331,0.01870242839684421,31.937293700656227,-8.668098992520754,0.02297187593883945,0.0028247585570803334,0.00039565691899914483,0.000265243002906725,-0.00011056114604006577,-0.004197495999999457,0.00026340915872566,0.00038226417825254646,6.220703318215735e-05,1.4985702776471044e-06,2389.4884416247924,2389.4820935603143,2389.861723569592,-8.664014313980715,-0.006348064478061133,0.002263385938022111,-3.0550588878481904,2.5621070494754172,0.1406095612574063,0.13629787851840236,-0.0004976137583980744,0.02385263518486323
230,train,1678.9054464439405,72.38734911123555,0.5555134742863552,0.40388476285193475,0.01,2.2332733979722607e-06,5.955559238079102e-06,0.0030405407536864696,False,0.2916922332738878,2.481579173120508,0.055547269601659635,0.005986505398017705,4.350394549465884e-05,5.225742650891827e-05,7.748156707996269e-05,0.12163602733202603,0.0212883776560504,0.03735937884438207,0.030076171128590335,12.286750611156085,22.72571457078402,-0.8138241856718802,0.02489449758627682,0.012302615548081663,0.014841861866913952,0.006295087563240847,0.027218064557026682,0.045391751253587465,0.026226068093032438,0.02204590814698051,9.727024523639981,14.023430658171492,-9.686591066788605,0.023113061040144878,0.021211220098783484,0.09059081271360385,0.006923514398334989,0.0045729582032655244,0.006146696233475109,0.026717376888852402,0.026027096422719224,15.158544695727159,15.565331746037373,-15.15064368767734,0.061397836588032106,0.26486197672109146,nan,0.0033138319221979132,0.0011239221219818657,0.001033756377229495,0.029396135549376187,0.0599459245383754,11.182497869362857,-15.565331746037373,0.274296492653481,-0.1314180365815773,0.003247319134962011,0.0013214722280140284,-0.0009057314624635951,-0.03122036420354795,-0.00033406987377198054,-0.0001727229812155204,-0.00022876110428165402,-2.4946288941229966e-06,2115.733000291958,2115.733799464561,2116.2471513567243,-15.259329422864084,0.0007991726029104029,-0.30680149577619886,-4.309518383748127,3.593786139473546,-0.12337978165533059,0.12885229121539685,-0.32371784767610734,0.061763856399416554
231,train,1551.3514954100845,52.79731285735414,0.6427189423583428,0.4299342188579645,0.01,8.658490370472148e-06,1.78759089110164e-05,0.0005503507976128325,False,0.1012537135359226,0.7570266303835069,0.018993374009852657,0.006468122010219179,1.1414207361760818e-05,1.1975630742996027e-05,1.824935159036531e-05,0.05708550509953533,0.026539231119179305,0.044482209554580356,0.021358097493831687,56.62414318173253,91.06743634252143,-44.527569660358736,0.06516747208987167,0.03992058956959706,0.0875391049836185,0.024292353619123616,0.042115909704275256,0.03548298446586612,0.10049083772532108,0.05497363001130027,1.699424181869687,3.5903035030669344,-0.9386327465320956,0.016256076358784455,0.016331640027675755,0.1417085919130132,0.0008048793468699118,0.005466058092697908,0.0023125554448691567,0.019698494790834298,0.031053703269326702,1.6094069984536985,2.2471096550543734,-1.6063617383038504,0.007787885711530773,0.02153781211466097,0.049273951357855186,0.0007202113843884579,0.0005277297164743464,0.00023218027223448345,0.007949660724148471,0.013373590928293655,33.558229317572106,-1.5805422332891794,-0.00012229077182982447,0.04710059886456471,0.0004805976795191286,0.0003312687921727979,-0.0001513474999058776,-0.005156745555835524,-0.0015194717481825059,0.0005342624864201289,-0.0011404251127477203,-1.044646954684314e-05,2292.946851692647,2292.932680356114,2293.1035072145205,-1.5685206503285372,-0.014171336533308931,0.0021497535726666683,-8.307646570558063,6.968340411880533,0.1267168793519886,0.12543391684481633,0.0009800180323509267,5.0697970513447316e-05
232,train,1467.913405353124,49.110550367340174,0.6472208330735845,0.3958169512286967,0.01,1.8592729283655845e-05,3.661395171113426e-05,0.001001092915545562,False,0.21588237791584006,1.719329735214842,0.04003358147635114,0.014323997196114213,2.3304850167340582e-05,2.9504922434872512e-05,4.656550684290884e-05,0.025967371750615906,0.02912489631214232,0.03217098965856637,0.01456043883346162,40.36802475643618,67.5811563144257,-27.428225432109723,0.054124070179506045,0.02042046122948354,0.06815840148897508,0.018590639483246445,0.03541234941629193,0.03332649595935164,0.07183518973021881,0.04129058955126124,3.2078417772910943,4.807455693969132,3.0956206737982153,0.030028207486705316,0.03711211472803848,0.17605061238023006,0.0032687127288788436,0.003712962024164713,0.005621119420637003,0.008022051850050132,0.03896459552199988,8.357683462258937,8.491233286163606,8.347037528023435,0.013540539601304857,0.13813940361302623,0.14064025959620227,0.0007302225303274616,0.0005814518619512636,0.00025977010225796093,0.008099055775188478,0.048075027246492284,24.46511016618074,8.479039768925304,-0.011001079772110926,0.13752936855115847,0.0006953309689808899,0.0004703411618067334,-0.0002616452576067753,-0.007257331690111247,-0.0008689110050497011,-0.0005644738704253245,-0.0003462853208398196,-5.067446510076401e-06,2236.9031995736136,2236.912639066727,2236.5580534805094,8.46701506159252,0.009439493113404751,0.00258521421937985,-10.002668910974535,8.350161838020165,0.4189707960267697,0.4102376355981683,0.005653137865010649,0.00011645984316120748
233,train,1621.7385538776575,54.03821263536854,0.5770511256781699,0.3659559785895116,0.01,4.592569077066652e-06,1.1440753752960223e-05,0.002938580213080843,False,0.12241752793411385,1.1736663111580583,0.014387294124145378,0.007529780644008888,9.101927524305478e-05,9.950552076833459e-05,0.00018057465080143818,0.10684334628867553,0.017278796824566012,0.030107773049693698,0.025766835934958012,24.35358128334076,36.619357212488694,17.550164034615115,0.0615952436248296,0.03679692766436778,0.03480637650119255,0.02038781977558344,0.06738819850809136,0.10325736425473711,0.05531796362995118,0.052992441722320566,12.3911073146571,18.349323508221005,-12.283746673876013,0.027152651605717004,0.017533872819468707,0.11897324040615548,0.008660781963429691,0.0042982468550842685,0.005804853784584729,0.04999249183688903,0.03421058127760199,15.126025707615435,15.510519414418923,-15.121186897082357,0.06409993710982942,0.2617835215958441,nan,0.007671043822280554,0.0035288893960092505,0.0020665893174276213,0.08241094303845659,0.07149219743400363,16.70015810565297,-15.510519414418923,0.24646934646880903,-0.006952244947217542,0.008148520231154666,0.003985594618550627,-0.0020842833025826258,-0.09111253032354552,1.730718608248103e-05,-2.231075723710554e-05,-4.975164165591765e-05,-2.660011721999922e-07,2143.493597065635,2143.49238380782,2142.2220171247795,-15.44000116842335,-0.0012132578153796203,-0.0693049881801926,-1.0243993405006222,1.2679133068454391,-0.12822423947409334,0.08614475359080045,-0.08522685007210384,0.04481729484301516
234,train,1515.34150635587,59.399459386777075,0.6068146137583477,0.38242258105553284,0.01,1.0031809957866662e-05,2.155273615224678e-05,0.0023361994087117213,False,0.12732348935259127,1.0499074865099374,0.021868489475767566,0.006055496958376594,5.5668167971364626e-06,4.475892111523415e-06,1.4386751578850834e-05,0.06897922931904393,0.018028768747423554,0.05115830718336788,0.023031789118387148,40.87786813530239,68.35399455314928,-29.70464093307208,0.05637483053547665,0.023028668112192265,0.05463990243382999,0.016589222540910983,0.030551849003011874,0.031075187614948253,0.07933329383631169,0.039203020590200845,2.891595457515775,5.0755521956025405,2.7682305668812823,0.019030437476940776,0.01606202139486959,0.1040615185790267,0.004083937236635844,0.003632166555175298,0.004033278363206935,0.012028161130266052,0.02398351387653007,6.3693641542271795,6.542442721081443,6.36119261224808,0.01838543142258775,0.13703961283282423,nan,0.0017796249464248257,0.0009104070763535175,0.0005608153210547602,0.01628432994640941,0.03131495802461335,24.0308939453742,6.542442721081443,-0.041609302283829606,0.0623884685083191,-0.0007806871760530974,-0.000443503158044742,0.00021979720394006805,0.007608177601367992,-0.00048821465234451326,-7.76840564998819e-05,-0.00010805597918601459,-2.0960278354076323e-06,2143.257939098051,2143.262815896442,2143.2672933871586,6.54663244292442,0.004876798391251214,-0.009066520234227937,-3.8321374241027115,3.0386289215679883,0.4878149214619043,0.4700103579835117,-0.027324103746650508,0.017320390839852602
235,train,1477.2501801649055,49.97778032222662,0.6642393178863325,0.4002038433871657,0.01,1.6498517073185566e-05,3.222482161184677e-05,0.000511923070691139,False,0.2362410462118605,1.8841126995741888,0.04470187684272729,0.006839832460437734,1.5790353565775713e-05,2.0407073395608804e-05,2.8149996914630997e-05,0.014776162771501658,0.03058080003903054,0.04701386991139204,0.015405863357633375,19.92786775482847,34.07832194129469,-8.362422513081842,0.02675158058312821,0.0048402993419972866,0.03776230570194533,0.008411216188744295,0.007732049142091144,0.03491881812543757,0.062186888835778685,0.025975262889332384,1.8288469853748555,4.272965488050431,-1.786654862868618,0.023518295722426696,0.024974777564661568,0.1460307910272966,0.0007185387907584763,0.003226402326652885,0.0025121441835802122,0.013907999031545437,0.031895108820749196,0.30511969270210565,1.341685697849698,0.1993852270255234,0.016916631318381725,0.05766252844643727,0.10388151749995864,0.00155530889493625,0.001166114970759407,0.0005620345169216554,0.0170408239142067,0.030311388040536652,11.912193724295866,0.2500349008141711,0.015406814640703422,0.10129017398555062,0.001257331382316784,0.0009010555188292383,-0.00048066090675276293,-0.013391088292113147,0.00018519561687323953,-0.0008814444417587735,8.289469784338876e-05,5.587499551928943e-08,2302.9815356152994,2302.9911272263266,2302.7346393634266,0.2387020203350403,0.009591611027190083,0.0017412694519407523,-9.16673257813818,7.727628887721664,0.3283850242551125,0.33440803450297507,0.005041415834057261,1.2119623230856405e-05
236,train,1546.9181872811016,70.66743068887544,0.6867014298749361,0.3844285582012072,0.001,6.0930997786330334e-06,1.1843643345570732e-05,0.00012448480812242172,False,0.1342349987775982,0.9945252065497243,0.03247975420249115,0.014423722446381682,2.474754607225338e-05,2.1921407000879263e-05,4.692377629516896e-05,0.08407882724039337,0.04058597425850889,0.030879122364428562,0.025939586098783187,53.37045127825707,84.70870132338314,-42.73215685250174,0.0592177410325081,0.03684410628759658,0.07644470769263455,0.01959486583098979,0.04677416194034437,0.04075608671367669,0.03938358465876133,0.043299585520667226,0.9949275083689114,2.284082972917531,-0.766958480234073,0.012679184685749245,0.0027807991557199556,0.06405828610049552,0.0009246295650422605,0.008285146408422109,0.0011782396598575375,0.03459772585834384,0.01863747112464687,1.351061197018748,1.5445204664874836,-1.3506012207448508,0.010814562640859782,0.011744487983954426,0.0032424271110074896,0.0014937704352191701,0.0011003230467034576,0.0006403136561786556,0.01593057865985588,0.0056919834821531805,31.788579231112486,-1.338612716325315,0.011811471086663698,-0.0015098318528290514,-0.0009711407310628388,-0.000725609491610417,0.0004264301293093653,0.010585020098489467,0.0008603582209985927,0.0002576088886739811,0.00023625978292794023,4.002491111210205e-06,2449.6851591543755,2449.676888505186,2450.3015870532245,-1.3318977523636022,-0.008270649189398682,0.001555685227685899,-3.9803626008206265,3.3042801879591694,0.10623727262782268,0.10161056222649598,0.0002043839394900715,3.239334845012452e-05
237,test,1660.1695275116003,53.86804257341856,0.6534318203720844,0.40601183858337375,0.001,3.0358641373488334e-06,7.590907735743331e-06,0.0001552736617476374,False,0.23391388831575793,1.6966520778642007,0.052978020854302955,0.011024572248270026,6.0730625310838384e-05,5.279802149929532e-05,9.547606195030896e-05,0.09192165062300112,0.027568946333162793,0.0632201995127536,0.03048663352961299,9.166968336530276,15.383463161693271,0.4914686026117761,0.018227104672686067,0.009150481442528146,0.012049445914934587,0.0030449480670678695,0.01242943335129462,0.04053871229907095,0.02371048402475387,0.01682058418327501,8.502258304124485,10.740142320858467,-8.477143466942048,0.013879558419816251,0.023037633231203728,0.05302088565008761,0.003385670838559832,0.004967649192975487,0.0038413275366887783,0.007653465842196667,0.015984438715285352,13.506573018325147,13.72222948440276,-13.5002404292462,0.030045068286330245,0.21562369264354642,0.10631677737739424,0.00033071834030801373,0.00037478065041778437,0.00011896452165588718,0.0043585376378261495,0.05452057852852476,9.404947584841032,-13.722226613695511,0.03068328834820842,-0.10792052324621704,0.0005572249054715114,0.000369475323307046,-0.0001688956332054345,-0.006002188635908921,-0.00015058149006523218,-0.00020799381642642165,-6.918113914703355e-05,-1.0512168930887356e-06,2439.865082859341,2439.8677309673185,2440.297202037743,-13.726039256353033,0.002648107977620384,0.0011645346799014078,-6.113718826516106,5.071170602427977,-0.12381240051126952,0.11429316832800171,-0.0015586669337608328,0.002160079784154259
238,train,1677.6647838388958,49.27239124069682,0.6128415722073364,0.3793608111038049,0.01,3.026232783484383e-06,7.910120270568155e-06,0.0005114370561861043,False,0.15805137975687353,1.0815346049464551,0.03601672349640355,0.008668777331910071,7.37008732796025e-05,7.526660652002632e-05,0.00013219522762671085,0.09845013242870056,0.026252104434560566,0.05381962268471785,0.02980050370923422,42.07485955095302,62.37080890914149,35.852714132135326,0.05436819530013731,0.04452479625061562,0.06210877361728163,0.014678411982844308,0.01888036100722785,0.05405038311423947,0.059846289583025195,0.042348169259205676,27.264511616953612,29.681183210662766,27.21934870568708,0.03976330969328279,0.040095771692305285,0.16513819815974146,0.009977951023960653,0.008739573289175153,0.011397811693968949,0.020371241628823172,0.04262009124799578,34.28426033226863,34.416390142497676,34.28077978129784,0.05343543271846052,0.17779606065552198,0.052864492476087564,0.0014895952534812902,0.0009360406766042752,0.0005913245398840341,0.016683571770227196,0.04172684756196773,31.922839407780444,34.40743099075871,-0.05335488225431802,-0.05337247412178369,0.0015634456028246503,0.0009469403334365311,-0.0006202757011381898,-0.01786590671639618,0.002458642881682374,-0.0010543103582501443,0.0015410728804899558,1.4874415102950067e-05,2325.2958645254953,2325.313532987414,2322.916217536677,34.387476803841764,0.01766846191867444,0.0022857249982735084,-7.036827701043421,5.857434345336223,-0.006843130835022748,0.006233219239607165,0.0037480075884559483,2.2288403446400844e-05
239,train,1526.0347374064597,58.681103417903174,0.6273091435558602,0.43134832293588976,0.01,9.217061575256819e-06,1.9836425957986173e-05,0.0011457430991385642,False,0.15489379702217113,1.1733100422868574,0.032582650499102465,0.00886748920727376,1.0587099467166593e-05,1.2526240999784085e-05,1.8023992892298927e-05,0.054988825439639184,0.028451615694311386,0.02700273521308295,0.01841405228006546,31.43258229867521,52.582457193648224,-23.103956916540398,0.047341445550295624,0.020313104912152078,0.05466287904381345,0.015519820015370177,0.030420035562334528,0.020783312878408157,0.051783837812111225,0.03224716503736494,5.436144079027848,7.072881748988948,5.385966688646438,0.019015490771764565,0.03002181403285814,0.08840620098447727,0.0054861753237394825,0.007533538605539336,0.008070595779543058,0.005965713155699769,0.024247339646976177,9.085982093688857,9.205640858570405,9.07910015666257,0.013727002161452617,0.12725936098062043,nan,0.0014624924541177483,0.0008861470196311634,0.0005390618811910308,0.01400471980292732,0.028830356427697545,19.359462729549488,9.202256170081455,-0.026774289900651022,0.08050705381199534,-0.0013414228956891013,-0.0008897556896329335,0.0004628519109177193,0.013430873816839717,-0.0006570689290299097,0.0007505840233798676,-0.0002532527261875853,-2.4841897394711765e-06,2215.2799361770158,2215.274166053535,2215.5372841113713,9.203947274082566,-0.005770123480942857,0.0040790194798319135,-7.140067861747866,5.96987443849401,0.3913402853509069,0.3754342771551597,0.0020703841250906407,0.0003298063453985222
240,test,1676.4922087424627,65.09040693816786,0.6174818172078709,0.4053840802400873,0.001,2.441570654320498e-06,5.935277035524993e-06,0.00039097320905620775,False,0.30530072860652585,2.1405880317320225,0.07151987702749169,0.007646270437427383,3.060878411930199e-05,3.132871242098102e-05,4.891987489967413e-05,0.09102949142637384,0.025038637004822072,0.06407360845743289,0.030042099043344792,18.857056987291124,28.1059023123762,16.97253089645227,0.02758217666891838,0.024204531904483573,0.020467669090681217,0.005598687091157735,0.016179052019023796,0.046475981357034166,0.03679252154190329,0.024953073834047296,7.727534388883704,9.309745681624008,7.651646917228498,0.017536038452163893,0.020603627719859786,0.038672825249280576,0.004059758580219806,0.0030214447692288107,0.005925247449535088,0.013650220543616835,0.014322187385290149,11.227630722329318,11.374762309468224,11.225738582368418,0.03148556561774951,0.19415676696890333,0.004310234578782977,0.0012875871586491131,0.0009569986538387692,0.00037900424189020075,0.015677283623507586,0.036127979204261994,12.80314675147018,11.374762309468224,-0.20400607387026,-0.007400753593836922,0.001996800696696753,0.001299816771708555,-0.0006321724576166446,-0.02316991157613816,-0.0006397623756538198,4.079927745277019e-05,-0.0003207083049061324,-3.6411545514258847e-06,2335.2016767703544,2335.201648132112,2334.615080205053,11.558792822020223,-2.8638242383749457e-05,-0.18400187430961523,-4.713257958432678,3.772880381165258,0.0470031211116293,0.05119049639032535,-0.19353520047798156,0.130551009452837
241,train,1691.6310019937212,54.754551900808984,0.5789997290622978,0.3617461695504071,0.01,2.4746895192509085e-06,6.8405734898550044e-06,0.0014105328728670158,False,0.05761957434102595,0.45025021853075486,0.009438430308471874,0.009497182814256266,3.7751487772930436e-05,4.2936523929175e-05,7.037578721180416e-05,0.07598213580302848,0.02993409005739384,0.03320902971967696,0.0232127198965022,18.082078810324287,28.4630339315745,14.970574162266088,0.03039888177042971,0.01766043486765058,0.020341819211996258,0.005729902898567438,0.009190340702382473,0.03543948786278393,0.046452620935175,0.022469101079759277,21.461655474303953,24.976350547837683,21.394466230563165,0.032477876458226085,0.041650857523661856,0.10027415432985531,0.011517319525136308,0.00929963061274822,0.011021214880840865,0.019930911943403185,0.03228234813594096,31.60443791255288,31.804193893409774,31.5987938566922,0.06343819449829491,0.24534636035650878,nan,0.0008581575455246268,0.00042081665210483304,0.00030843657996805924,0.008150475976423655,0.05101684942210599,21.01934827900598,31.79412364687687,-0.047723900406584106,0.015420128704670497,0.001111726918350628,0.0005618032809426647,-0.0003603729869975481,-0.012183354296422429,-0.0011246300154222032,0.00031921097032356277,-0.0008188887168739453,-7.6572902123484e-06,2222.1240128268746,2222.1154887694447,2220.573260595602,31.796744910797315,-0.008524057429895038,0.005902793509449111,0.03835689934885522,1.140960197975912,0.029203563656210463,0.0659619405035486,-0.0007067832866596291,0.0005457029390199791
242,train,1456.682508022775,51.859504942799354,0.6393828446394619,0.4013735148456906,0.01,1.978152495052688e-05,3.8401102295664825e-05,0.0013610519398255785,False,0.18573714314962295,1.4932543358861494,0.03318665883134535,0.009873092257846938,2.5100772441101354e-05,3.503269813482403e-05,5.417743427161592e-05,0.03254141016626751,0.023250014669618402,0.029668111293562456,0.014262307839049318,80.12693355546276,129.95975049720892,-61.285941369069434,0.09571544286157735,0.0543938072644078,0.11257191688991282,0.03520237571100598,0.05919934616015156,0.059616756835568954,0.14670963660916683,0.07794897324503565,3.974023784777178,7.869260814316476,-3.5425696735582717,0.022674161203501075,0.011486073998323718,0.22130840643419986,0.002118632929838816,0.006590259510995844,0.0035113231892796638,0.013413810336509511,0.04307141773319123,2.7068560568418034,3.929263375393475,-2.701206844118502,0.009467929765672345,0.04305135965454742,nan,0.0008386339906292744,0.0005197913355270634,0.0003162614113894499,0.008073828244247964,0.010559974927268234,47.749726606195765,-2.6350437760161185,0.0010921549503511532,0.07742116712000192,-0.0007804397716834987,-0.0005125959360551001,0.0002777502894671517,0.00772619169260279,0.00024746053851819837,2.200025452726141e-05,0.00017936414096104573,1.783163089186246e-06,2197.465829265831,2197.466660965635,2197.7718039478727,-2.63943700300797,0.0008316998041664192,0.0035615271876849874,-7.243080022811682,6.009262242673753,0.732740797839142,0.7011269698303938,0.005010108779515576,0.0004542979360448877
243,train,1587.1343507236747,54.297128835427706,0.6618667786302602,0.42274155392151785,0.001,5.777573518451457e-06,1.2674065154744062e-05,0.0002209476964732861,False,0.13435741283992547,1.02632226990454,0.03244495468609123,0.008380032372745205,2.530217324112557e-05,1.9545071405160715e-05,3.676671378571628e-05,0.08394285883423751,0.03244023488516503,0.03288839269953388,0.024892183396228073,11.745173127335441,20.831774408037745,-1.5859524941327403,0.018093978644623032,0.008115496635414544,0.017991858826650907,0.0032220136952422723,0.010359490166788011,0.04182971078081856,0.01740185788337528,0.016486737998048263,8.240593380886267,9.833903837830348,-8.224795894627002,0.009675006681485243,0.012528512558492676,0.05080612620175057,0.0023398110592739055,0.0035499360481748366,0.002874792344790913,0.0032909122937888097,0.01256501508437862,11.352940741936187,11.490672287574853,-11.350871476997195,0.0244113914013111,0.16159941184416576,0.01695154916907459,0.0002714173363769508,0.0002329899230996854,0.00012778282277246916,0.0027686586962290837,0.030325301631953096,9.598697219814778,-11.490672287574853,0.03899380502601142,-0.014652900735347675,4.887949129437062e-05,3.228627702749626e-05,2.0635726912195105e-05,-0.0004545607794163751,0.0004576623779615691,-3.840991740771648e-06,0.0005832447474522485,4.795384271671921e-06,2393.4574283760026,2393.465948889842,2393.9919134127304,-11.500179052686235,0.00852051383935759,0.000986251272024674,-7.369585399337211,6.106698268971109,-0.04090237455284296,0.034888114635074324,-0.0008059040405896667,0.002035716641456344
244,train,1460.516724912991,60.55267142846569,0.7298495087669975,0.40078031752287063,0.001,1.5364850710268676e-05,2.6460672921319575e-05,9.811850493559426e-05,False,0.33214318545130694,2.736547273348833,0.06469761222803516,0.01017834889075031,2.6978926255756294e-05,3.556832555275458e-05,5.6872338468913426e-05,0.020474390426802977,0.03725907383219514,0.033129194049613994,0.015163679649814923,26.006165999791556,38.94673118279252,23.5005282058873,0.03990808494249176,0.028734600955824724,0.033418202061189166,0.006021966810996292,0.021655025542645825,0.044700232601842076,0.03356607141648571,0.02801601656483063,8.468570457724496,9.430658662391124,-8.457884717634204,0.015319301443684541,0.017007799916176576,0.03084863087715093,0.0008615976731530902,0.002779053763562018,0.0016996611453553626,0.007303362701027001,0.010083351012737496,9.422801777970081,9.453981462713728,-9.422514473355502,0.015067237583159088,0.05859680422777857,0.0066709790861890685,0.0011596052193890837,0.0010632178109171852,0.000551651946679612,0.012788596763390546,0.013471809175724011,16.77254793263502,-9.453934932841094,0.022518653154709942,-0.002949920081731618,-0.0012450756306476734,-0.001065337825221951,0.0005957136518390245,0.013321504582651678,0.0004896932761293537,-0.0003095795094310632,0.00010065079789974672,1.5638001191753403e-06,2502.129223642794,2502.1291640710883,2502.409132279826,-9.45456855823386,-5.9571705605776515e-05,0.0006931970983714564,-4.210207622480539,3.7283285713854735,0.43421920891660193,0.4123823203938658,-0.00032122757693286985,3.341944816551868e-06
245,train,1568.9715759787161,56.23035858456901,0.6812751800724841,0.4093747524742766,0.001,6.2172149535295064e-06,1.3333485092488779e-05,0.00014174649535134422,False,0.10498675963543008,0.7959792160143024,0.025390845621010336,0.0065585170013515715,1.017608209649377e-05,4.663166713012152e-06,1.0375472229766116e-05,0.07642365469496462,0.03817936090168663,0.0329083174729328,0.02458942463177055,4.567844958798216,8.032272326012844,-2.024155630502993,0.011249100794514688,0.0017732757020577008,0.01240890356194233,0.005060701257877503,0.013800806373593225,0.01655377423017426,0.017006875243615757,0.01110072272821013,0.8016025732865734,1.7435053755739318,-0.6919516601688387,0.008822992738410917,0.007179344506943464,0.011627163389438231,0.00309767134008398,0.0025250354725017536,0.002709919513111624,0.031160363376157085,0.009716582933039357,2.0451312564114974,2.0642460222388763,-2.0448066256000486,0.009994261714142638,0.02817774750521204,0.034793877617594934,0.0035478918060238905,0.0026978566507736136,0.0014425674659584015,0.03720206486081998,0.017977000984397144,2.9425666007663205,-2.0641773234310676,0.010600148866815935,-0.03277639122054343,-0.00317248653925918,-0.0023998550847359164,0.0013081149584526094,0.033389551949978634,0.00019168121655254645,9.544688626271116e-05,-0.00016629606731750175,-4.255264037800188e-07,2443.859342761255,2443.8516787692365,2444.6734528367165,-2.0575400147404252,-0.0076639920184788934,0.0010266833278365084,-6.013477161488481,5.060959980905887,0.08173312646840714,0.07962775864896235,6.188122733874479e-05,3.139258170747511e-05
246,train,1634.698043678628,61.86237616644257,0.7284868406678464,0.4302057777570067,0.001,3.286150519953801e-06,6.905496753254157e-06,3.2537100010058324e-05,False,0.3410465448540196,2.3980918088220733,0.08652001076305144,0.011580883549866527,3.883786113538735e-05,2.3433915276690546e-05,4.579869207759275e-05,0.06110940484140009,0.043332951001536675,0.0888782973882141,0.032238120616606754,57.06008867062636,88.88392478932838,48.40786275103246,0.07808294215735279,0.07404598934627482,0.094671753436551,0.018006664554864254,0.04349983190001769,0.08929359786303796,0.10514451714864828,0.07077705904156567,12.825647174922844,15.706656061916874,-12.777301618916395,0.02065808495489474,0.018613773850863095,0.016731259340541104,0.003019782239565337,0.0020962854577773666,0.0033814966803007635,0.01079318269005925,0.00910596337651782,12.72030921997205,12.756350353931794,-12.719860017433001,0.016755550024472043,0.053219545778504435,0.016847851977067767,0.0006747275409837613,0.0005172736641990625,0.00035122383586387053,0.007393220851953805,0.013167307274762119,35.36144019666493,-12.756309891952696,0.009772604556262415,-0.016927135997338746,-0.00016973525085882673,-0.00018894920507678365,8.02388109369752e-05,0.0024493413316993558,-0.0002362356379908761,-2.6345977328382577e-05,2.6359922426461237e-08,-6.220706274540078e-07,2645.0560694208943,2645.0591962461062,2645.0935049733093,-12.75982058333193,0.003126825211893447,0.00038386616733987466,0.608775264036467,0.5621880308192488,0.25321272400697126,0.24322950522766412,-0.0002860729000531137,9.641516814820064e-07
247,train,1664.5138910065193,68.07734508265162,0.6080899093891111,0.40958909839465074,0.01,2.4135938730374263e-06,6.271231309958258e-06,0.0005500167945456191,False,0.26688703219410254,2.12407265044385,0.05740926810816845,0.010261048272667495,3.717221435196168e-05,3.9974829158885845e-05,6.433289839961602e-05,0.09378163966377429,0.024211294431224252,0.052509894311326626,0.02844071805803927,11.62419916701293,21.4957970088426,-5.769286295663679,0.015256738240992718,0.0032256120464021045,0.019083804120153182,0.00341297881659601,0.011158546469474994,0.024388430686840063,0.015039422094406013,0.012718132372312061,0.7555385404152347,2.9344380143547824,-0.5848598751250716,0.006780687600050683,0.00612052023323374,0.036895645480860016,0.0006457846799240563,0.0009283851793710379,0.0012841581482816444,0.006712953187569213,0.008764574484873285,1.1273442640671738,1.1550424746510544,-1.1263247865444301,0.009292718021760571,0.012467176125488238,0.03564547924120716,0.0029165607967847843,0.0017524376487627418,0.0008995418921475169,0.0326962640653803,0.014396243294961789,6.864000878770516,-1.1550424746510544,-0.0022267243461817944,-0.03608530174884317,0.00317439999537547,0.0019185362596558489,-0.0009727939825698435,-0.035803596079797294,-0.0007047626355714141,0.0005061497877596189,-0.00034782708816349174,-3.464458556812211e-06,2289.8218368075572,2289.8168121100402,2289.3166232207564,-1.1545368691472504,-0.0050246975170011865,0.004519092013197223,-4.638635983225413,3.8826066482126267,0.08760384861170678,0.09648957180321921,-0.003291609921689087,5.612939189498052e-05
248,train,1669.4415256986222,71.34390837846388,0.5515770594847351,0.38959362154858945,0.1,2.2470992212726807e-06,6.4562330630423325e-06,0.003919118267291585,False,0.2211648520308486,2.1170905195360774,0.03731788351848193,0.009297471978205962,4.484562589651497e-05,5.5264769169664536e-05,8.62756850067652e-05,0.12082021317257793,0.017153610604318317,0.023117726090272097,0.026879655991206883,20.770696836579205,31.46429325755662,17.508379172498596,0.04580139667515515,0.027787802774846437,0.030902166293957645,0.014863929247636605,0.048111713158245355,0.06826142951489003,0.039060580214728746,0.0381646035340508,5.842605152593117,9.835903635664636,-5.759315496104765,0.023026384697154123,0.02184885363882829,0.05859744135755483,0.005254332932192294,0.003073580950597711,0.005408633409101791,0.021560367814306168,0.019290535017096846,10.7419088461044,10.982934345307058,-10.731166869672302,0.02740219266341848,0.08429042111348337,nan,0.0030019719010163635,0.0012987166362569162,0.0007364265234921566,0.029872610209022262,0.023840029276654212,13.353259847598551,-10.982934345307058,0.03386394089990025,-0.17602408802861846,0.0031930348602847354,0.0014903514982127321,-0.0007378374097850122,-0.033012892753828495,0.0012846273625430201,-0.000866017212013305,0.0012373310323030428,9.88514109945271e-06,2093.4629104126134,2093.4846050741016,2093.0449909326517,-11.024398350293268,0.021694661488254496,0.01976934349795556,-3.747961632288934,3.2524256610698896,-0.3479986283105063,0.26832376301663946,-0.010783261151573242,0.00025846676359890573
249,train,1670.1074550408064,49.614716352836034,0.6514966640523278,0.4370137386554638,0.001,3.2132934892649945e-06,7.929799938275577e-06,0.00016284975346617114,False,0.3099811056025384,1.8493128021052598,0.08244397478247016,0.007117909645480314,3.914285756154879e-05,3.628451869213055e-05,6.28245404805387e-05,0.11068772789505846,0.030053198559526605,0.08440349395798728,0.037547112054884424,58.357279706322856,85.35981491895336,50.066426151568166,0.06204122846659477,0.05984987888664948,0.08975748594053427,0.015344976695498024,0.03649393060621665,0.06145902064031145,0.05755421067837561,0.05340991724126425,24.70845967404507,26.798995944789567,24.689739389920046,0.041247814608788236,0.04919658568061242,0.13152338427953197,0.007102320805353077,0.013115434885069808,0.010346423377459375,0.013000487956992586,0.03738077283083654,30.23824103214052,30.421814889888537,30.23484940821494,0.03878816360710813,0.31062846259531096,0.02393199391929783,0.002077247408792184,0.0017624977477485747,0.0008934306563773512,0.026243164030627854,0.0609227993930258,38.78391269734946,30.421814889888537,-0.057716556409320156,-0.01816840754509416,0.002040192035535589,0.001521268368512997,-0.0009226739616023686,-0.02431669782225339,-0.00010474445336547371,2.7579493138756743e-05,5.031105819274506e-06,-2.16731784741242e-07,2434.334448532163,2434.3355657547895,2431.9810577253534,30.419735835735082,0.0011172226263624907,0.0009618315270927269,-8.99872633336372,7.487494362633515,-0.14313731027414178,0.13570616647857833,-0.0012808577789655828,0.006860221736277489
250,train,1541.8177957205419,71.05212626258933,0.677934076133967,0.37909152999264895,0.001,6.364329914390343e-06,1.2390124360996566e-05,0.000171319219353582,False,0.1331420920678833,1.0053135311802635,0.03114054647986629,0.014131166886866886,2.339163838220249e-05,2.0414269401385682e-05,4.357286538646626e-05,0.0836100898452933,0.0367591301449213,0.03070366960133605,0.025193378060786784,56.73377946616699,90.62498102260679,-44.98621028936636,0.06015070336673589,0.03765641494995004,0.07870501159296145,0.02013766017284344,0.04366094395352863,0.04372699133096869,0.04573877995236074,0.04493763365876883,3.241904383492382,5.4391150645387825,-3.15613897718213,0.01448547723435567,0.0059307746678557306,0.08144538858315047,0.000609542645654689,0.00923905484255742,0.0017920367064459344,0.0348062168614745,0.02230383571785646,4.468534422380482,4.485771836998538,-4.468433572094907,0.014310904710782335,0.027254055688618148,0.006455519909552325,0.001188114406751885,0.0008845939136407189,0.0004910477857997225,0.012912688562501967,0.008197670044477462,33.88098927116945,-4.485752690424306,0.012718085428993263,0.0031755192597923746,-0.00051513303591272,-0.00037698407533019225,0.00023178243108591464,0.005705170665030914,0.0009680842402115314,-9.655318048842742e-05,0.0008341564727260638,7.6033533973340894e-06,2417.58417869973,2417.59342650136,2418.134704773805,-4.496918964218821,0.009247801630408503,0.0019184721641067881,-3.771954512330467,3.1209106873947055,0.09012537699072709,0.0867152236954989,-0.0008207083992601838,0.003915081238493669
251,train,1636.973387558489,66.9436806062216,0.7053412004221884,0.3725182314132192,0.001,2.8478449317248083e-06,6.259770257353192e-06,4.434669248870464e-05,False,0.1939701785538948,1.6382611178762545,0.03522557771872506,0.01167529546329149,2.190536625697424e-05,1.641341457380059e-05,3.769578794916976e-05,0.0443476854215507,0.026899471402117736,0.018509834328717174,0.01497216762019426,13.904803793316551,27.28690998062848,-6.610298135658103,0.019230534837885838,0.004921557269213323,0.022283667047954387,0.002310616910505326,0.01728719890703028,0.019966054531797506,0.014851854708166414,0.01360349156244454,3.3341166811654617,4.885259242063512,-3.2930060885529646,0.011972813411107674,0.009202910297329269,0.045686350286176056,0.003505984841694123,0.004412254548933507,0.0034977266226081283,0.008285565882315469,0.012431798746509425,2.351098389893772,2.5160801465235636,-2.3510143246012176,0.012244882571712523,0.005954256613453936,0.03048823911498801,0.0007991825173245491,0.000634510702979272,0.0002546043436756857,0.00951516148029653,0.007940992462119663,8.556047953792369,-2.3481535866949343,0.004757504750466646,0.02993400976543261,0.0002486240260804366,0.00019171809325520343,-1.811679890560573e-05,-0.002930585239103998,-0.0011586625247587503,0.00046989984199100515,-0.0003518823957010799,-4.729973237083129e-06,2596.4944296705503,2596.49440386399,2597.5106345639215,-2.3488449681549355,-2.5806560188357253e-05,0.0007171880201894965,0.39452599933247257,0.7311406780068878,-0.07508872348807927,0.06925387170574411,-7.997258990144474e-05,1.0870951164236274e-06
252,train,1564.5488102731308,57.82350298352316,0.5968108604401335,0.3684511286004353,0.01,6.46287282340161e-06,1.545413858290118e-05,0.002065923569505231,False,0.05712106161165934,0.4951834051073547,0.00732061525923041,0.004887371019150599,2.629932455404955e-05,2.783784396337807e-05,5.33117031519523e-05,0.09398933816750722,0.014283822902761756,0.036244478139634904,0.024104181346928877,12.016999977014455,21.150961187977828,-6.080293678047679,0.015476556778749817,0.005249749434115641,0.01917109132063378,0.005522295191795666,0.01237701655762807,0.0203565583150722,0.013926820324321845,0.012767255190594533,4.884762155179894,6.103356093351522,4.848842853453578,0.02110883795524965,0.022164232449454906,0.05579425853246125,0.004631175824491406,0.004361916440769017,0.0048677167385594265,0.015033310756239362,0.01780876845699589,9.709977336492138,9.901043394349472,9.702371426116716,0.019347384493763276,0.16147062549334942,nan,0.0009535150337466512,0.000394123905030187,0.00030501516658717776,0.00832198231382778,0.03428905238250825,8.825002081294718,9.901043394349472,-0.059704894431517296,0.061635420849738075,8.960445289065471e-05,5.662458688956738e-05,-3.699111659596138e-05,-0.000964866270223834,0.0002576246862523403,0.00014846444034033663,0.00035304895758977734,2.9815370194974378e-06,2158.5351499138656,2158.5387095547635,2158.24677759507,9.896926388175416,0.003559640897947247,0.0005573652761086123,-2.489791187870196,2.0041710968737116,0.2948124981971887,0.3010510457681578,-0.019522061072621,0.011082048084353563
253,train,1522.9981958514252,70.6193602645438,0.6672965149414753,0.4228458138752094,0.001,7.851941754769718e-06,1.5058129301749543e-05,0.00027016406776530805,False,0.17022663414974387,1.141296017329978,0.04367443040614906,0.008643015785732011,2.695172661391655e-05,2.543902772671172e-05,4.8555373796262537e-05,0.06123851385708975,0.03784343450221153,0.02366686808934599,0.020474960429464024,63.84581415479668,102.79629898274607,-51.04299014302754,0.06253518852050344,0.04241832250673678,0.09069244646466215,0.02466499554908245,0.05642852252675776,0.05076024049019135,0.048326381109186446,0.05221515144110283,1.7367735554491528,3.2255644034612487,-1.2581934543708257,0.012505440242553734,0.008824378669503795,0.1141500207965055,0.002822142670741503,0.005731105962026699,0.002442410602244522,0.03502525928412878,0.028165886330858463,2.002705941226666,2.5538559650753996,-2.000439203892979,0.0193973296095038,0.05867021497126155,0.05250158493116478,0.002321921343653879,0.0016798055713317865,0.0009528200054345697,0.023691596555518137,0.023302990563060785,38.035267818279394,-1.9416376481412954,-0.023601169058538884,0.04902596829513973,-0.0018151957968265877,-0.0013459231525032838,0.0007128456402396995,0.018907295493002504,-9.751186529036398e-06,8.367345467744222e-05,-0.00013014684753353916,-7.388074975134273e-07,2351.3569178707685,2351.352845801035,2351.699506389994,-1.933583586325767,-0.004072069733410899,-0.003981992082117358,-7.230524114685522,5.966714802089407,0.03155421741394093,0.0235569156988301,-0.007306957794753544,0.015457016711129756
254,train,1646.0261316558192,72.22986659123822,0.5962015087565361,0.3694242970821851,0.01,2.760946602390978e-06,6.66504473546171e-06,0.0008721291644000523,False,0.2159672622375652,2.007091300897173,0.032559961753376325,0.006575605771712123,6.172231660345956e-05,6.693284034817095e-05,0.00012126491336942416,0.07846179624188689,0.015414648176815725,0.01242274882083231,0.01775818555164266,23.206658667312688,43.46534994240801,-12.106498071491542,0.03373709162521532,0.009902087674265732,0.027779828816609314,0.00878159817637882,0.03354213639588986,0.04735333106563682,0.03393619934822771,0.026882530246168046,15.157966851567089,20.294572899868854,-15.124581157750296,0.024329857437010993,0.02347431936906057,0.09992197179999737,0.006846760032868844,0.008387880340260726,0.00670906803935759,0.0029590382277122694,0.02471650630154289,22.05018139400342,22.389887790958255,-22.0365612143676,0.03308887851582831,0.19481997137529486,nan,0.001679030829829518,0.00083229417423366,0.0005350125704414869,0.015698328656670937,0.04271292752129409,18.5027433384516,-22.389887790958255,0.04294582270949731,-0.06473592316191762,0.0018747646593446328,0.0010007590469957321,-0.00048511375538642,-0.020040226976815904,0.0002185139043382578,-2.4845066644002037e-05,0.0003937165736691776,2.914958965316572e-06,2237.8622678368074,2237.8693092376798,2238.0172951591694,-22.404609096252443,0.007041400872367376,0.007679904421820538,-3.2078578022205875,2.862815920897703,0.2723437069539614,0.28086864817760127,-0.004969963348230522,0.00012864594542412344
255,train,1499.510881763265,58.65917974784015,0.6887815259831116,0.3690225749490112,0.001,1.0858880295149751e-05,2.0989340478512224e-05,0.0001873571126711816,False,0.2173028318060005,1.7847960824376514,0.04165457982041536,0.010364068036862406,5.640755880233719e-06,9.977945199983157e-06,1.3119291755297985e-05,0.04773976045592148,0.02771832101010367,0.047137168016954174,0.02043733124596914,27.740396540701827,44.49293559595344,-19.967358576161544,0.0460908363675796,0.019351190459067594,0.04363769433796039,0.011313463468429364,0.019726567009443804,0.016268653444940342,0.05043808664035362,0.02678927589336585,5.993260392481005,7.650085254462283,-5.954590174219787,0.02230825485475796,0.0187501266897398,0.04691658715033677,0.0012259226902721126,0.005657686058480104,0.000640018496793933,0.031938067331842325,0.01752140140291084,8.687637881484656,8.770748875092067,-8.686294272488073,0.025093454942695104,0.10998638652880202,0.015758194550092447,0.00391636333396426,0.0029730136658059052,0.0015277234860829492,0.040717212721049875,0.029146482380966243,17.302632340695745,-8.770733090729209,0.038750480243818344,-0.015261608718834752,-0.0033464379716605605,-0.0024535418284524083,0.0013522930074328142,0.03451093081058635,7.695872686957225e-05,0.00016386627120947955,0.0003097308842697778,2.2873069869255858e-06,2416.1104413740677,2416.1152174792346,2417.0926762840004,-8.776806116604803,0.004776105166911293,0.0012969207086825918,-4.363077942782638,3.654534741264403,0.22515307766889237,0.2188110832197442,-0.00129072701338373,0.003241231933649578
256,train,1614.8248717702957,69.59583871167429,0.6489224121611721,0.4027908762396308,0.001,3.6090741562043977e-06,7.927844585248068e-06,0.0002315323319431006,False,0.2275793830283374,1.7585577616466708,0.04983932768500507,0.008725206831317944,4.396912955251666e-05,3.983403375511268e-05,7.132074607789054e-05,0.07627253686759684,0.03782211288257272,0.0404522955006538,0.025783678193368145,13.79968590321189,25.42002193175722,-4.752254558016461,0.020878145361652445,0.008159954253035522,0.020421321795235772,0.004481793215176652,0.015954487604401702,0.04485945978800669,0.03706599227474532,0.021823834821766943,7.526068147606407,10.28205513014018,-7.496703768666808,0.01158174553632918,0.010137869146781948,0.04974494447285737,0.0018759941821488407,0.007122950138245386,0.0026221946495008173,0.02118889758275103,0.015448808362047567,9.242203217299274,9.35006261516719,-9.240806809184164,0.028487338123041717,0.11283933040385132,0.012012161248575124,0.0009745661465393147,0.0007026510602457064,0.00033180024047712605,0.0109997190071924,0.022976704684480164,9.837693894481838,-9.35006261516719,0.024324289000477332,-0.014626385180061267,0.0016628090793474814,0.0011241588610896936,-0.0005743875702513059,-0.018457672537618944,-8.918127670013016e-06,0.0003425058388920996,5.454804010002666e-05,6.802199228328476e-07,2383.2707706288084,2383.2682554888797,2383.284908320136,-9.349381516507037,-0.002515139928618737,0.0018340412684665353,-4.993581093980993,4.059177535171359,0.028846100338796532,0.02932756982273393,-0.001509762942987436,0.02103949172007402
257,train,1500.0925107654377,67.51157508108483,0.6815900428408515,0.383035828195859,0.001,9.314240572657406e-06,1.8120473424950412e-05,0.00022362465214368257,False,0.20728261294247463,1.6550179237885914,0.04317875492240336,0.006714812404488679,2.0511422335595228e-05,1.9259600474386915e-05,3.561381876706847e-05,0.04379558183424453,0.02711822038886945,0.034397133526723626,0.017564386765235775,23.02620389357201,39.353406755287324,-13.506394125459254,0.02370338003118011,0.00975691511132534,0.03373641224344167,0.007126443751903119,0.014851740907460144,0.02930072420560019,0.01746259615722703,0.01870580539615958,8.614061273289664,9.911557927349804,-8.599509850378013,0.02072832553545556,0.015758463986996284,0.07184294009596377,0.000784663965671612,0.007489457216886123,0.0018025082949566268,0.02726819579815073,0.02082437155977086,11.105108414385432,11.209412543283634,-11.103791026369922,0.028328889974834626,0.12181570247382968,0.005358554675692479,0.0017922971675081766,0.001436500619545827,0.0006922395248649027,0.01963033225896923,0.02512093778673505,15.214838303240535,-11.209412543283634,0.0303312534330623,0.0033789100482130513,-0.0011787085407669897,-0.0008746661778753922,0.0004895543278855884,0.012610480522526729,0.00036456605206680636,0.00015031946119142418,0.0002571799801246221,2.710678684181289e-06,2388.993881956064,2388.9937479471478,2389.564819759676,-11.211072772325679,-0.00013400891612036503,0.0017942379581654677,-4.644101514681552,3.8394243315133485,0.15360318808416196,0.14707831050051381,-0.00109223527215363,0.0100728374931811
258,train,1627.628129422968,56.67593384894108,0.7025502643471091,0.4064753481460866,0.001,3.735856603684106e-06,8.244955506871951e-06,5.753074517382572e-05,False,0.20631108579748883,1.5634481740771662,0.048134288202278074,0.010351222165598806,5.718793975961794e-05,4.207942092077554e-05,8.573073556053852e-05,0.06628372807303662,0.029459232106523677,0.04694751739448285,0.02381257927838068,17.031455429576845,32.75408158164828,-6.895911797776903,0.019421063617156786,0.0072193135166977816,0.021795312851968677,0.0035361781707873713,0.013501872290869148,0.03437641716731931,0.024617457922893264,0.017507758653422592,17.910285303364887,19.90148521466608,-17.89568483870654,0.01869072951076234,0.03968736205175571,0.045734686124589446,0.005417832733752437,0.00570667097604347,0.006598035992752579,0.00867536032442482,0.018636658033886408,22.683549442795638,22.84861486201862,-22.67922380897869,0.03917945517998023,0.16923352073626513,0.08507819016164371,0.0003461780602678077,0.00017958182349290066,0.00025175336867271834,0.001821911516650943,0.04281852261116554,16.770357648832103,-22.848607718304265,0.03535268282252625,-0.08505371512321132,0.00011449766753204819,3.4397726554274924e-05,8.828770742725102e-05,-0.0005007243473379208,-0.0003125248338673468,0.0005714893625560233,-8.101228457047596e-05,-7.17230399516211e-07,2566.790050589888,2566.7850718636455,2568.5211786015193,-22.844182192091466,-0.0049787262423706125,0.0005532000295715989,-1.7712297188850243,1.5230659095640604,0.11091480756749661,0.10586579981810888,-9.976382125387318e-05,1.8734375189101152e-06
259,train,1466.4490168923494,68.71398581605979,0.6830420578911335,0.3801512120941605,0.001,1.2796571529967955e-05,2.323835548303679e-05,0.00025329383605367847,False,0.2552461040289991,2.1414894714071124,0.049626189921863,0.010816841835453062,2.5088172320677175e-05,2.3709972923987048e-05,4.198425102663411e-05,0.03569436965134979,0.03129696929819927,0.0542778013396605,0.02022665378091348,32.60922076634582,49.593265070031066,27.71257760349804,0.058265445061433885,0.037337432878701934,0.0435981110477109,0.013316479025285514,0.04430488125690529,0.08331022503202216,0.03205644565310941,0.04232059581562253,15.162785775395411,18.806612628221046,-15.103484393037277,0.02320883416593933,0.024781467604415346,0.06706847196834241,0.0029199412755212327,0.005617720935615374,0.004120303674348018,0.010296433608390896,0.019134056511105543,18.843513244815757,19.128297769170786,-18.838905741496767,0.03780078919778562,0.2676816751643321,0.005312741886098383,0.0005977663596739056,0.0007205836615386309,0.00022033413590358706,0.008140612819675442,0.04711228567120368,22.434563251191744,-19.128297769170786,0.13306742178456596,-1.6483379830045655e-05,-0.0001898868677096239,-0.00016576837054683717,0.00010629829261236352,0.0023310152776400426,-0.00015310477860237134,0.0002445809680224554,8.551410391787719e-05,3.8035944749381656e-07,2363.1843804509454,2363.185720166287,2363.6960849359525,-19.129441885599135,0.0013397153416008223,-0.0001955989132511604,-4.759160540211269,3.918976080845348,0.24117309384155305,0.22675610474933583,-0.0026053465776385565,0.007504962653277291
260,train,1529.3210323642988,58.30499676274361,0.5783180305336871,0.38041234329779194,0.1,9.474119082084423e-06,2.102307548966287e-05,0.006940346081083288,False,0.11084947441427494,0.9103480354999647,0.018895374861757602,0.006668583470039735,1.2351536408076654e-05,1.4728905804145737e-05,2.9564823333707144e-05,0.08461853681343902,0.0142226362116114,0.05406065534498991,0.025493078939264377,11.678025201766015,21.966628776098332,-0.6750041878423291,0.02082460049746082,0.006830600801052826,0.017026290025126654,0.005349084679820601,0.014906492535160172,0.04413311578351395,0.013786248993992892,0.01700530546977785,2.082107660312256,4.048959512197598,1.8071775784557293,0.017108575021930417,0.022845173874066867,0.08611305443493639,0.002935440433992982,0.0031584422925477525,0.004810131338742093,0.012153353174734136,0.022002599258170035,7.445013404200637,7.552982141098255,7.438308807821593,0.011313952705443775,0.06392601104076957,nan,0.0010113096834772108,0.0005487211059668633,0.00026869312998407973,0.009894260821267454,0.015129799156293037,7.615059247105307,7.525483638356036,-0.019123470370247874,0.0900140136953817,0.0011684532906395056,0.0006023965386144247,-0.00030265747119258664,-0.011326252716230193,-0.0003433703015377934,-0.0002824734006610012,-0.0001481226957535981,-2.173393691462522e-06,2052.729843851523,2052.733933977356,2052.392725971312,7.506737671649262,0.004090125833045022,0.014655840873729176,-2.7135044950150586,2.369911619342922,-0.014369068441737909,0.027744488046874804,0.013622520631997759,0.00040761180853469205
261,train,1525.5129154699018,69.30501581652689,0.6023066611930501,0.38373622468647967,0.01,7.655114119366093e-06,1.6784122654218607e-05,0.0022435662209015013,False,0.12201838482356175,0.9531776293013081,0.0262799872751468,0.007729836189499295,1.027080708766276e-05,8.161007047194083e-06,1.5465938927741612e-05,0.07775897897797335,0.02064922810666228,0.0307631007442544,0.02153420093032544,19.488028387958586,33.89818255240152,-11.767762683363522,0.025337875986768787,0.009253065712564216,0.02645463821215409,0.007648920134802324,0.017927861097244223,0.035851322715150555,0.015173840524745526,0.018718274732776822,1.5116756316008442,2.170098948739451,1.4699588940225858,0.015114873719430655,0.00670213931280932,0.041289950038014236,0.0037293291972518793,0.0059878383407553975,0.0023292793490479755,0.03818600959720811,0.016370757639181152,3.6805890340051777,3.7850637715446283,3.6746239306984885,0.0150761834170563,0.060703403227295144,nan,0.005160727666670901,0.0028480053930613003,0.0015078987014268555,0.047503831180807816,0.023544773233852408,11.51134633720337,3.7850637715446283,-0.02371904590137116,0.01558863523960255,-0.004410541643101833,-0.0024825157391275996,0.0012647493635434594,0.04134149263682224,-0.0002698164760720572,0.00017587534891527797,-0.0001217151746958234,-1.2823809369955086e-06,2136.8573435057656,2136.856158535382,2137.830976248446,3.7977151384880017,-0.001184970383746986,-0.011466396559626446,-3.16903280165252,2.538682458659122,0.4920519008683186,0.4785755908110683,-0.035997605636111984,0.016687180511784857
262,train,1518.908260235838,54.210419015050604,0.6819444906808138,0.4133749271720417,0.001,1.0850169935179968e-05,2.045559073881128e-05,0.00020901229857318897,False,0.20146929630965976,1.534579095053914,0.041777900236054294,0.007630871736766798,1.3679768043100568e-05,1.8316206565722107e-05,2.5820260667864786e-05,0.048045567528847255,0.03195254871813101,0.03565681053138002,0.019285457168939164,15.246253309656897,23.47861213213082,11.391658964681072,0.02533298191927602,0.019917870482713113,0.010674230137562829,0.0026900484128656445,0.021148395405013506,0.05444617347208068,0.01592730644122522,0.020800670725243497,10.335761098427156,12.00517389173092,-10.318293498887959,0.016403220552652087,0.016359926006851894,0.06671751232527007,0.0018613314476915903,0.003942958610558574,0.0030675960323626648,0.005405267383199084,0.016225765300988976,13.19562869031403,13.328809583999828,-13.193740505818866,0.022180996509215234,0.16254244658659991,0.011447041285006733,0.0009191217637383621,0.0008642667242761106,0.0004014612162259918,0.010922367876930293,0.03118278424212957,11.950372608595595,-13.328809583999828,0.045265120666154665,0.013909037925877991,-0.0010925763399894958,-0.0008355588005455139,0.000495267186106738,0.011605241781331956,-0.00013819526877596687,0.00010773331566089129,0.0002934312824802676,1.5709445637668296e-06,2397.7011211627687,2397.7089129762076,2398.528178134493,-13.33765866944077,0.007791813438871031,0.0010572720020718407,-7.181777645516831,6.010862755009487,0.06762372166303976,0.0705349133590818,-0.0009250423190678703,0.006089131925256434
263,train,1540.2894343906992,55.33274407350888,0.5857617416981816,0.4333243210295781,0.1,8.94160915039642e-06,2.0885173151183784e-05,0.0049199475242472195,False,0.13404822532620042,1.0329901270463324,0.02523948983353729,0.005795462150263386,6.429181032324433e-06,6.966706045902255e-06,9.998203578506219e-06,0.06686558873933204,0.0176230443673185,0.05941117048141544,0.023987199613120454,15.943638706723945,29.88920894585999,-6.572668952478775,0.02382656074242906,0.00490322094425506,0.025565644312211536,0.0068694687507165845,0.01566491849410973,0.039739592370281775,0.028875794401343663,0.02026977321215306,1.063677441544513,4.104410615863799,-0.7133738257281266,0.010764463084453446,0.010919537753618631,0.07669303480819434,0.0025398541176910954,0.008559303679703482,0.005323280399461192,0.01331842324632346,0.0195589056674987,1.9141493883007015,1.9602129377062738,1.9090298061274475,0.007363209676819249,0.019461708495570103,nan,0.00048599290737735124,0.0002613002496401895,0.00015051457257000514,0.004517102907820992,0.004975323826595729,9.309527994655362,1.9151647735052393,-0.0012996664216299977,0.0055273914140593385,-0.0003843983656627021,-0.0002210976157565717,0.0001147291464702182,0.003728383633679517,0.0006315164263056704,0.0015874611342647422,0.00042425659756051363,6.085104027775401e-06,2081.247581844496,2081.232465692752,2081.228874135886,1.9208530754990534,-0.015116151743768569,0.009427849749954476,-8.72532470967235,7.0682031061168535,0.27701132027050335,0.2876835604730726,0.035354145147266536,0.00026677667383616296
264,train,1675.1954282133045,65.4441792462014,0.6627724768125389,0.3697242112178,0.001,2.169454982400633e-06,5.306287249245759e-06,9.652571313122187e-05,False,0.25112308488303187,1.850193686135981,0.05252591711820561,0.009803701648136265,2.9786084162355473e-05,2.451905968538561e-05,4.993311011079988e-05,0.04576491993907051,0.015912291370448774,0.03654911140490163,0.01638842682806324,52.47137638572022,78.43061200373768,45.75823108880775,0.07343349723096404,0.06483322251147762,0.08239567825382431,0.01957904726136845,0.04454117592326535,0.08642537335234263,0.10668228671223334,0.06740946400241861,9.997602148618453,12.86649004986839,9.823576972909652,0.024854991613210142,0.042047025035350995,0.06760096739593693,0.003843045620810898,0.0028232552064727805,0.005985934034480694,0.01579719069141116,0.02301623633074391,15.622082992349272,15.740648596896335,15.618032464956359,0.03184743469477613,0.14677275659877848,0.06419861058108929,0.0017000358723574583,0.0013219985747459511,0.0006161440168708845,0.021301908075741657,0.03931857561993062,32.25752294198463,15.740648596892697,-0.02642254875659423,0.06040486837968592,0.0018101728094801004,0.0012469965485758434,-0.000663878637374857,-0.021439033019377704,-0.0001603040368655553,-0.00022904744850416454,0.00014360098001484043,1.9674692675053507e-07,2496.2596186299975,2496.267874215994,2495.8823662069713,15.73103300368939,0.008255585996721493,0.0013600072065855784,-1.5620719693683895,1.404857512385387,0.009385662840031728,0.01779041644960483,0.0003133301179332193,1.643788936722826e-05
265,train,1470.0247936677874,57.67541243322833,0.6605899771686599,0.3686808741585373,0.01,1.5055426825422432e-05,2.8623072265125013e-05,0.0005309551364193252,False,0.188651782795137,1.6389153484822145,0.028957083779714725,0.011169099468489208,6.021121959095173e-06,1.4791733765567822e-05,1.314456313588741e-05,0.0281208319040605,0.032941920396441456,0.07354313543863718,0.022439974192999947,84.81078867759075,138.3679427568959,-63.1763814421738,0.08596302186967453,0.05385941851974214,0.10699450421269097,0.029343943501238336,0.04383596167928923,0.059238613337253006,0.1311623471670091,0.07073913140287047,18.850758974531093,23.313493521974124,-18.724082033694142,0.03942740702211278,0.031048052109941847,0.2418716702728618,0.004466051848182175,0.006324569976075884,0.007132525938815401,0.01280523527389673,0.050608017569962305,25.86738441598774,26.082984115007093,-25.860808097298243,0.03094000282919307,0.1712343188615825,0.01574745366641901,0.0017427318119832252,0.001368240988797612,0.0006661839695073444,0.018954137074279807,0.03495217772876159,52.695568614659486,-26.082984115007093,0.06074480725564364,0.00969664774365193,-0.0017654907096589167,-0.001198203573810139,0.0006847168474859828,0.01800046012012565,-0.0006740255555391897,-0.0013628109826552767,-0.0004066557791875429,-5.766089198222524e-06,2293.0813111957946,2293.0956473506426,2294.3662249869344,-26.09991509141946,0.014336154848024307,0.0025948215643438743,-4.94407423394523,4.138289739653842,0.32653593732720765,0.3234588005706317,-0.0033182848665092024,1.0931991998905804e-05
266,val,1485.5364406524398,69.19119774556906,0.6942410229070807,0.3784540983017017,0.001,1.0433120536309048e-05,1.9328345103425734e-05,0.00016739645052641212,False,0.24211593413349797,1.9649432319120024,0.04996713650966869,0.008834095842773504,2.531749485267605e-05,2.2492838979106874e-05,4.251032659629092e-05,0.043019241071773046,0.030024161445289927,0.04737945262424862,0.020085529300289947,18.91624695595599,32.80674565816389,-3.9621582164166758,0.0253003346955033,0.00601052421202703,0.022673947196483697,0.004714341736853818,0.020606755072024467,0.047344730929477004,0.010773554155657727,0.01868730888375396,15.974493959194882,17.984012574562712,-15.957007666946646,0.026293832953927954,0.026372424283364,0.08760278848903391,0.0037798000160672615,0.008186015945493577,0.005129368494757423,0.013233909525920956,0.02405071779243952,20.23408798035788,20.440179340194845,-20.230059969081477,0.03350479990958122,0.198601735088287,0.010290359517019947,0.0005208899668929567,0.0006046810077947969,0.00019710619850066846,0.006789096423726107,0.03616731136703691,16.429223876154303,-20.440172430741313,0.040890302263100926,-0.012221692221702102,0.00047196558647138006,0.00032169644851035576,-0.00013592411264730928,-0.004624847886992203,-0.000275695566433282,0.0004427188015236381,-0.00024453365098469487,-1.77479192597918e-06,2418.8528047948994,2418.845143097436,2419.5181754389537,-20.434150142192266,-0.0076616974633907375,0.0016394089143432211,-4.3101723732584105,3.5895484208547,0.1854114994180236,0.17676612890516144,-0.0007535780678153969,0.0019528010426847502
267,test,1473.5336980004126,56.11970927867536,0.6847594104000367,0.42694006286381025,0.001,1.5104673776993745e-05,2.8353910240632205e-05,0.00027671424879793934,False,0.26634735565784823,2.1029092413996295,0.052799815003975306,0.004616298020922782,1.630802848922944e-05,2.4283312485910318e-05,3.2104257765796985e-05,0.014943089790383501,0.030022265694733288,0.03865998959662233,0.013949673446746675,54.36382354991818,86.01163811236802,46.82486413927561,0.0744438539248079,0.062243904492803814,0.07855837326854831,0.01595419680926714,0.06121201338960166,0.10798709654908464,0.04510062777822671,0.06184270204792205,14.451109051227691,18.910873321989584,-14.35874209968567,0.022466775217035995,0.02317678603948186,0.09852142644694302,0.0030830503900279357,0.005582423677231163,0.005119244300329928,0.01877568335137266,0.025709769034231094,16.24839994779495,16.406682300245393,-16.247112265023322,0.0403301619011609,0.19325996229851214,0.0620350841458322,0.0011067517024994224,0.0006850631952814504,0.0004835288712913836,0.010463915175883997,0.044672384231550094,33.90384565632804,-16.406682300245393,0.15914468079381242,0.06093762566969459,0.0006624150782215501,0.0005034235502340482,-0.00020986122161598721,-0.006910103660098841,-0.00025664616683131,0.00016624060134781636,-6.66379589625201e-05,-9.054051810508668e-07,2360.500133285644,2360.4999188878223,2361.3083156861426,-16.403280876967074,-0.0002143978217645781,-0.003187025456554693,-7.942965398816341,6.637423385107873,0.09615418077601134,0.10229316476523055,-0.005585550463820255,0.020487064703575423
268,train,1663.997695790345,62.95859189868273,0.7208879074491216,0.3874744285844042,0.001,2.577202599965005e-06,5.4447752952557944e-06,2.8884774502075612e-05,False,0.31688645405726334,2.2782405028681296,0.06973820504692362,0.008133697412502361,2.5113209220397783e-05,1.2154328357820046e-05,2.8097480864192675e-05,0.025158661988223852,0.025663826665818328,0.04901132330877529,0.016649862830209982,69.50160177729826,106.29656394095537,59.70520059463384,0.08744737933817803,0.08716146434756639,0.12134561200999189,0.022775970954754036,0.04884244098775066,0.0869646756154906,0.11437677660041215,0.08024449008599428,4.362886557109782,8.557511944352427,-4.039271924057996,0.016318171068967047,0.01474845943490437,0.05258604583883478,0.000791210364582696,0.0009916437241642827,0.0015300766110308453,0.006885140292791269,0.012922096044384707,1.9314543535092572,2.2109201555663276,-1.9311053142520374,0.012343592089991695,0.008633049109556187,0.03972167057672399,0.0011834996555068879,0.0009810910958436697,0.0005578446458476704,0.013451285022739096,0.010754740017702916,41.94320276156786,-1.921496369237957,-0.003049653059318036,0.03904769456618433,-0.0013709000633294042,-0.0011046487415067518,0.0006462521674103261,0.01525388772847558,-0.0001799403455592785,0.0007503539485447737,-0.0004563903696442302,-2.551658228933107e-06,2663.051835802501,2663.0339186644833,2663.374895296474,-1.9040061601249363,-0.017917138017764955,0.0004269289047442726,2.429213690283177,2.226906937925862,0.04059808932697706,0.041944171705704296,-0.00034891237828560406,1.7148492451790925e-06
269,train,1687.1198321053516,71.95256136038249,0.6293786932945967,0.39427539402307177,0.001,1.8326129077992054e-06,4.787588699097551e-06,0.00021413473573627206,False,0.21875766268828326,1.5583849569688937,0.052347860027910816,0.010448945455758363,2.1120961392431462e-05,2.1310769624855505e-05,3.130145833891129e-05,0.07594683639370316,0.03852682656876992,0.07181525737030192,0.031060442253688536,65.40784037026343,103.14924523199079,-53.820034896097624,0.07296690894645086,0.04130677903930521,0.09096449149112892,0.026558712295448157,0.04747526775154644,0.03942563837272511,0.054120770036764375,0.049975276497819694,2.4613334659456556,8.133509718259575,-2.235581355170349,0.015571901376145725,0.012232400265428888,0.12418066024212197,0.0013279562508012545,0.004662569237981444,0.0012860699713997384,0.014895608910442787,0.026430877479696014,1.67672031577436,2.0899980554008835,-1.675816480254443,0.02020156826306052,0.013650281901542218,0.0349503864408717,0.003660428986978185,0.002332453067527704,0.0011536829447194332,0.04323554686645847,0.01649713003468295,38.56332487143884,-1.6593005809327224,0.0020985514748330584,0.03192983189025363,0.004644562752789005,0.002950711189696182,-0.0015063108298131063,-0.055468112133669985,-9.557127219045655e-05,8.467782990971138e-05,5.941981621128908e-07,-1.649626822919359e-07,2389.578559859352,2389.5788232647064,2389.2023037827876,-1.6617854185856231,0.0002634053544170456,0.0022214322984837054,-3.1342431735133687,2.679337291157878,-0.050156316591255745,0.040893025643889615,-0.0019797997479145124,0.012501756867767068
270,train,1585.5594274859059,50.06836324384299,0.7259553899661574,0.39954131296900364,0.001,6.0878475026332725e-06,1.2305979681050986e-05,5.195553844559918e-05,False,0.13852945247068552,1.0867038752739973,0.03280596098397196,0.009812881153375752,5.2836451191196845e-05,3.204973690764128e-05,7.880396589898887e-05,0.07678628451305936,0.03679293138192564,0.0417572459539604,0.02591669200049054,33.33667198308858,52.19088520588366,28.20178313604871,0.04365137522905416,0.042679695483462315,0.05680890734330505,0.009021961072692692,0.020120710831321324,0.04021603134434217,0.04926532192009701,0.0363521046658701,3.359437351994235,5.797155385440874,-3.2123583207514024,0.01172804944712047,0.010034259310171241,0.04615101103117674,0.0012457295525923992,0.004316104382027936,0.0025710350012123242,0.009000050884931103,0.012219698360351958,1.8501985162046914,2.245070221732931,-1.8491034842274627,0.012530152241799097,0.014049799413864413,0.03955408221198451,0.0017011658971667412,0.0014163314988402049,0.0007988685473307804,0.019221249675396415,0.012790249540763845,20.25095168132695,-1.8301298593096362,-0.0029899433240895956,0.0423395002558377,0.001960292951073498,0.0016038035572326506,-0.0008904258915542023,-0.022030455201065537,-0.00028678544305372854,-0.0001441748026001374,-0.00017153839556014567,-1.960663913336269e-06,2601.3885550257555,2601.389601424123,2601.6197575803753,-1.8315050269211497,0.0010463983676345379,0.0003287692438789236,1.087718650926945,1.034996812549315,0.2135750922684565,0.2047367156570214,-0.00015124600895433105,2.2289352014089387e-06
271,train,1686.5432971111443,60.420106540305106,0.5798160025826289,0.4117647070049647,0.01,2.447066148297197e-06,6.5744443596444885e-06,0.0013667484752654833,False,0.22429578333219383,1.6103277793101824,0.05136552729375064,0.006259230817768469,2.2236386028511886e-05,2.3259717382211017e-05,3.7976904320075655e-05,0.10724206148625129,0.01845915042636166,0.055767443679271216,0.03025868809993583,26.97718946323184,39.16317078127304,23.890108942755663,0.03517360612247411,0.026366830038015217,0.0317088325812472,0.008790540555196744,0.021450760626531066,0.0498218773360967,0.04348605053827196,0.030270815279226482,13.894272546899861,15.822459549204268,13.850525676171026,0.02335196252443028,0.030140207034096183,0.08934240270732637,0.007023379704630243,0.009545198875565248,0.008708467756784391,0.009861445628367594,0.025770183617795,20.0263019491532,20.173682240114886,20.02226015830353,0.031029807307143997,0.1652895385668438,nan,0.0010492332975501485,0.0006313493180341616,0.0003228567870589027,0.01153220272365273,0.035765036138627956,19.329409986728553,20.17136306089469,-0.04633556805215457,-0.029225513395613363,0.0013220429645400742,0.0007338256148581508,-0.00039249922637814587,-0.0143315411517486,-0.00022444936767671266,8.01513036716673e-05,0.0001388391797591024,2.7811621072793e-07,2210.779740681048,2210.78523413468,2210.023292709476,20.159508352444846,0.005493453631970624,0.006361254817875306,-4.754957158530033,3.8340962885509917,0.007744135507437022,0.017767739341425313,-0.004259492217897787,0.0010913590747745588
272,test,1485.9381844756892,52.43041610907814,0.6459340201711685,0.3998086554066652,0.01,1.5795157903790145e-05,2.9397796690717293e-05,0.0008567985414520033,False,0.2543802947465139,2.014596298925653,0.04854753632470977,0.009601638728688577,7.549076167123356e-06,1.3243244352125416e-05,1.1623935432121945e-05,0.03830805490151563,0.028007981682171532,0.06664640308380501,0.022165809320573923,41.72586208430732,72.74711817766365,-24.58908980094737,0.04096265805256749,0.01887501935541042,0.058369621438090866,0.013527529608213656,0.021439545463353478,0.04157109695544449,0.0787848483809088,0.03876127686690362,21.19812963584786,26.08455212520721,-21.154765254432466,0.0362769240034293,0.026287595995534877,0.22039451452861236,0.0064357218287118415,0.0072505051962264595,0.005443288624049839,0.034536562133192686,0.050058031384388,27.505213456371017,27.758726398225917,-27.49870612291501,0.03539656136550118,0.21295473887987665,0.009638321074100934,0.001815274823588857,0.0010154482041590605,0.0006885727792976553,0.017060066078765958,0.04052873697329818,29.575743629873234,-27.758726398225917,0.061364949785020134,-0.008238714057706752,0.001596918642472881,0.0010643865657559842,-0.0005092214038901837,-0.016547042357134896,0.0005005452826491592,0.0007730090527480765,0.00027057642612852745,3.838332465866401e-06,2248.8087789072865,2248.8001050579937,2249.182507670612,-27.75279155277576,-0.008673849292790692,0.002739003842634702,-7.064249441458287,5.903258245025009,0.3854418962287127,0.37188737977109815,0.006317617087006511,4.4671372087706444e-05
273,train,1618.2521659428214,58.7542317609771,0.7083313835129639,0.35907105243267023,0.001,3.951786244599837e-06,8.148787001358136e-06,5.1154432891939565e-05,False,0.10712345001735926,0.937531793676726,0.005141313462369075,0.006780482276230959,4.294031282539055e-05,3.244918249807847e-05,7.895882795070254e-05,0.04923272883177472,0.015696409882305182,0.053162334533962595,0.019707636928552777,36.55826731472248,55.418667562371866,-30.4750391696915,0.051797560116904506,0.030423306422005584,0.05552449097282118,0.012580722893075626,0.034037459601869866,0.03614154810108849,0.048021929528896744,0.03612157625329292,1.6484036219121023,2.3408416139623114,-1.5103460905941748,0.009632420087739568,0.014355096734077357,0.022747272142290862,0.0009875807575708568,0.0022766323658878957,0.0019499218499700966,0.007821627752676552,0.008356355267078936,2.6587715235285705,2.678900636987237,-2.658200840901571,0.012107811180141148,0.03300385780862416,0.018771151560549648,0.0014558162209422597,0.0011401485575508728,0.0006128266196834222,0.016453641767339582,0.011906240422448323,22.151714571800735,-2.6788604702114753,0.017887856255005476,-0.018637193364257572,-0.0015185978151411696,-0.0011752178891929579,0.0006608193976990921,0.017023025297534144,-0.0010870036847678097,0.0004768467160251846,-0.00024973827170590474,-3.909044217542679e-06,2591.910747017778,2591.912313504976,2592.3610441859555,-2.6810023360476407,0.0015664871980334283,0.0005753786381319514,0.14380954941452728,0.36950271075251784,0.03518456566234818,0.0379879958536416,-0.0001327295767623582,1.5057464958588675e-06
274,val,1494.870752985127,68.23217919800777,0.6376598562675295,0.3884842150539186,0.01,1.0810485049068212e-05,2.028577298937784e-05,0.0008484471958762538,False,0.2258824146873846,1.7743304028240345,0.0467577150093492,0.007909026413814413,1.7531858454208163e-05,1.5478165811917317e-05,2.731808249525941e-05,0.04539706830169418,0.023424021247341543,0.04259877247072329,0.0185800316877534,49.482669192316415,81.55476846381998,-36.510907178758735,0.054571078674435114,0.03074450691897,0.06782589385456976,0.0177850888177747,0.03246264466555882,0.044438601144671686,0.07657522293453356,0.04497199305601309,4.158022245068766,5.744946205489214,-4.01094570991796,0.017967685861830063,0.007301456949422065,0.10828377285710332,0.0010363297448620845,0.004241389464634023,0.0013299763346719692,0.016043952306705148,0.023039479609566437,5.93887471211199,5.966396247436933,-5.938652352013475,0.012076037784773952,0.03210600363926589,0.03248435660094806,0.0024837002502774153,0.0016259304729260916,0.000835207971590615,0.024817255506340015,0.015725409073558013,29.587853919420688,-5.966396247436933,0.015509557566078115,0.01647663281319361,-0.002235721708940187,-0.0014427358138908966,0.0007645710838663072,0.022269443575571788,7.136727869438056e-06,0.0003309445915183053,0.0005316747124621184,3.5968104545869295e-06,2232.0854746224813,2232.094890820385,2232.7897621096913,-5.980912373455794,0.009416197903647117,0.005099928115214425,-4.784583155194014,3.980791750380655,0.45192476540023563,0.43967155619808956,-0.0017728736720528104,9.77302914094193e-05
275,test,1627.988294103723,60.37864141971415,0.5701650319139785,0.38151424597413286,0.01,3.852938259128441e-06,9.916399797919893e-06,0.0033160490867156387,False,0.16278934806982703,1.4765084770745034,0.028406545203186036,0.010864205645340519,6.8132761723407e-05,7.71427655615407e-05,0.00013090653935876075,0.1153697488245341,0.013715975758010245,0.016344032959830144,0.024284323268169702,16.926663759157716,24.61132109745904,8.711727390718664,0.04399859398415118,0.023004850153735653,0.02298192039045965,0.013196617929731435,0.052487406438854994,0.08028659532524403,0.04351984388215763,0.03924620568669723,9.599609241970718,14.22941933219181,-9.556257410003301,0.01519047347692215,0.016468496763523948,0.0882874618227649,0.006683566283361537,0.002076566814643465,0.005069571356676513,0.034319897109633166,0.025484260025100586,12.412712885777271,12.69159783475152,-12.409385513434735,0.050399236752551424,0.21142901781777945,nan,0.0049790999307693425,0.0021660326216826507,0.0013941137760637786,0.0496293527415682,0.053919523377572685,12.209456511401385,-12.69159783475152,0.2255517117758534,-0.04970162385778409,0.00521129680066182,0.0024368362114728518,-0.0013769219934983885,-0.05404389970476022,0.00016930460129310976,1.7926744974752545e-05,0.0004084883672853035,2.891203351618188e-06,2121.632735545834,2121.6402099724874,2121.3335887516896,-12.423433562270475,0.007474426653516275,-0.27563869913456074,-2.3063752914513316,1.9413892606049177,-0.16718429110824218,0.14281389859653507,-0.3045033115708975,0.07434268072754553
276,train,1690.369133372419,56.9143404340744,0.6170244476572255,0.36746375187683017,0.001,2.3266836748200193e-06,6.098033802412185e-06,0.000374952562338117,False,0.06981593381113968,0.46371145180182793,0.01439333052744463,0.011466138678137838,2.7857891343778068e-05,2.764426491962379e-05,4.640673332908601e-05,0.058141351226893984,0.022955279181311492,0.03568832872204112,0.01948114466997318,11.195521262419692,19.75664937223928,8.48386981416571,0.015915465479832358,0.010564655357079391,0.010876049202007685,0.0021743021168903467,0.010730467244633132,0.02436559998948218,0.040595664609089345,0.016551123086530346,16.529995744803372,18.045308655613553,16.50544610228394,0.026378561201885198,0.02214607603549036,0.08489649599857309,0.009639464511647844,0.004172185241889913,0.009491654112343336,0.04146368186709837,0.028634926294507156,20.840052438684452,21.060748722550215,20.83786207540139,0.06946453594152668,0.3297938563877908,0.02858870868698552,0.002481300929010937,0.0011686925683876996,0.0007577216327016542,0.02384658697249134,0.06443947786289467,13.918373850377936,21.060748722550215,-0.3299227271099453,-0.0322634572037932,-0.0019872054712886736,-0.0010769522812237489,0.0005305762967529014,0.020446123755090806,0.00029928872414685856,0.00045546428598957294,0.0003184816506900196,3.2409518204712384e-06,2355.718454508461,2355.7171733752457,2354.7525971082673,21.176291688361744,-0.0012811332153432886,-0.11426183259618483,-3.615368508339543,2.8952159340282573,-0.1204953360906984,0.08555222743310024,-0.12191288807844103,0.11763910317547287
277,val,1621.0306980585513,62.496479996554456,0.6720797073973203,0.40302406933011803,0.001,3.849617229094775e-06,8.18709021375858e-06,0.00012135105096377511,False,0.25038537901718716,1.8724394786709126,0.056898266986443166,0.00917012231869041,5.303054814727084e-05,4.379789615703721e-05,8.339926757830847e-05,0.06978468389199362,0.028239114705115566,0.036895255725470505,0.02251654700574372,12.887327976853268,20.93511772755437,9.802618175630288,0.027269735044470167,0.020594931177216856,0.012489813083981373,0.005260728543693475,0.017260427375726715,0.04892768915554978,0.04148293052790793,0.024336086644012683,5.778962396556438,7.061192781964564,-5.768519046165474,0.009853041314806132,0.011252500342585773,0.012408133423840775,0.001611710234988418,0.00408102716233822,0.002448529734094742,0.013305567051913242,0.007517911324960195,7.01677079754177,7.066589916602425,-7.015987679312945,0.016682728521817847,0.05703784113068071,0.035311872858805354,0.0003693017601013429,0.0003106746348644594,0.0001227911334990604,0.0043065320983888536,0.01624316893605663,8.69837599725103,-7.066564874697178,0.008416604481432539,-0.03633143332459077,0.0006135110032716682,0.0004232187104668804,-0.00019697991935020592,-0.006494563164778566,7.527613480729489e-05,0.0003201869871633215,0.00041799215356659207,3.115788167917799e-06,2465.4602703116548,2465.4658234766266,2465.937495982458,-7.073345738615899,0.005553164971843216,0.0012276989468773536,-4.708831656332222,3.9328070698329265,0.07571006368925737,0.07331707116986887,0.0001545427385281073,1.4614417920266372e-05
278,val,1511.248824087198,59.00847167323542,0.6507657349340212,0.3808516635206644,0.01,1.0612395508498427e-05,2.0496630714617257e-05,0.000549507365637618,False,0.18830953691037464,1.5162719821043993,0.03561959781779933,0.00639651686544962,5.677295852262192e-06,8.571756957232282e-06,1.164980559855512e-05,0.05552738372094912,0.022747080196417056,0.041615659624712545,0.01998600373341446,46.7700462622919,75.20776237874907,-36.22071316892439,0.07170886381247743,0.03398211137739349,0.06977183809022362,0.020027165440491355,0.040219598351661265,0.03995439890529454,0.08409524032029268,0.048008392080892824,1.9079927163196777,4.253917904570244,1.6303983352412899,0.0207074205768496,0.0036045500613082317,0.07690527204462534,0.00423144912490695,0.0024544874892455932,0.0032854979578247653,0.029524457110394996,0.02000095229805098,1.3539197306522872,1.3856892861749657,1.3499988035023864,0.016405823263544228,0.025760235260016865,0.01791033361914997,0.004408991164855546,0.0028905261190812995,0.0015428917389955726,0.043325254118094104,0.015973038670032226,27.793496070064737,1.3722247921518829,0.010308182263468565,0.016377892446725165,-0.004294332015569424,-0.0028338420464001364,0.0015025218460582568,0.042429955911256485,0.0011964071517865452,0.0009709281451402596,0.0008284011746442163,9.329369239807761e-06,2295.2054947104352,2295.1990745270336,2296.1221966670364,1.3758746561384214,-0.006420183401587565,0.0027703194150490162,-5.232706814509584,4.372488513454863,0.2137506808512626,0.21533820437687917,3.446794517003582e-05,6.632630960433199e-06
279,test,1456.0395226653613,72.12054943013572,0.5597851060414526,0.39764854601068444,1.0,1.5694914769475845e-05,3.0731529049897825e-05,0.02768193192849846,False,0.23517984667470582,1.884166056082904,0.051225362451618885,0.007525426075191355,1.6034215676107706e-05,2.385290230017498e-05,3.4769734573802636e-05,0.045730614302000955,0.018187015677036827,0.03491607680378057,0.016484727272561405,36.341153840474036,54.600520398346816,19.554787871021276,0.09115040031331745,0.030970261803805615,0.039028909355378026,0.018912178420343297,0.0762994108893797,0.16029603152783814,0.08895563495937153,0.06907707115935273,28.978096578613368,51.08769074410475,-25.445296208522713,0.08277948216711103,0.16162986552543854,0.7482459770153739,0.011656211135962517,0.046898901434481256,0.013285381889640045,0.14347129992773894,0.1875312728214392,25.195129615297382,25.79149449512215,25.099240950667202,0.04526080899428431,0.2808450492719266,nan,0.011075217379167657,0.006007489309981496,0.0025048217973850997,0.11597012637946785,0.08328054082758575,26.560321354740953,25.736331473766995,-0.20955205854025624,1.5183311691336663,0.011558612214684072,0.005917474705592144,-0.00272293784774007,-0.11771330240284049,0.00013285113766497671,0.0003408157513887069,8.783305726895573e-05,1.289302933304981e-06,1907.3370211893875,1907.3339293164731,1904.1057721309705,25.687253263764887,-0.0030918729144104873,0.05217008291651837,22.23165694206,18.431780971918645,nan,,-0.6707382387025973,0.0015489416230689112
280,train,1496.6744370387828,49.036802824789206,0.7043931014698184,0.3706211592868634,0.001,1.3582848633879875e-05,2.570526325315228e-05,0.0001423776756565224,False,0.27641402513825575,2.195665926341235,0.055954490913473556,0.00591934617179124,2.847556898582086e-06,7.50656969966915e-06,1.0120334875540996e-05,0.04678977292509983,0.03764261303532779,0.055565149967002236,0.023336335064817276,55.052920325720955,83.14640468001971,48.55593286310184,0.0734508207882909,0.07001734336983989,0.08913701080827109,0.016819239272109505,0.029100213870968318,0.07589213714935891,0.07065536288142756,0.0586035512253292,6.232873709767036,8.022368610678313,6.047862665518399,0.01938648654799291,0.03869677110151771,0.0942978429457323,0.002028308873396709,0.0032751943023030337,0.004196592098664433,0.004726326658429515,0.024536839330007287,10.286504576619011,10.413822180716124,10.28094032193089,0.022487860479252664,0.1527014805192609,0.08189337287167874,0.0016580636792601973,0.0014444962288576977,0.0007544471354213484,0.01971984631841411,0.04302861779214884,33.381226042678854,10.413822180716124,-0.01708480239752586,0.08634574212783755,0.0015027766302927086,0.0011757206038165485,-0.0007195011089343918,-0.01698330991125824,-0.00038699676393400456,-6.507924348093305e-05,0.00011295394473949387,-3.8044330541442406e-07,2462.9983125504054,2463.0068196921206,2461.6514056711267,10.404621356807638,0.008507141715199396,0.0006936821932868042,-4.690923276206831,3.957893079982287,0.24096284757661124,0.23285214961209044,0.00028277078808969236,4.410956674536678e-05
281,train,1578.371370762961,63.37515842418948,0.6360584376370024,0.4190742025149493,0.01,5.318922212911507e-06,1.1912394911980838e-05,0.00046906259076363117,False,0.1602791685927196,1.205697209633854,0.038961793538759705,0.00777942902991402,7.606439815851122e-06,6.590757424264125e-06,1.0271231000503421e-05,0.08505168921684529,0.03678869184389515,0.034040265700814434,0.025984185864965915,23.786458660962527,34.33563972387856,21.299846446367212,0.03167214446413702,0.025917349185943343,0.027317139543429986,0.005153682253600804,0.013749820665016304,0.05117363980336714,0.059127762681991186,0.030406565688891458,11.983106706801468,13.608270626477406,11.939312438676513,0.024940883370965672,0.03236709583029294,0.050830059812266994,0.008588199493302336,0.004422534543533612,0.010322791841039508,0.041270184577721546,0.024633477683026154,17.2527332683395,17.374577592477635,17.24711118552384,0.03166671997156856,0.11749979817365455,0.04162496430970507,0.003218638672225176,0.002044736838699008,0.0011284169856486217,0.03185631971111901,0.03289547911517524,17.25042994462576,17.361506094360266,-0.03511912418739031,0.04210092037393434,-0.0030835769885910673,-0.0020649928754448476,0.0010421973590301243,0.031324353234892244,-0.001616584711811949,0.00013408077873128715,-0.001175980762087945,-1.1362442103202142e-05,2299.638130810634,2299.6288806529847,2299.80445842531,17.3676667292998,-0.009250157649148605,0.0030895227096152666,-6.515223194485316,5.44948779138032,0.146592748373223,0.14897383568160213,0.0018201889320152986,1.1928216492816462e-05
282,train,1657.8879772155374,59.92142890584492,0.5935127253101052,0.38629346882747095,0.01,2.8283512711790275e-06,7.699488608096115e-06,0.0009643914040049342,False,0.18084928960333738,1.635784326080966,0.031918996885805156,0.006295966175078993,5.6494717401444726e-05,6.004105257151033e-05,0.00010448164057281803,0.09662383402347553,0.01223510432468475,0.016391435853959635,0.020911898602110946,24.618376826205374,37.14932305036518,21.421342903838887,0.05132469375549098,0.03197770067082048,0.033357640057397664,0.014979597792451437,0.04812547246038485,0.07725380996596204,0.0495032618283363,0.04253291379589213,3.3526139965714505,6.359594938968712,-3.231836552026156,0.008432745094611338,0.009880719361835974,0.013884896167918144,0.001591986041164989,0.0014388066909906414,0.002013231087083097,0.014560263383408309,0.007228317122066859,4.052595298996106,4.111654156798068,-4.050927421792916,0.010963187809545971,0.04723257222302506,nan,0.0025373858645679347,0.0013592246963179812,0.0007323632132635849,0.027373089847642487,0.01584692716896341,14.371108317698956,-4.111654156798068,0.008867384469560804,-0.06548489958120969,0.0029585161137637554,0.00162813369870907,-0.000831937644885991,-0.03250963819905919,-0.0005480249060067592,-2.5536637671590462e-05,-0.0002369641708898238,-2.9766224066696267e-06,2236.146579125073,2236.1483491037584,2235.5332046405647,-4.1188553340707585,0.001769978685388196,0.005431198587302788,-3.3964586774591226,2.765226106327473,0.16285235800705777,0.16939185307993923,-0.0019178098341399163,0.00027196958468924645
283,train,1563.5162367508603,56.772141013179265,0.6478172594407222,0.40821235238030523,0.001,7.031997583573107e-06,1.464736066634455e-05,0.0004063819902026587,False,0.1077111092418021,0.8201003318390576,0.024289470048495253,0.006666372485691685,8.894724159021564e-06,5.0769779987516535e-06,1.0557070316857237e-05,0.0793640889769369,0.03293978968989791,0.030330135354825438,0.023776423799022478,16.610337509973974,28.119867848010927,-11.612759676838511,0.024503231883875376,0.007596342290195238,0.032045332518392665,0.008883591275006118,0.018432967258699886,0.013688266083765388,0.009471420004554146,0.015019653238435572,1.8268087161240298,2.510668579794128,1.7913277945454913,0.015226286020720625,0.010656855931800546,0.041090114596099375,0.004398232841365901,0.0009575841271996958,0.004893842078934778,0.029893981356853016,0.015315101822042218,1.7275280528683288,1.7998450188065362,1.7252608355788563,0.02719336533962391,0.07980206057424616,0.014777732441947697,0.003569605524098158,0.002343995749602019,0.001306602685239824,0.03562577813517205,0.02290429585171765,9.925146984329695,1.7998450188065362,-0.0838497419555829,0.011244875929439247,-0.0031206872411783395,-0.0021019230677323596,0.0011234173789920806,0.03172308338359437,0.0002743942624252029,0.00022175461240891967,0.00017788535589746734,2.0630973986968115e-06,2327.8714155457155,2327.869669119012,2328.5109309466175,2.012162572871148,-0.0017464267034483782,-0.21057112736116324,-6.915163348576698,5.690230526926069,0.06348558892977962,0.05152618977950378,-0.2175137165409069,0.164894802570341
284,train,1545.9257383690488,51.66021728979448,0.6450908428599769,0.40909322951904425,0.01,8.50008826836045e-06,1.8771276298247015e-05,0.0005359224733672237,False,0.08233237973805085,0.6520017292309603,0.013872901944305852,0.006310192974403606,3.4537828807405702e-06,4.950610911635095e-06,6.0078461666746485e-06,0.05965883794968516,0.023838598149913518,0.04665807903746114,0.021694987896169814,40.270061187910564,65.4006344435411,-30.841394240336307,0.05589564806097147,0.026576903802980098,0.06703742085601035,0.017328304741330312,0.03262515720402164,0.02366153284403507,0.08786602273991825,0.04251589036471596,1.7429757431212003,3.8198074151550827,1.4438556896726176,0.014777161169758024,0.013407286901556716,0.09585793202407478,0.0009092939594887897,0.003948754648981925,0.0023233268894418202,0.010737302477506318,0.021197316150175057,1.098360727255916,1.1297463391820202,1.0926686171994129,0.00661042724868155,0.0271585482759209,0.02541184572183785,0.00020753911455485876,0.00017125264270017899,7.601730129626455e-05,0.002429300803544804,0.009242417309975808,23.991979509715126,1.1233504813844775,0.003385022234326903,0.023599154819539944,-1.7831963677096203e-05,-9.743088627316813e-06,1.5293063920966038e-05,0.00014774358751492626,-1.3484749915214428e-05,0.0005347437863953594,-1.1848386679365743e-05,4.7349690923681464e-07,2301.1182622569418,2301.112079592845,2301.1905837180916,1.1274680858705324,-0.006182664096741064,0.0020650596106861485,-7.897251718458392,6.61981688345703,0.15401830674409211,0.15155348198437718,0.004800709283699689,2.0937401248805262e-05
285,train,1537.8062179349088,51.49952316957609,0.703381698733798,0.3788853802682119,0.001,9.39250038508015e-06,1.7641237893337973e-05,0.00010600951356045662,False,0.1654140715934162,1.2481354516114607,0.03548972597619167,0.0061995779997294775,1.2918071177986691e-05,7.194507778150004e-06,2.002874895084245e-05,0.06788950217850626,0.03043500773801695,0.03966367438177581,0.023004720937700996,13.252251667046576,20.504917919133277,-10.057693142029196,0.026914850262125256,0.008433794581899561,0.024817443564730916,0.007281882974734895,0.020443238556477405,0.010078022701844866,0.0316777266298331,0.017122018168253456,2.3572105294683996,3.719883896835654,-2.256784067464341,0.010022271553432827,0.01579847517364478,0.014218831252954221,0.0012726208076453084,0.0025818096038397655,0.0006790389785364853,0.01641013832258483,0.008493485689867566,4.432975074801652,4.4765065649517055,-4.431790660009791,0.015974414212530874,0.06093794475532743,0.053328601900603255,0.0028626761016513104,0.002267143611030924,0.0011981046723003926,0.03061560310788344,0.02520167902479946,8.404070190453329,-4.4764511141161165,0.0182043787411464,-0.0521637062540226,-0.0028823115234708333,-0.002225969689325526,0.0012223059523567084,0.030460363074610423,-9.943250742163244e-05,8.976853393944107e-05,-9.587012213583653e-06,-2.2583811398746434e-07,2495.093214819558,2495.0931800405665,2495.603492371327,-4.477072521448463,-3.477899144854746e-05,0.0006561863237948273,-3.2502686446550797,2.7894021601665915,0.17105383016860287,0.16436272780574906,0.0001375619235659542,6.457462920112581e-06
286,test,1565.310841315186,64.31265776027281,0.6600004601223506,0.3822653052275206,0.001,5.520422700091148e-06,1.2043487368030781e-05,0.0002370144032002522,False,0.10135484144490266,0.8184669275124179,0.021714531474826736,0.005123011529695631,7.176782326229985e-06,6.611471678280422e-06,1.3428106733982364e-05,0.0829689189217897,0.031713118717578107,0.02798248177586696,0.02378195596266221,7.416085312936224,11.997058020941495,-3.9978700394073887,0.020549281826996335,0.006985196968151856,0.014737281300668436,0.006425195147427624,0.028226715920739838,0.011185074517392682,0.024564996647803056,0.015354076750363916,12.517886464932653,13.596940738218564,12.510081241216865,0.021815002550309215,0.019596013170170984,0.03577212918995181,0.007846205730901255,0.003497655346996567,0.007285369643520001,0.052831756148367624,0.02113818820498471,16.346406722229677,16.53237918773084,16.34226083619061,0.03839138646466944,0.23642413225366765,0.016535191096278882,0.0040371381447871476,0.00256813516950676,0.001477772381806065,0.039855843115676706,0.05014970202695387,10.547310933249392,16.53237918773084,-0.03047188859851485,0.0181610495781327,-0.0035001045678587695,-0.0023770362815343183,0.0012079239477416415,0.03586476813439913,-0.0005156107865274196,-0.00022397397144330073,-0.00044135865665848425,-4.322951767998795e-06,2378.4403179813658,2378.438718084409,2378.2848179324264,16.533354500619225,-0.0015998969565771404,0.0006245840681913251,-4.349133628457366,3.5453725800944715,0.2079517497472807,0.20016175761899468,-0.0017851922211775673,0.004295892174303922
287,test,1554.5979528191456,49.37528503554073,0.7006128245851928,0.4025014985233954,0.001,8.342711635686415e-06,1.656071709311271e-05,0.00010537275861102306,False,0.11757657424592845,0.8761426237867909,0.0255233421971416,0.006345484524411749,1.0247854414924185e-05,6.298547599817646e-06,1.3073081854920716e-05,0.06065839803321929,0.0325597012909822,0.03288551900434182,0.02102220630206883,21.232355735296725,33.26788868067615,-16.51008082245649,0.04537642484971949,0.017684845217776482,0.04439930572162691,0.0126766664146904,0.04393765479794354,0.03279810577114347,0.06446926688188863,0.03599430746751157,17.026729358732272,18.81065717822321,17.01730078419517,0.026395596567565294,0.04795659811364742,0.02792972753938887,0.004391148900669163,0.007039891607793925,0.006158559902827075,0.005783371538475186,0.016543216267133606,21.845889001871537,21.995142054113785,21.84158723040739,0.04295245055481267,0.21562590315370486,0.04998267179080683,0.0008122685981518234,0.0008792618169249604,0.0004916658652316161,0.010843458143572075,0.04643920489473202,18.095519027707734,21.995142054113785,-0.04643572982063246,0.05462170815608643,0.0006411233820899778,0.0005732641726130837,-0.000418378044699708,-0.008075577916139371,2.5727223983584717e-05,-0.00026705585831811513,-0.0001622373633273865,-1.2242476824519954e-06,2493.821537133659,2493.820390513961,2491.88515592215,21.99570069851552,-0.0011466196983747068,0.0005879752966393426,-4.646735019766311,3.993090416126931,0.17314424623691593,0.1660234387937638,0.00016240223794738995,1.1198615373735532e-05
288,train,1490.4413970175385,65.15765461323404,0.6696629217847819,0.36794178722405574,0.001,1.065917595530016e-05,2.0667859177920792e-05,0.0003269252357574524,False,0.21946866676916146,1.816651859623562,0.04227550772753306,0.009126534499879657,1.2321040831664614e-05,1.3609465097109688e-05,2.1250166473675114e-05,0.04191272033530839,0.03039560854413238,0.05471991120616223,0.02117923679300091,19.83275002996183,29.32485784379014,15.183625877124463,0.04075411113820948,0.024465826330114872,0.020862174425375676,0.008368368980733098,0.030178491983896077,0.07156485725167283,0.032928220689581046,0.03139465661022894,11.895514535585098,14.875133310222736,-11.853657622216433,0.02348340483941258,0.019955278324621566,0.07333320422038013,0.0012257685649548777,0.0076337653377931075,0.0024990603744838974,0.026713302416154067,0.021893396539731273,14.429719344755688,14.640736287677555,-14.427530406753004,0.03896795735731473,0.2150508548415433,0.012235893193846084,0.0023141078123814695,0.0018437653986018616,0.0007866451101256753,0.025497846258915945,0.04295485210256906,14.616742460633404,-14.640736287677555,0.2317257317361451,0.006667255481447643,-0.001607539609112121,-0.00114596592610768,0.0006103858565994727,0.01698214413890792,0.0007602941793864194,0.0003140363813823539,0.0003811516984088639,4.710462539136984e-06,2344.140223736937,2344.1359996245988,2344.961127816636,-14.604040014051407,-0.0042241123383064405,-0.03247216128784203,-4.208404188539589,3.4251138498692395,0.301091944359996,0.28120083099518683,-0.03592091537166198,0.05598468832402672
289,val,1524.2518408762166,70.06814953310929,0.5675761229057127,0.3840857307571132,0.1,8.312995447917761e-06,1.805792564216433e-05,0.009185462262514939,False,0.1544751923582071,1.1781556883563553,0.034619155693672625,0.006052040155463345,5.515218841572517e-06,1.4130441899963707e-05,1.9268074959643025e-05,0.08911247119741551,0.01576253747333751,0.03245868911088912,0.022895435252890558,31.06028697125766,45.874805350504175,27.753034630837337,0.06846218419140015,0.029234124989906272,0.03882623135470228,0.015698953818887553,0.0365181552226539,0.08881135735706555,0.06869433194983439,0.04629719244884165,5.01715178746246,7.18946279877764,4.628004608447022,0.020602734298127423,0.018914703344950497,0.061363423038552696,0.004311878062364792,0.011142903554174556,0.004201272582239326,0.05626756305576803,0.026033623939674982,10.527763852236863,10.7253618822117,10.515073080951966,0.030713232073908525,0.06683488845386418,nan,0.006181340684201613,0.0029286218131481696,0.001562406627197948,0.05259329195317554,0.02602010990631749,17.878210077777013,10.703437132933459,-0.02473830631528882,-0.06702703653380652,-0.005878529949496929,-0.002883132265704244,0.0014378945228850346,0.05098964535994986,-0.00017233060438362908,0.0006645721279565712,8.776520961002978e-05,7.812737055079566e-07,2006.9897746818262,2006.9875265735925,2008.2294881698106,10.678277294242434,-0.002248108233743551,0.027407946924768112,2.1396714372785937,2.686910872844432,0.7722906644594332,0.7673378259000714,0.07398430451826243,0.0008886669203690434
290,test,1630.615710956771,71.65069411302454,0.7022471202954969,0.37080869931038374,0.001,2.829683224043398e-06,6.100099256801218e-06,4.9615848066030126e-05,False,0.18303210204991752,1.5508625228185338,0.031547752456868895,0.015095324956209133,1.1932402958522073e-05,1.0765992088985935e-05,2.4314277113807065e-05,0.054224417249725376,0.03830206669071992,0.02288863273919544,0.019243688225300343,119.0619107985929,185.97412930500604,-97.73895150573918,0.11115929027104121,0.08639542883904847,0.14575215375829445,0.03802645482137797,0.06903373080575276,0.07954404786326777,0.11445402502931769,0.0888676401861765,13.945176674403168,17.858662405289124,-13.868658541799467,0.018979342793082887,0.017742835001183316,0.1486703290189727,0.008971649656066102,0.01212764209922561,0.011937189653109614,0.011279062959060912,0.035121451397936376,17.04382742238201,17.13870388163923,-17.04182774813981,0.024619490074229367,0.10229147544495201,0.004640914713417363,0.001858583058757023,0.001271430834519224,0.000623698366851194,0.02050796650092106,0.021865678153236312,72.66698592501909,-17.138695150541025,0.033164743236877306,-0.0019923225860642986,0.0012524850275742164,0.0009422934038573491,-0.0003241220642639407,-0.014303130904850173,0.00011180184895902852,0.000687915814954924,-0.0001437805999971946,1.1951672451715467e-07,2582.105356758346,2582.0921785926976,2584.431227414907,-17.12640084675877,-0.013178165648241702,0.000883861865986546,0.06544480033880973,0.9311485207599439,-0.23114757699795518,0.21792962696216675,3.490147219054052e-05,1.0860878243022605e-06
291,train,1625.3379118457726,58.945827505678096,0.5737059781360854,0.42845666223313594,0.01,4.115650234100898e-06,1.062932093445849e-05,0.0030727439597329556,False,0.2910650205901927,2.330940981547883,0.06678482471257723,0.0050397611747490245,3.68003784097914e-05,4.400792937913835e-05,6.441266642247124e-05,0.13874532159001446,0.012835705194717937,0.02514632427363666,0.02947876200543008,35.19845028527416,63.30251722252979,-22.63336167293333,0.034862346310647,0.014674556182490452,0.045746040178570625,0.011004858094888341,0.032831835879813025,0.03763021574555529,0.05909423100608756,0.033496956181234216,9.740076806482708,15.075860062948777,-9.611062589545092,0.01865528653738391,0.013274982411152126,0.12887431851693523,0.00602862588341203,0.00463450990309668,0.004037747327001184,0.048407313706624155,0.0342095829580369,13.352982380735861,13.66041712196511,-13.34952617780044,0.051104684981195025,0.22007521108517228,nan,0.00515185931008314,0.0025781799980161097,0.0015530164071382707,0.05272535888091362,0.05641672513626468,21.710036176409673,-13.66041712196511,0.22492839785560556,-0.06295916703586374,0.0052694226856175586,0.0028175687697712293,-0.001500431323106635,-0.05591114815019345,0.00016004737633870558,0.00010046733782186811,5.153093872957591e-05,8.698426734454756e-07,2123.793491016718,2123.7915047907195,2123.0752778475157,-13.523709772563961,-0.0019862259982801334,-0.13472112340286913,-7.018355778594014,5.536415203578303,0.08905117790618533,0.08390298052279103,-0.15278382405131197,0.05851561070353007
292,train,1640.8446425438015,53.67936655388235,0.5847508670177423,0.4352915626507389,0.01,3.7706389379717705e-06,1.0355099487548867e-05,0.0019219230271268714,False,0.2822829447375057,2.2830496552621753,0.06466003677399211,0.007269360367310185,3.672115710451873e-05,4.5963432409252326e-05,6.607326273871646e-05,0.14483250143241494,0.014313127876784444,0.03006967801022212,0.03156067752861233,41.68450601905838,73.44964381378168,-28.50783324010141,0.03885860371789951,0.019004504486615385,0.05526762593361056,0.01318305763297298,0.0332186545788258,0.035585977152048136,0.08349927590658845,0.039959849281776885,12.275092395686206,17.60339336090874,-12.143380366518747,0.023489015009542147,0.01663113517069379,0.1416783609803614,0.008473262582706977,0.007951872867845551,0.005540417590710409,0.08125456071362619,0.043588268317657386,17.81312531656065,18.157803081906877,-17.80617970654971,0.06993003738967385,0.24714594477974466,nan,0.007999505854395964,0.004454356002062768,0.00244425578083228,0.09023597413193624,0.07045600730979439,26.113340775313713,-18.157803081906877,0.026247342635627034,-0.07585234470084828,0.008571011959455744,0.005005807837342708,-0.0025105360559148924,-0.10012096041837942,9.598811946506142e-05,-1.1552982150848582e-05,0.000295476194782019,2.0113851477709943e-06,2177.8658288218057,2177.871896576063,2176.2768434315653,-18.16892511678452,0.006067754257401248,0.005054280620242935,-7.869008246907015,6.268126096347009,0.10570131423946805,0.10864611824878449,-0.005935967486948357,0.0027528842017097623
293,train,1576.018960680724,53.407645786507175,0.5988637421436538,0.4202521890724551,0.01,6.783132526492928e-06,1.6000425778565013e-05,0.0018709980782532715,False,0.11763845656148773,0.9219048858608403,0.024523178001059718,0.006507152513980596,1.4513617605742731e-05,1.8317023420878997e-05,2.871775463503334e-05,0.08505235233042004,0.015788504427451572,0.033396092674422256,0.022383082971325918,25.7344593860116,46.29844451704412,-15.860312736916672,0.02703997731340113,0.009733627504922853,0.03789450998606651,0.009311235425700209,0.016553430311609312,0.02728632476695415,0.04431320492909663,0.02418205548739161,3.8997501082341413,7.510038416476618,-3.818256878134923,0.014318310195825301,0.011291944047380743,0.11333076811171319,0.0024378688943122616,0.007892574546663476,0.0030708723132994104,0.03692657821661668,0.02915843435499763,3.9842379841934985,4.0563536909394315,-3.9841678314625395,0.013166834590045084,0.02264721120612299,nan,0.003635913590245982,0.0021525888461955732,0.00110729057448165,0.03855950910854053,0.013620502665117346,15.094962027423813,-4.002463164925302,-0.01841786366458126,0.00537775385039238,0.004215088653639963,0.0025159686022500904,-0.0012738782916573534,-0.045234475162457356,0.0003298859663343998,6.40529934081543e-05,0.0003680230507378075,3.1838903966630028e-06,2166.4698687134032,2166.4737481212574,2165.5637940160077,-4.010420708931633,0.003879407854128658,0.004078136152202205,-7.6632127018338,6.09555271259078,0.4480526799097788,0.4310808234468572,-0.006966320122501202,0.004727332773245435
294,train,1650.877121952342,69.54928397491858,0.581797789317063,0.4020866520504477,0.01,2.666593450737884e-06,7.095268601917756e-06,0.0016305628583989883,False,0.22254696546981398,1.967037703069991,0.04361730918687705,0.012063143284683164,4.9199839129662024e-05,5.57577537203539e-05,8.934667487805454e-05,0.10430946434394604,0.017186220358471945,0.02842897113147231,0.02501982668360306,13.955672084507947,26.424142580680382,-4.613902937820165,0.02406529074612962,0.007786529715377576,0.01788235835998533,0.005775277595159494,0.024441042860254045,0.03904359083501882,0.026415047017675428,0.020223974397245114,7.360902264959861,10.308406238278621,-7.3244980587101525,0.017099926962397705,0.019892741263545625,0.0735529061899138,0.004543837159760438,0.00178706517747163,0.004195604672239395,0.02176732265616132,0.0209565795198487,11.728650988641112,11.946907691401975,-11.722863334157386,0.031227034399169185,0.1425813726727021,nan,0.0024052152425536166,0.0011724009889203897,0.0007082174002455246,0.02429382438843886,0.03423220613857209,10.460749267516938,-11.946907691401975,0.02157121608477156,-0.09572660358572008,0.002861922182453797,0.001548504013752014,-0.0007696076767739569,-0.030702592865096967,-0.0001377691307322368,-0.00018212169551597835,0.00020761578989589462,6.271893575604537e-07,2183.9684652814435,2183.9773957580055,2183.6162744666904,-11.965045797607218,0.008930476561999967,0.009207629643242399,-4.611888715500754,3.741096854576613,0.20345438414142336,0.19244649343956338,-0.005806665374166187,0.001535264044489665
295,train,1592.3131633888397,50.26587088854103,0.722513639622848,0.3879078563898143,0.001,5.630698538228617e-06,1.163277315602409e-05,5.1678097982891666e-05,False,0.12817994949420003,1.060003825824424,0.027873629382198284,0.00845840386769492,6.674961038006784e-05,4.4004183179667514e-05,0.00010694413467936786,0.07644982382456877,0.03215425699667329,0.03770499118759713,0.024421128322846385,44.52474526292511,68.36856000438593,37.91516231197942,0.05883423160497969,0.056560578911168016,0.0809792022627363,0.014884082668077548,0.02834926264403717,0.05580579671321599,0.06458546444164623,0.05019406460681355,8.944894351926797,11.425827116611345,-8.898990967710303,0.014146231438937118,0.017648963180709715,0.03238821167076667,0.0011373535702158724,0.0031799768789507995,0.0021080121718868063,0.009524173944759302,0.010997781902881526,9.602413329389845,9.63565790562825,-9.601952738041183,0.014661300622119455,0.05270444444003927,0.0027482296476036678,0.0008275881779822205,0.0006457745363528584,0.0003312829560154417,0.00881959714231898,0.011012819483385408,27.594437767839572,-9.635606964654016,0.014370223321982905,0.000814179338310186,0.001088091893335253,0.0008277352266151592,-0.0004087106890234396,-0.011571527394679648,-0.0011344898378161075,0.00044626517775401214,-0.0005157805011575361,-5.694012126244985e-06,2600.9537006377873,2600.949659067466,2601.963093613461,-9.631913879898548,-0.004041570321078325,0.0003484855656097352,0.8965612959118516,0.8937653631346137,0.16178334839833042,0.15555078097030264,-0.00014159009560898994,1.9503778078088183e-06
296,test,1492.7534696714958,67.69286145348401,0.5632604710523303,0.38937067076736254,0.1,1.1139081110040852e-05,2.4364713243290356e-05,0.016750789231146878,False,0.17838398953799983,1.394547478847926,0.03718580946006786,0.0073187647010404255,4.5733866549516875e-06,1.1052518738461467e-05,1.7686159751603506e-05,0.06518779110824353,0.019312169416988944,0.05337547189443441,0.02298479074746865,16.740851421949753,21.443945688836266,16.152853000956064,0.02808381195902343,0.010958379751751233,0.01770952086936013,0.008229325317070015,0.014180670764720842,0.024291803186984883,0.04558740314480947,0.020159517172449428,10.174603029958742,12.998447466601647,10.023427202878535,0.02638605419409945,0.018019096041889535,0.12961465731818075,0.0067729053279614515,0.00718779533108592,0.0043040723058791145,0.04766003434913991,0.03559309344568945,15.220923968750187,15.557345836410377,15.209013358882727,0.05008064594610939,0.11050036499681663,nan,0.00997228313616316,0.004656636896253708,0.0024754257449075613,0.07900576691753033,0.04132209553833428,12.85851582984622,15.557345836410377,-0.029694083271780473,-0.41315588464503106,-0.009781001825020789,-0.00474094563436152,0.002336589006022217,0.0789591999684699,-4.2136833506292514e-05,-0.0001869951330500744,-0.0003683261730062739,-2.4824082685004356e-06,1958.2372306993964,1958.2307885203784,1960.3262518402723,15.577293393425862,-0.006442179017994931,-0.013505377997489632,5.633560512901568,5.130478320986467,1.607398980990638,1.5084366303874044,-0.08412530458554102,0.00538622699452274
297,val,1465.3180260711165,52.0275703564698,0.6076289387262243,0.3735347768049147,0.1,1.980818141530608e-05,3.7404462475776475e-05,0.004010996232061964,False,0.20228599348311638,1.6700781881613693,0.03521062117820581,0.01160747920120575,1.3397124284510586e-05,2.1923830995623235e-05,2.781847085143479e-05,0.03333685085029512,0.025150305777638528,0.06922144763466796,0.021295290614788864,66.52732153343,124.13438806414615,-44.22875266148306,0.06741306348080789,0.0321255090919771,0.07326850189618317,0.02324755357217579,0.0332477276794119,0.06507307700029503,0.11411119413881449,0.05684559389647625,18.94491257687497,29.201348578169927,-18.748379305326893,0.033956869151097635,0.025500450216386788,0.27808968244860977,0.006497235156429502,0.006860055305215555,0.005726191688777876,0.02051605136813545,0.05719827769725916,21.778490533803325,22.06334759089077,-21.771840428309506,0.02598311609748727,0.14868904889477566,nan,0.0016396104816714745,0.0007897099335927751,0.0005349089771645375,0.014719750043544002,0.03327460566614969,39.43321838218111,-22.06334759089077,0.0654287954378243,0.017316614451432035,0.0015158345961853255,0.0008450150282190603,-0.0004298816839730506,-0.014739678441792093,-0.0003934458717690016,0.00014166105591967702,-0.0006359470359524683,-4.724144701429012e-06,2098.8798132848583,2098.8681151848373,2098.7269904120312,-22.059475603655756,-0.011698100021021673,0.007826112786005979,-4.719563581154034,3.7123955598802905,0.49964514250314096,0.50947222700241,0.040662059590431454,1.8303914881040752e-05
298,train,1483.9822454269097,69.36254624542428,0.6621369697750851,0.3925896535568278,0.01,1.0737834247939907e-05,2.079158954560101e-05,0.0004146735552639615,False,0.2056228168926627,1.6530887128567429,0.0422576493545724,0.0079952156379135,1.9169427920537193e-05,1.659573711254423e-05,2.955126340295036e-05,0.038295417899443254,0.025395547762691355,0.04343531235628838,0.01786526574114317,61.1218326845907,100.60347368320618,-45.183197938974644,0.058344022330558354,0.03822352842550646,0.08046072990351376,0.02033847618869401,0.034640388154778365,0.04918021852378585,0.08596401297499962,0.05146789236187967,10.940738236712685,13.396350723432988,-10.8492735363555,0.02186391519372588,0.016336569124519303,0.14641870830764278,0.0022361716096683257,0.006378137239460013,0.004211869805620227,0.011333205110214191,0.031152443532854138,15.584440323657699,15.695634679796058,-15.581262949034222,0.01806753265424188,0.08221195489485875,0.013433899458053674,0.0007573330122102168,0.000640935188200297,0.00030414460894967894,0.00866074669651621,0.017668168976464806,37.494571903326914,-15.695634679796058,0.03132370835013847,0.010453914679200208,-0.0006043443824850929,-0.00043373215402436497,0.00025474423107305885,0.006414261165263588,8.759159000932644e-05,-4.357203039839377e-05,3.94124542604094e-05,4.288625607973273e-07,2305.320548064167,2305.320854494531,2305.88626738073,-15.699119316055658,0.0003064303641622246,0.0031782058954377135,-5.392147930979263,4.513276263782091,0.2734934778122806,0.2723247631899831,0.0011007379821421637,1.1960635212613702e-05
299,train,1573.1512914262958,69.9419080128308,0.5801613554810418,0.40756742699134757,0.01,5.304928441323449e-06,1.2359187539431287e-05,0.0036906611724679527,False,0.1414753911888791,1.059587597141217,0.03402679242918952,0.009862609481047002,9.620351298179126e-06,1.547342328851114e-05,1.942168152811961e-05,0.101158434169091,0.029785340115544835,0.034016436090515724,0.027500787638544393,19.105962021318987,27.252741075485574,17.58591330453688,0.0420371064546643,0.022835704045853902,0.02294547759651191,0.008031492448317008,0.011473593912091974,0.057706841020723154,0.06066533082875592,0.03060973997537565,10.350498264985385,12.528035806828939,10.270856242159137,0.021837301853183,0.025331426129212537,0.08107741547901604,0.0077028905590889075,0.006476328467691302,0.007716446253878497,0.041398994714791186,0.028283916933946412,16.725319331379822,16.9673935208466,16.72085601535563,0.053292145035280125,0.2738447164570032,nan,0.006214979501948506,0.0030433589720641205,0.0018296355649342422,0.05423431708575915,0.06783340151634185,14.601028662545682,16.9673935208466,-0.2589456203111952,-0.00879091559897518,-0.0058696352576900635,-0.002999094458587298,0.0016639787410273532,0.05239598867216332,0.00029996264934882663,6.931332610393452e-05,9.858495472740062e-05,1.508025133212243e-06,2098.729934630489,2098.7275022863028,2099.9977398342853,17.474991836289064,-0.0024323441862179607,-0.5051659712562468,-3.9180846438935077,3.1945532655468787,0.12408003742257279,0.12101582058449285,-0.5164205775295159,0.09043730425871292
300,test,1614.1151735410103,65.06973160171253,0.6611906213897911,0.3761876397129206,0.001,3.91718220113308e-06,8.257367928713793e-06,0.00015726775038713318,False,0.19121712177340783,1.5894143652108141,0.03373993728607635,0.009088897024249754,4.956309439685738e-05,4.408341708523395e-05,8.951381114004033e-05,0.0666436521239261,0.022917378286248506,0.02004852537807913,0.018298786018479313,7.923074125726567,14.199249014003271,-2.13673647425402,0.013812465506641391,0.006103431769859383,0.012986079523434522,0.0024122363999418135,0.011953116445963577,0.023439734954352462,0.0146572594110093,0.011925309750760177,1.385613617867127,3.1388050632799605,-1.3230411563453441,0.010723440135524953,0.004476656981162457,0.01838225985790178,0.00041911948660692297,0.005154317529122138,0.0010991198741858443,0.022928265725758873,0.008743289909123002,0.9987409432766082,1.246252216290486,-0.9980826981029302,0.007320841796874866,0.004382621517079357,0.006768865210719382,0.0006418154464588577,0.00042749338079199227,0.00022532813939795797,0.0070279600615414965,0.0032456806259981742,4.745137882171154,-0.989893590160591,0.004903533359870526,-0.007758904121683994,0.0007572002160414091,0.0005087196684355945,-0.00025156711835704184,-0.008361872290669274,-0.0002201138983983025,0.0007304347237037332,-0.00024822182446946565,-1.3222161456827308e-06,2430.8813353273945,2430.8694968232776,2431.0044520935094,-0.9797976565246245,-0.01183850411689491,0.001742570480928407,-3.468726249770043,2.8515473322224323,0.15338233875627338,0.15028899772568907,-0.00019929375230276491,0.00010516443498065586
301,val,1464.7310023696145,72.0008002174395,0.6960708984761472,0.3881621081217552,0.001,1.231600834856229e-05,2.1935570335834254e-05,0.00018571296946400282,False,0.26647246724073875,2.211509480124505,0.055990539785707755,0.01002910459669959,2.8921327359425733e-05,2.317276782393405e-05,4.6029786614997954e-05,0.045409649943599834,0.02340973792639183,0.044154337198698546,0.018845308158414762,39.488719928907315,61.50758754738217,30.015503248004887,0.07478794301033898,0.04751611427461535,0.0509915844519251,0.016865546872049296,0.06332327432039461,0.11248699579893061,0.05082308757588328,0.05700110054896637,29.019589387810996,33.507582510016164,-28.974265317694915,0.04337780914190503,0.04039118091638174,0.1210144742531347,0.007455110328265196,0.010007046329933125,0.008641881521283912,0.007182082901559902,0.032448629375093095,36.28157836547099,36.77615355801163,-36.27142599578861,0.06991160817144992,0.39443791454095783,0.014948858803315876,0.0010344719735510554,0.0008607389966967386,0.0005508109015685452,0.00851923399829611,0.07005867153573103,31.869885969610113,-36.77615355801163,0.07246806762213562,-0.02033598205424322,0.0015198229198056935,0.001129461951569948,-0.0005716435191335049,-0.015945609721445222,0.0005569791960676099,-9.501085450797e-05,0.00027511142829561564,3.0663544072773163e-06,2402.5441995997962,2402.5448569081136,2403.166342592039,-36.77862817881487,0.000657308317386196,0.0018173124858549272,-5.103607237539563,4.257376573571713,0.12191465514888478,0.11248167336919428,-0.0008250962532656558,0.01162555741643187
302,train,1528.6905291804096,58.567503198988746,0.7119888752707848,0.3645969503221562,0.001,8.907977476602524e-06,1.5994397714338066e-05,8.651285285258859e-05,False,0.2315949282580919,1.7860639460679977,0.0494272909275353,0.010210114690937466,9.786337730591038e-06,1.2737713069116419e-05,2.3928197382905148e-05,0.0642748880689537,0.024552582189183766,0.030973560467353715,0.019974580495612303,7.838773733569425,15.018184749967531,1.8357708250065883,0.021250167670234354,0.008631297238959496,0.012597723307738855,0.006093544516684222,0.02878812432538726,0.027426798659176316,0.04851796553687785,0.022009242264137335,8.866620244313559,9.774752102612638,8.85721810590274,0.014047548109293206,0.01106450185682769,0.046489288486164036,0.006114546824276198,0.0015675929713021043,0.004863130095472107,0.03924098233963071,0.018223340428945477,9.83284034038415,9.885073319255298,9.831711398651944,0.025385211833748755,0.05508406456164438,0.03820428079277623,0.005538328603435756,0.004179661884559219,0.0023002860744667213,0.05575764291473114,0.026844044138602238,7.554766231846494,9.885073319103867,0.014936408912472889,-0.03810052598312304,-0.005377076310054401,-0.004141173380549374,0.0022195631173185697,0.054775340895615574,-0.00039605109370586264,-7.759943766235498e-05,-3.3469492344420108e-06,-1.1362279507265427e-06,2519.8565704845955,2519.862418392308,2519.738788394688,9.878488503918106,0.005847907712450251,0.0007369074733105663,-1.921717187421109,1.6621232597043465,0.2484739029555385,0.2386548469285256,-0.0002457186783431098,2.6447087541225e-06
303,test,1506.454073744987,57.49722288995943,0.6338222689509038,0.3780292342174674,0.01,1.1459119441002482e-05,2.264824613955664e-05,0.0009473367843484987,False,0.17890790031453027,1.4656174182046016,0.03183838165830526,0.006567793109415465,4.852307956497574e-06,4.523899412637499e-06,1.2118918352491009e-05,0.061171131288319955,0.022031750838554683,0.056297043216777316,0.023253570078228928,43.35415828559642,71.83861888813408,-31.183418254415713,0.05380939564025411,0.025244167377488125,0.06286616372641082,0.01642897332878344,0.025008623643633997,0.02922617731389848,0.07607439426117331,0.03914141660856469,5.915139214809914,8.44883234432109,-5.840617623286185,0.022029450114084526,0.009251735948657351,0.14281546568179984,0.0009430955231094084,0.0012546769835943034,0.001037678297124744,0.008330865032989819,0.027272252911212585,7.483344599364963,7.514426196954446,-7.483076017879451,0.008276967562638404,0.045465564803291565,0.06340988897037529,0.0019898485187755063,0.0012744168767403214,0.0006398763048304188,0.020045975432272545,0.02213759515104761,26.12393812685578,-7.514426196954446,0.026052241547763418,0.028275187259394048,-0.0016219111174723424,-0.0010139821935618485,0.0005379627542598638,0.016249131195569082,-8.332652830302788e-05,0.00031057840947931276,-0.00010760841476144446,-5.365716164718037e-07,2232.144718450077,2232.1397340432304,2232.6277312947436,-7.5134257806580536,-0.004984406846688216,0.003983990550295857,-4.5875256047388575,3.810861229158597,0.39132199132700407,0.3817369930434152,-0.0008235153595705924,0.0002425696790804935
304,train,1579.4728177654406,70.5648495785243,0.5672089492766598,0.41736381771999154,0.1,4.791905149977799e-06,1.2102229912231953e-05,0.005631766129659644,False,0.14841510131717628,1.1212596975972247,0.03560694584909482,0.011753996019944424,1.1910648149171686e-05,1.747647779038641e-05,2.2113251081642663e-05,0.10377355286706542,0.026853827458069444,0.0335430143144057,0.02737031583609363,4.187784650245901,14.495777395975438,2.9211607524572116,0.013523365856210612,0.006248415064463641,0.005294424631709642,0.0012182482180879068,0.024331650329707456,0.01052252767764437,0.014768062082109111,0.010397221333953688,15.547269634711304,18.440858563706115,15.450268636173185,0.029875560524675215,0.03239833195953043,0.12220545443147512,0.009269887777589208,0.008336470773287145,0.00909633666131987,0.038727187774975684,0.036672278229696244,24.275776678465675,24.479366799372656,24.26791242908895,0.04334227354340392,0.1186681464079547,nan,0.006023739185252801,0.0030396841344121836,0.0016085304510663225,0.053174462377777544,0.03650291251129271,14.131320187756243,24.398885180075467,-0.04565471101155461,-0.040061619874950744,-0.005858238634935525,-0.003072000116493492,0.0015049757207705578,0.052688083055512785,-0.0020898196053214533,-0.0010168059128258502,-0.0013737084497294312,-1.5174269122453232e-05,2055.7199876864966,2055.7259051805886,2056.8066167195866,24.373550964195147,0.005917494092045672,0.019416721788275026,-3.908585103375117,3.2683921076394205,0.017639013394727954,0.07218142183792622,0.03008309477354487,0.0004948105952418831
305,train,1562.8485644156517,55.52730180924677,0.6412383757192002,0.41401378529182464,0.01,7.219720589562796e-06,1.5356869916466048e-05,0.0004984600524590415,False,0.10247101413478373,0.7824592368526737,0.022617321917445785,0.006721004474396608,6.465104778632722e-06,4.5556664245617154e-06,8.27806413346026e-06,0.07773695116319061,0.03081908285770775,0.029806943496207928,0.023063712725407155,14.868126748587644,26.35270779982011,-8.46747246609194,0.017571072393898657,0.004206477012165688,0.027625159157419386,0.006822489680190322,0.00859639834668811,0.02790713651172961,0.010933031674546229,0.014348448730456556,1.3214382422093636,2.4372903463950024,-1.2732319435035058,0.01304683361392156,0.011874843667936744,0.07126814496462107,0.0028883947335638523,0.0014830282476133243,0.00417293050557545,0.015552903893907326,0.017873374335536294,1.8831591595520856,2.1616803082406477,-1.882577350076313,0.006393977943182083,0.007877526728499543,0.01973715966335343,0.0023411225347458966,0.0015717068518889955,0.0008459021435435463,0.023969354737842646,0.009390462109979009,8.874607908801897,-1.8762118792506044,-0.0019699848499065394,0.018021443838895226,-0.0023767438163577437,-0.0016047168725533039,0.0008633269217057295,0.024426238464264227,0.0007997299472810265,0.0007552576531874528,0.000622292125404039,6.766227276910897e-06,2303.227011481449,2303.2232415015387,2303.9962129058626,-1.8747973784788883,-0.0037699799104302656,0.002355479138714145,-7.140220308408516,5.9783210747253905,0.07104891029939608,0.07536061445805582,0.004707477269221272,1.4435273908321322e-05
306,train,1555.3839503084,71.84047517575303,0.7017139670174873,0.37375480476515927,0.001,5.492173388470462e-06,1.0560013236461795e-05,8.250916457371629e-05,False,0.13316994015817019,1.0271764249509943,0.03170042277649283,0.01936909458447955,2.5409764577185703e-05,2.259673197645433e-05,5.0170146273272455e-05,0.09560452651061846,0.04289967866613149,0.03459189347740686,0.028865712549497286,68.11733117207442,107.20946724834084,-54.78565285042894,0.07427541885013245,0.04887708747987137,0.09358402461121877,0.023184621828829525,0.05227098276813482,0.05069271072078979,0.06468731266245709,0.055549456678550234,3.639126113656261,5.157835325921496,-3.551050902174492,0.015916137526482466,0.0065965956679183745,0.0741318253960699,0.0023902787000701416,0.008557125446250225,0.004316061479734502,0.01756370814621788,0.01892593247271017,4.97376238141281,4.999845578191071,-4.973370991248752,0.01832446368011187,0.044801866094181735,0.016593159898467078,0.000427194158679791,0.0003309608424344199,0.00023531281432859525,0.004700289689518105,0.011181463916268286,40.66289616725153,-4.999798051671405,0.029479487058900584,-0.020138943013756704,-0.0003010827287015242,-0.000240795847555161,0.0001958634984525898,0.0034464896631815766,-0.00011695016275159169,0.00035090294086006384,3.824287256147122e-05,2.97354987521814e-07,2509.8800410980184,2509.8782984597533,2510.7979640545277,-4.999228355562991,-0.0017426382651137828,0.001172942156699719,-2.5714909950561378,2.1643043319535296,-0.0077874728617644,0.006621742020054203,0.0004748301530526078,2.6502056534847575e-06
307,train,1652.95763095731,59.67111369902429,0.558656008520985,0.4364256643684223,0.1,3.2077945712240943e-06,8.99093513574507e-06,0.00397829564145906,False,0.32062399247120243,2.7662381603513495,0.06699054998203842,0.008027037904210221,1.5084683651252064e-05,2.4743738241042157e-05,3.1164384847251575e-05,0.13640440305644444,0.012748261967792307,0.027566097646323822,0.029464959246216685,19.618204183045663,37.40253066894229,-8.542990687830637,0.024234611810923345,0.006730205146400029,0.025914009891592947,0.005788938582918512,0.028122643463190024,0.03173050379521078,0.04016665934962188,0.023075493371489026,6.669086790078509,11.028469002555994,-6.547420928967379,0.01956133858218312,0.015036969483724228,0.10986572703930368,0.005220428990090637,0.0053030958266271026,0.003691934242124237,0.05145462132206554,0.031762129483989245,11.124737723025259,11.305744845126355,-11.1184146513725,0.026743310511851526,0.0797043602182852,nan,0.005790976712367958,0.002991318147240672,0.0015540780172895643,0.06167026531729547,0.030342199682495775,12.907852332370487,-11.305744845126355,0.02557276408555304,-0.12330471341031038,0.005998443621739093,0.00318339676510603,-0.0015729292871887002,-0.06492942462779032,0.0007381791234241405,-0.0010882958030205686,0.0011037605512173433,7.309661863130756e-06,2095.5915716556938,2095.619975639964,2094.4378493033846,-11.346061774600912,0.028403984270426008,0.011912945204130665,-8.014270132387082,6.487435398445382,-0.18407493371296368,0.13104920109785936,-0.008999669189506676,0.0004387642110791227
308,train,1584.7969764537152,68.56318875446462,0.6372317142986481,0.406953084224255,0.01,4.579117029463701e-06,1.0279762035784178e-05,0.0004065721531495123,False,0.13733320757278375,1.0576992125443212,0.032896975704940365,0.006519954781500026,1.011735268891095e-05,1.1254962162174501e-05,1.6047194305480404e-05,0.08994349893448073,0.04081425344325469,0.03795811206048226,0.028125547324562378,11.28273521962935,16.867598221791468,10.446473878814258,0.023456391829288936,0.018340056702593678,0.010756331634576765,0.003317745339604034,0.007540480596236167,0.049162956724045546,0.05772335833208892,0.024473488221524186,5.331294989559144,6.052231210911486,5.258344814913424,0.014322877472785045,0.0171050964062999,0.01848726804060221,0.005172175630090416,0.003499898208242255,0.005902924635536617,0.04114635919842728,0.015218953686533115,7.675556279438566,7.738638432652806,7.6724108780141425,0.018275789936212483,0.05384801849677342,0.01801744887808852,0.0018763292022997975,0.001187123756396073,0.0006596719476252371,0.01907138605809638,0.015776663056546573,8.017235009861752,7.726609017077408,-0.020868089244247785,0.018481853832711583,-0.0016549591470467159,-0.0010978658885547503,0.0005638468622717001,0.01724798719727992,-0.0012389404933046855,0.0005957323331005613,-0.0006389792413602843,-6.581427518415062e-06,2313.1939829374664,2313.1877223705974,2313.375889086833,7.729449798105179,-0.006260566869059403,0.0034197858412881033,-5.22388268396071,4.3574050942638545,0.1465737741104931,0.14930328328164996,0.00020140599735896103,2.0459230399111707e-05
309,test,1461.1933757117235,57.02743575369268,0.6879925957429999,0.3932925814603136,0.001,1.6616283889789794e-05,3.0106761568229343e-05,0.0002690449801420389,False,0.22393901596374569,1.8979567089818374,0.03753001556685105,0.013185839466325344,1.872638900232999e-05,2.968219808406348e-05,4.17757420215187e-05,0.01856634894853775,0.033444012398325874,0.05522128538290562,0.017886971843146193,90.61448150604498,146.19631930705737,-68.99555069932133,0.10208684538505397,0.06431558904393841,0.12172498605889821,0.03197424638174893,0.04581458001490131,0.060013549361242806,0.1445627740016371,0.07806762081039446,18.46687416961027,21.580659181368446,-18.351445424523025,0.0372693501035517,0.03081916000801881,0.20769649916077376,0.0042978505499998544,0.0046253387838682755,0.006463832280528062,0.012703165318960114,0.04443430768369148,24.65212708125231,25.01036450056108,-24.647379635494016,0.05156073782902282,0.36347385407229116,0.02745123146793628,0.0006753487636291481,0.0008766834573799616,0.0002802650656383373,0.009295692466210113,0.06700884588218083,55.97937253166573,-25.01036450056108,0.24466612775003352,0.02423170299951804,-0.0007992055309757867,-0.0006262827984973681,0.00041608348758507565,0.008609138180031676,0.00013226145327028467,0.00046886039407196016,2.3522345374151288e-05,9.880172426868228e-07,2370.0031118071106,2369.9965401532063,2371.3795796283976,-25.002956247431484,-0.006571653904302366,-0.0008365992252947763,-6.268403401069918,5.2321805751151,0.17775225758487068,0.17607519516210807,-0.002843865662725875,0.010981036778263292
310,train,1622.8152764436022,71.60089043895113,0.6100689973166282,0.3661899879393919,0.01,3.334445728998842e-06,7.673157194158553e-06,0.0007010487867908676,False,0.19106263555645708,1.6607098895369745,0.028532893499522257,0.009423545321173954,6.096809150053965e-05,6.327024131835069e-05,0.00011984248987903149,0.08175292999813587,0.020927205517932645,0.012716419018133343,0.019273439226149963,19.458171265828902,35.40618439694754,-8.114638649095564,0.03082881999759879,0.009066186185955743,0.024717252927552284,0.008036459317234249,0.031342993245726876,0.048437338865681634,0.03134746467570717,0.025491282536309657,13.570630098839938,17.903213387158303,-13.53628280055648,0.020428093851154516,0.01982328278674913,0.09057931194172589,0.005009161262284931,0.009421388746197327,0.005595681110188308,0.010397591250805032,0.023471069516325105,19.365597372089965,19.611549906148866,-19.355786205686567,0.017590536406120627,0.1608141747168879,0.026299860163158773,0.0009635325828380952,0.000637744817953491,0.00029500585262522047,0.010644418027557313,0.03327578936017012,16.00803280824488,-19.611549906148866,0.046336700572352015,-0.05815106413092483,0.0011707829040751815,0.0006567892011189899,-0.00030599032174794243,-0.01246090148855843,0.0008735304828886947,-3.61737853888167e-05,0.0002432675427180335,3.859710731912713e-06,2265.292993195611,2265.2877239485674,2265.609436900967,-19.61238872633203,-0.005269247043543146,0.006108067226705316,-2.828949414960789,2.5980783945964903,0.21444357453947305,0.2240660058601314,0.002742310530720715,1.7257682519561177e-05
311,val,1606.2451560733505,58.22662633683029,0.6951372968506955,0.3646974916819013,0.001,4.467001723670813e-06,9.225091350516028e-06,7.589627282315973e-05,False,0.09784442200752576,0.8672673682656296,0.008143539536834847,0.008244791829518316,4.9904928655451286e-05,3.7284942068089713e-05,8.785431764745678e-05,0.06096255846802726,0.01678339880952005,0.03712677395574368,0.019174629236943665,63.0294054770706,97.59938227559178,-51.63003118376992,0.08213503510847797,0.053233103961139436,0.08934579298123865,0.022823512148038457,0.05592786643971993,0.06349961392820774,0.0831898603454274,0.06133662496729527,1.9244896331738401,2.9172401624214217,-1.2948128622549102,0.012203430897034906,0.020639060492345124,0.04840764038362233,0.0010261821225503003,0.004653924422488122,0.002745348586939524,0.01724412856061329,0.015786047428093114,3.4575188044071816,3.4912465053844244,-3.456498732298569,0.0181384593583358,0.051309878041154174,0.056909955526073044,0.0022129413210945723,0.0016795852750036205,0.000875589169661231,0.024444977850176856,0.022905487863860582,38.15208532657463,-3.491207279325863,0.023342650001328406,-0.05906287612590606,-0.002120507885751595,-0.0015789519238235965,0.0008608089926399933,0.02322559655658525,-0.0004334186244304652,0.00035477811713968655,-0.00021428351311483936,-2.0980878275844717e-06,2537.29444251964,2537.2903990849295,2537.6417812381455,-3.4879222332110658,-0.004043434710638394,0.0007583885958410974,-1.5069180067798698,1.2896338553752098,0.07608254875776765,0.07613948292887877,2.0759239760081982e-05,2.243201977263626e-06
312,train,1597.9420290363014,51.88247991891389,0.6910345054740524,0.41065832587804374,0.001,5.530912740316151e-06,1.1556584726994155e-05,9.849052643651054e-05,False,0.16402281958698292,1.2799420112844473,0.03867109402274325,0.0087825451740553,5.9283639990205845e-05,4.4062135147619705e-05,9.096838083418328e-05,0.08142905958953046,0.03214650176881368,0.03627342110110677,0.02500721610257049,18.53789983412588,29.44586424434965,15.24350286330404,0.03303536492486203,0.027564849957857785,0.023300833404598417,0.006984852429308801,0.021345912713034182,0.048539112698707254,0.02393444855569002,0.025278334959866075,9.324140075011123,10.79965264076236,-9.31406998179596,0.014630930348084492,0.02030065692930644,0.0217187540876709,0.003713321514136855,0.004021550694802243,0.003886207180812219,0.01249440131536868,0.01102248195368289,12.48751619497848,12.598421058471558,-12.484817642227345,0.021461013413043517,0.1219670671166128,0.06928131754308885,0.0008634468856760581,0.000535633428155505,0.0003539595947143951,0.008436178374521831,0.03357293382379491,13.207203526828609,-12.598401293630104,0.013931021728193034,-0.06778960162220923,0.0006235795142168494,0.00047142130555306394,-0.00020378443534099815,-0.006790089746465594,0.00018025202622161515,-0.00035703034882159795,1.8578980047170446e-05,2.0873184269909473e-07,2501.3006564704274,2501.303084121713,2502.0168702817136,-12.60148181585464,0.0024276512854157772,0.0006528709391204757,-4.492677021353302,3.7965187380599583,0.06163400510422434,0.05896304824512919,0.00023375328919428284,5.6456012841170445e-06
313,test,1534.912862349352,57.89489582908789,0.6072069071953525,0.437588984057944,0.01,9.257083568399516e-06,1.971674484817215e-05,0.002020039370370636,False,0.17514716547949677,1.3062294685353208,0.03719576825518094,0.009868685850398684,1.0527843970663244e-05,1.21506404470371e-05,1.767414611275841e-05,0.06271691407148197,0.02629584031271087,0.03363288644432739,0.020447665576508445,9.798005165559196,18.011179035328496,-3.2226180642492417,0.01766957326692542,0.0025630290153623126,0.02133641025086646,0.006718396311301122,0.011703865448703062,0.03171352368429005,0.01485685411982689,0.014815346471724984,6.618270828549076,8.02337786611497,6.6022583149947085,0.018544924505686566,0.034460082761259364,0.05456481151485563,0.006474945980963471,0.009950169736025473,0.009696752003462924,0.00776641918979238,0.020485530197726542,12.47632609096867,12.705858669479767,12.466797086613447,0.031488200956441226,0.22848225471263364,nan,0.0010407838238244368,0.0005100483602617764,0.00039183865270500917,0.009027218998778053,0.047890428909640584,9.012183375579754,12.705858669479767,-0.05804493497775579,0.07664938853813706,-0.0005782106985729737,-0.00035117388713419334,0.00017798859503414993,0.0056175085754944796,0.0003445698627070126,0.0004162789304459155,-7.669340126507375e-05,9.464010237714149e-07,2151.9822573167226,2151.971169403578,2151.910868506515,12.713907489995108,-0.011087913144365302,0.0030390926290237985,-7.793973211303182,6.250529454660298,0.6967834942934132,0.655943627280297,-0.005597061941443826,0.007756862352053733
314,test,1623.0743674074142,55.98982443594645,0.657632648190737,0.4083516736144663,0.001,4.1050413684849245e-06,9.409128196785753e-06,0.00018083969576089057,False,0.20383803402173828,1.5503695109534874,0.04709403939774069,0.010292956880223691,6.59597333808569e-05,5.6398644255836896e-05,0.00010545724321636079,0.09325977334181831,0.02478326986257217,0.036553869096109234,0.02580412132022546,22.58852081693973,41.963158444849796,-10.624073058091335,0.026231431572396602,0.009848554061765222,0.031961648162904574,0.006641966977690706,0.022844814197317882,0.04450769390949733,0.03498081100762459,0.025130914719466716,18.853374738526906,21.495028330040896,-18.8322826398315,0.016656461129255007,0.02987973589649374,0.05940635826191817,0.006730375120701617,0.0073392671491371905,0.007166189633862947,0.00795359099534891,0.019745919509577093,25.80040866757233,26.20855269001231,-25.79149488359252,0.06261622589683702,0.37377144345356506,0.07874709490790248,0.0011449412929725904,0.0006259283168574987,0.0005094365181751237,0.008873624518855023,0.0772787448347213,20.101147133472615,-26.20855269001231,0.06159710635756552,-0.08197638923980624,0.001251577970347076,0.00086260687513135,-0.00039094643842485234,-0.01371455190042029,0.00015277738004441712,0.0002146930253799561,-0.00011562253808730446,-6.909638772256699e-08,2417.8530377130724,2417.8457340731734,2418.686794057623,-26.202559573363033,-0.00730363989896432,0.0013105232496855024,-6.37953172329253,5.296280906697233,-0.036087831526401715,0.031060939751113275,-0.0015805659941179329,0.011197486922049929
315,train,1678.2102159737078,72.88544786187461,0.5578662307643785,0.36262981832868435,0.01,2.004053335685202e-06,5.744343418067763e-06,0.0028029934470296916,False,0.1920426213404541,1.8709722889707336,0.029543331167311025,0.011083207105912596,4.322396533531888e-05,5.2937379180776416e-05,8.906506299943752e-05,0.10375633526534281,0.020560940205544175,0.021209884216183264,0.024285397682430963,20.058786445280024,30.787302530757643,16.92930500578505,0.04366018813881123,0.028303449408314713,0.031535354117376846,0.014053794457459428,0.05213481717214149,0.07485400847142584,0.06314828695147306,0.044004951763031895,6.17387049181006,10.393702419931742,-6.02633451986653,0.013316937263322837,0.015261105792250674,0.04122777087545381,0.003488701879717785,0.0043666933164433945,0.003971105927039103,0.004422345273478724,0.012122953844063913,7.915238492645492,8.103826904462494,-7.91167885480878,0.0384377837951515,0.12386648873063752,nan,0.0009589657432745709,0.00026781413708750206,0.00028645389338782475,0.007754548988564564,0.026626854298590397,12.43230380701219,-8.103826904462494,0.11378517592634972,-0.051952908045013964,0.0013209848611579172,0.0005294623359521952,-0.00031896802950070997,-0.012770535115326541,0.0001535563183052932,0.0003494106416458293,0.0001438995615609053,1.6859871907470847e-06,2130.2952095924516,2130.2929048745928,2130.5578730143893,-7.934385585259861,-0.002304717858805816,-0.16713660134382735,-2.238853005590954,2.2584471393814938,-0.11282419694725832,0.11586684942754158,-0.1448646688863846,0.04015809940636676
316,test,1600.2477518633598,65.29859468129878,0.6178690699100653,0.394870329973335,0.01,4.334392577959686e-06,1.003556605306687e-05,0.0007245285991411326,False,0.15974309410046866,1.304136360535722,0.03354272210802852,0.008667945559722945,3.862485781063293e-05,3.97473627802789e-05,6.916424128772941e-05,0.08922287874412918,0.026595661579361326,0.02765867412406417,0.023937458484905555,18.21870546215488,27.31558779577881,16.452662510194198,0.0357957404306708,0.0248600358842354,0.023184966778044352,0.008671773075180115,0.0214933211124414,0.058696181277229635,0.05111074116247686,0.031336169881601296,1.943582156005368,2.4119851769455636,1.7168347532348458,0.008004087436319196,0.00844809170185274,0.014582011774733535,0.002852907469623494,0.002542886235731847,0.003462761881497718,0.022606872092387327,0.009082588525971111,2.9212190153640925,2.9500550422881133,2.9198320468800705,0.011816469813850539,0.018808437695216975,0.01804271629591376,0.0012114473580640947,0.0007187956180169993,0.0003858591921306519,0.01238243182932833,0.008591614664778468,10.893666703150375,2.939053424755457,0.001127916090969509,-0.018807419605606234,-0.0009493791298038028,-0.0005799786014655086,0.00029786893449404423,0.009877153843065898,-0.00040942760780292325,0.0005899932565881541,-0.00016310384552485656,-1.4538803746466655e-06,2263.797382192097,2263.7921886997124,2263.9388309248357,2.93965613160708,-0.005193492384478304,0.0045907855328550795,-4.562479814200287,3.7878683502712556,0.20285407638630204,0.20320151766107278,0.0013085598329780623,3.8879837029791634e-05
317,test,1462.1844171913403,54.483693757232246,0.5626538495220508,0.39950698950673313,1.0,1.9705843455512856e-05,4.075308873555576e-05,0.028876465209584378,False,0.1889948864291059,1.4826237585361923,0.036703143254619174,0.0040009521757737865,5.7464776071906296e-06,9.919716372133618e-06,6.006575226539824e-06,0.03394213717171258,0.011979826936936331,0.04250018321663962,0.014740636682415731,36.1363259168388,53.95120325603057,32.0454885401573,0.06140839906887807,0.02251510115498662,0.03701943984288527,0.00978396917855867,0.052293294095029,0.09365358282638242,0.0316063983893209,0.04114529758119381,4.5049675368705575,9.934831494177615,1.2201808618702459,0.02022208780015644,0.04050724792532964,0.09527201688496732,0.006159636618412604,0.010643455097694128,0.011790485597554724,0.01115185203315807,0.029254115692852745,15.210129731856744,15.496083827215443,15.181227848559066,0.014463457702984073,0.11889883431890169,nan,0.001207195311117275,0.0007696439949644323,0.0002841047961877341,0.012094557470261353,0.0266508671782865,21.35127222486601,15.496083827215443,-0.07546900631421632,0.2933625346045132,0.0011860415839092865,0.0006334516442004247,-0.00027716618678626676,-0.010890227073539024,9.126912982972462e-05,-0.0003150438222576819,0.00018269615106356383,9.63569462220093e-07,1923.5145141178461,1923.5207489864135,1923.0404068687312,15.460915690710863,0.00623486856738964,0.028933267937190976,8.686548841855029,7.568733717596083,nan,,0.7431950244108521,0.0013118915102769378
318,val,1557.3214713219115,58.87845602758438,0.6535834969979278,0.4262431015215711,0.001,7.299586803864955e-06,1.4710931253976817e-05,0.00036425463049377524,False,0.15847908194525281,1.1564146742007324,0.037867565561439165,0.006301399223368698,1.0263254721105768e-05,1.3156566348597572e-05,2.219520119629613e-05,0.07270288810372999,0.038129608767637546,0.026680657833354715,0.02292646162116471,5.3819604484304735,9.593831120784671,5.222681182585348,0.012535701545911326,0.009010384872755697,0.005459978598115687,0.004205197963584411,0.013889218903526304,0.028701264698370598,0.026109998865841047,0.014562673983698959,9.650612587286577,10.705214781193263,9.639385452780381,0.02699072945109937,0.032670446406533535,0.04648598245696231,0.007873531437435868,0.002966511665633538,0.009741308835780216,0.03623069363914587,0.022661412406915226,13.260917605553699,13.49486248323501,13.257074013871557,0.05233302545897578,0.3364730201551514,0.05445511205903289,0.003444442861375971,0.0022054080467181028,0.0013604441679221247,0.03334929227512261,0.07188128659422052,8.3326962422651,13.49486248323501,-0.32121874439256237,0.05719850424350826,-0.0032675022453218165,-0.0022852980296657146,0.0012187092937809422,0.03303072179816311,0.00016643329222788508,-0.0002268853961913054,-0.00020197118691447257,-1.0423181114882496e-06,2336.7090463868344,2336.7044836472082,2337.0629007511284,13.570696457744816,-0.004562739626180701,-0.07127123488362486,-7.454328315000566,6.134038974599277,0.0457974973387536,0.0377495728355049,-0.07829905382322977,0.10554515472257538
319,train,1550.2894675973394,60.61160134801345,0.6804877937040269,0.3890175226662654,0.001,6.930091283866915e-06,1.3951982852745519e-05,0.00015478391595651522,False,0.12942989993817272,0.9941678000545835,0.028825670907103428,0.005249964408957197,7.660587833693012e-06,1.005116244816365e-05,1.8727872120078105e-05,0.07055071685608608,0.03301254302106576,0.024847293024042268,0.021407832087266005,32.820505791881416,51.445551679768414,-26.67863710390585,0.06522063401644473,0.03100698789252239,0.05426554062974788,0.018574404675499055,0.057625886167142794,0.05080816076238726,0.04959526080042672,0.043646040154621014,13.79330836986503,15.635516614730022,13.770764702537624,0.02649817372116825,0.01651112282822442,0.031516047257123404,0.008443942391980968,0.0021850064436954426,0.007125737834158013,0.0524404697635234,0.01970372108645094,16.317256030991874,16.451028074247915,16.313857768321682,0.026352013423549536,0.15849904068279413,0.005152174228179054,0.0055009116166613295,0.0038515228824684304,0.00215388964553875,0.05447373872921177,0.03827187963080891,21.839052261276255,16.451028074247915,-0.011597571711902448,-0.0033357291724062156,-0.004946256117678892,-0.0036106973636747257,0.0018914872141420763,0.05031451466198599,0.00010940199006254469,0.0003486107997529073,0.00024799416338660137,2.188785118706349e-06,2430.260493495232,2430.261137873665,2430.3904572596016,16.449071174578876,0.0006443784332077485,0.0013125212358318095,-4.976080251308304,4.168115077312436,0.19251680369825408,0.18552815811823198,-0.0007360337267527939,0.0005746660940888125
320,test,1484.7755056769874,57.06470782871568,0.5839266080315152,0.3818705089204958,0.1,1.4560208221851776e-05,3.026148547323886e-05,0.007551280511294024,False,0.1696098223494651,1.4072117104292374,0.02858611901817799,0.009594824577624728,9.48320948299773e-06,4.1505182087870184e-06,1.9864270257032826e-05,0.06769444085186666,0.021555306091930578,0.07845356339238375,0.027956134722354965,28.21659751797688,58.17294308207465,-6.03590655609893,0.04387229853402008,0.013938498405746938,0.03216758151997684,0.011392207211604033,0.039535684225551176,0.0766120197498744,0.03728797759794634,0.03515566145178329,19.853108974981215,31.01512297330646,-19.58355856329653,0.03132090484635697,0.01900838538188579,0.2655907212728608,0.00731307049472604,0.00812251198053407,0.005889661663665636,0.011080593099687924,0.05283415731556005,21.326967625821364,21.653194475936743,-21.318396203145785,0.05406681983075945,0.1603704071177004,nan,0.0034083120571738314,0.0015697278116902184,0.0010029482672443038,0.030938293400429178,0.03945793773084758,20.8070561419782,-21.645714477894217,0.05359080179836584,0.06576138054454415,0.0032745498986390628,0.0016996328028638494,-0.0008609055436330537,-0.0315690197386799,-0.0005242711526259437,0.0003921125397178596,-0.00014299869604473381,-1.887144871148827e-06,2028.9546566069182,2028.9544456569106,2028.390902670832,-21.660879809301605,-0.00021095000761306437,0.015376281415001358,-1.9363045228319606,1.9659164491134165,0.5955344557505668,0.5882126644097594,0.012191562021371283,0.000910906287600966
321,train,1641.4170918320242,72.76558019935982,0.7103835618895982,0.41683239436405267,0.001,2.5368048595065477e-06,5.632127144775419e-06,3.905361409601367e-05,False,0.2186719692416905,1.6490815929469136,0.051692144193143545,0.007760403848661834,1.4479276812478953e-05,6.826361097130621e-06,1.1315635971613843e-05,0.042468354765750796,0.05657380152222203,0.07819544485142406,0.029545037068879686,167.32027829974413,263.9104393918251,-137.82737658876542,0.15683905614604177,0.12046416042771582,0.19265687170477477,0.05450342236611435,0.11043812975383391,0.11820496675267837,0.16654941301591308,0.12713616067017172,24.41246540554397,37.78250374542131,-24.228163616389736,0.03443858202420369,0.035355391140634254,0.1944852393221948,0.011845446320667828,0.0142074495534195,0.016745613667316174,0.02438464563487518,0.049503964273184625,29.609604548752774,29.780865535356952,-29.60559017936881,0.03626476103477394,0.1590096043632548,0.03313515959400297,0.002460576418367699,0.0016999531389733254,0.0009860624276517612,0.026409321935094227,0.0372834463128908,102.63573424426963,-29.78085670125847,0.04005762419487053,-0.03626989195157876,0.0017039896131559903,0.0013728552714446216,-0.0005530892673607621,-0.019390009854114175,0.0004074353368757299,0.0007333167118759712,0.00014488339953161192,2.716107535993828e-06,2602.575763803118,2602.565455484535,2605.089284700722,-29.771267136621645,-0.010308318583156506,0.0007187539463302528,-1.4858710006715228,1.2946853368484592,-0.09545500805052143,0.0913204461104476,6.992957878537709e-06,1.017535656153894e-06
322,train,1533.8116142737556,60.75689091579438,0.7029871231644169,0.37324528288090186,0.001,8.154762668856795e-06,1.5040112008285225e-05,0.00010410081638590646,False,0.20087530647151156,1.545042539697306,0.04331814092446441,0.008169405203845237,1.0390702746524693e-05,1.4634220888011393e-05,2.7194446937051087e-05,0.06438729215928764,0.027158465869204045,0.026008255619215756,0.019601038836379838,9.595316967364576,16.089388205144587,-3.563264768005204,0.02617136784546381,0.011203876624637413,0.015267104411715684,0.008521975398501237,0.036516354598655994,0.029941263814591695,0.04277994382301159,0.024038419778518935,13.734831861456152,14.628431737161009,13.727345909488593,0.022455525263982423,0.019128872463605836,0.04316044243266977,0.0077271824348026505,0.0014452531263070283,0.006542403732862252,0.04511842578289235,0.020520429995523313,16.428278005572448,16.525983401528265,16.426095806083186,0.028065743592232906,0.10669090737749169,0.016185337643888794,0.0053466091228000084,0.003916808334947618,0.00218006455100484,0.0533798534411921,0.03128326341188751,11.338380125991328,16.52598340138593,-0.0006487875764609567,-0.016061668007368,-0.005119657466529538,-0.003885868020039371,0.0020537136926749313,0.0521235907759827,-0.0004602966537086226,0.00018693692879757557,-0.00023576988632761583,-2.4754373397772866e-06,2493.116853777155,2493.1146872879294,2492.810205483936,16.527235990868576,-0.0021664892256012536,0.000913899742954527,-3.0138367090767133,2.5511909252202143,0.21680477264317233,0.2084461574954167,-0.00012118297809138312,4.647472643178855e-06
323,val,1673.5704914038724,69.91250060472706,0.6520887118424272,0.41355380684577003,0.001,2.2577475409863915e-06,5.238356608249574e-06,0.0001386276166901856,False,0.3292276506336832,2.2140559083964035,0.07957677655962446,0.006937834250337005,2.3976039203548836e-05,2.0358348321401023e-05,3.084513969395584e-05,0.06998296983943374,0.04318129660642517,0.08316866177368912,0.032734684624461156,48.55601252780887,78.22999333732196,-39.07124917275751,0.05407807955544941,0.029094930742367048,0.07423865452093664,0.0188834186613845,0.035185537940778944,0.02383287601828014,0.04034839644949907,0.03693063572220773,1.8558051009949579,5.280821448522147,-1.7321132588184522,0.014412114432756473,0.014244339973849674,0.0802152503781072,0.0014121590625677226,0.0028577900608880488,0.0011779213997382375,0.007890798836016634,0.01796637661852792,1.0203395925987562,1.5257787054265464,-1.017861737171097,0.016683157839395335,0.032352198078458246,0.021577259916026416,0.0031117075969776488,0.002209158464870447,0.0010950058010335138,0.03684927246277025,0.01619910038668942,28.62584961895792,-0.9929484892159053,-0.012540288559572012,0.018822479165673606,0.0035655704429485738,0.002499248709561999,-0.0012759527474407101,-0.042149044054475934,0.001457103610914561,-0.0004953612969611125,0.0011464871635228572,1.0371359951522052e-05,2447.6443244752327,2447.6598979350074,2447.7312680540886,-1.0103196103564187,0.015573459774714138,0.0017976613657992857,-4.668681044367531,3.8466827194011066,-0.0889553358424564,0.0838694750758719,-0.0006620977442253206,0.00024931515274535576
324,train,1516.701778712969,49.70370036111843,0.6112625109714555,0.3675642494857687,0.01,1.1852858932286005e-05,2.577230857969354e-05,0.0021956372074041675,False,0.17091937440681307,1.3831515856800252,0.03201213093716209,0.007275583128990126,1.5503390520066643e-05,1.6929005113804562e-05,4.2037113431082456e-05,0.07740955904733766,0.02449348091441434,0.07382568572768908,0.02930053253308434,48.706721235387405,73.72265288577682,43.50700559739175,0.07634220813104453,0.05637094320035985,0.06717459521779952,0.02181535309489029,0.05213330744610539,0.10323978854857693,0.0563139019851158,0.0595079815821413,2.9426911460961187,3.9723214169544008,1.8111983156269134,0.01752405759197373,0.018548756029183086,0.06594140981052522,0.0018256875378584515,0.006362128197253078,0.004832383812878601,0.014511344261501266,0.018670284941533284,6.393162197564169,6.517463542565565,6.388045379899203,0.023799852568048063,0.1144293027966327,nan,0.0026264295034097275,0.0015696500629965903,0.000755791393218547,0.027864120353538184,0.02944905882195915,28.54453654816007,6.517463542565565,-0.03480786547970886,0.025048109312471988,0.0034019536057970736,0.0019315385581627547,-0.0010090028611979187,-0.03547413658192186,-0.0004905252822902763,0.0003481251788965659,-0.00020646876777935001,-2.215808518890583e-06,2163.7844120354644,2163.7822731822957,2162.794069339908,6.5181372125589405,-0.002138853168617061,0.001465183175241691,-7.189059260432259,5.665722171265992,0.4266451344278721,0.4274887863329662,-0.01805611220697756,0.007820489384098234
325,test,1659.8933522651107,62.82488262519959,0.6592832169581797,0.4377595311224313,0.001,2.6858760242228974e-06,6.482161974711515e-06,0.00012689119044239895,False,0.33341581863619796,2.2728168632283996,0.08190387929293264,0.010823611013787371,1.9228334613337675e-05,1.5619543252766577e-05,2.3636926316178228e-05,0.0850455359653617,0.03634570001897929,0.08208076487783363,0.03392174761105948,19.336639939397013,34.32029540291887,-13.075082288761479,0.02395891143647333,0.006270670842437148,0.03640432626401835,0.00774048620671296,0.009321761040327508,0.018865674582959024,0.024053316575109267,0.01710937258526071,2.202085231193111,2.872803118176762,-2.1487511440244185,0.008114728857787856,0.006449579325714201,0.030200670837991543,0.0015201609261526136,0.0020892077416786105,0.001723457081477289,0.010044510900599471,0.008671264468935621,2.428053018563986,2.4963954442300746,-2.4280203952976604,0.015406660352603296,0.00987745917324371,0.016427560951874122,0.0023778211149045113,0.001756568854881671,0.0009175439633139051,0.027526978773730996,0.00981398880532482,11.520514956456097,-2.4312002918013604,-0.014310793079186668,-0.015398725110519589,0.002784963170033543,0.0020493532401333245,-0.00106537895658396,-0.0323227895299797,0.00018892815054079805,0.00027899130932219305,8.463181208994183e-05,1.319934130439293e-06,2451.0309651591915,2451.0273652219807,2450.914561041844,-2.4289161737369795,-0.003599937210765347,0.001315819146384456,-6.772473505232483,5.669254377689076,-0.016258725356692594,0.017180613764445945,-0.0003416416079744522,7.167369933078079e-05
326,train,1476.8261001305573,49.77525133172862,0.5518152474004464,0.42176097623088815,1.0,1.8350426010704312e-05,4.194930475369382e-05,0.043314251696193205,False,0.18172260163878215,1.3920920042885427,0.03015124282350832,0.011317973138391224,5.486376318979273e-06,1.3133902462946384e-05,1.5759022925190083e-05,0.046425794750596334,0.030034716940913555,0.050125627675002234,0.02110341977803654,7.028655715678614,16.572224240193464,3.482978736939727,0.036677502722054944,0.008938321380707255,0.02233008909683484,0.01605973767057325,0.0400424177312849,0.02729690547147933,0.05934341726976825,0.029001814770107968,20.82516946697602,32.02090023439723,20.487208528028447,0.051361354186143515,0.08659949399855837,0.18694831908501067,0.01740716485125161,0.020377574454248402,0.023874391952632232,0.024817460307285176,0.06000406744149774,44.992445045518615,45.43252974287793,44.96407922602759,0.03714537431593268,0.25658219140838173,nan,0.0024813965030236595,0.0010477277023735342,0.0007529021985503597,0.01805007693419968,0.05578285894930579,25.655609662940083,45.3916846577099,-0.15684216612268015,0.31471612487811235,-0.0023906440285382424,-0.0011021248297567007,0.0006057693042782501,0.01939954988931133,0.0008238845440840703,0.0004612599633449843,0.0008011440230513425,7.570997440975447e-06,1893.7494511813481,1893.7525670828009,1893.88363504373,45.35829733264154,0.003115901452702019,0.030271423615658932,4.1563528781694,4.714970017922794,nan,,0.1024377034113968,0.0021580984214897786
327,val,1615.8119953690484,61.5654434534034,0.6667564571595231,0.4244497840627667,0.001,4.126619280611701e-06,8.847907439191526e-06,0.00014707736322564746,False,0.29310012841002986,2.093330781989607,0.07174206223049377,0.008030700637472687,4.551350311981444e-05,3.652181759415134e-05,6.532026025250153e-05,0.08277958455855634,0.03372803897734029,0.055996962366600185,0.028775323580577213,26.305334889538983,40.87543002890379,22.666061106125216,0.046844912098641944,0.03593957226615521,0.0337534297516061,0.009596692100165316,0.031095027497587222,0.07364884147776901,0.06567690343702208,0.041618411088384155,6.041626952320078,7.956636444530886,-6.013578832083714,0.009339120106218957,0.009609089699658676,0.0037732919597529163,0.0015495464531924566,0.0031311071046778234,0.002662920939955079,0.009969239173944794,0.005115865888530291,7.128163689960927,7.180620331317641,-7.127432164482291,0.022006457636155163,0.05726487363149884,0.025103249382542367,0.00046935647785460044,0.00038107946756293866,0.0001637826655927189,0.005337024101725146,0.01478656095446277,16.154551693191408,-7.180596224817236,0.004548076372200553,-0.024041690046220934,0.0008436270985321356,0.000605082819700452,-0.00029372355977218273,-0.009164594672413732,-0.000464654929244896,0.0003871313952369249,-0.00016382799140076407,-1.8195877351523393e-06,2436.9305904780354,2436.927917071885,2437.2913623172826,-7.179244077177373,-0.002673406150279334,0.001321258510415646,-6.582004521847466,5.5182969321695365,0.037618998630932765,0.035830876543835787,-0.000796660238847835,0.0001277856955622127
328,train,1458.8098926301432,69.15818559242165,0.7205506261258279,0.3615036956250643,0.001,1.3368137259059585e-05,2.2916345291979473e-05,0.00010746910365733326,False,0.21163846835189334,1.7948695988409327,0.04219519186626422,0.010877418198493416,4.1724082503906656e-05,3.846087038165309e-05,7.80608076713738e-05,0.05872275388121876,0.041256398142543074,0.06839362545477691,0.028088503873182614,72.45906715682551,118.71339665226424,-52.78350305749507,0.06533849227353483,0.04721259863444326,0.09448999253469456,0.020123669397519788,0.03340923957121244,0.05288815931058725,0.09907518906837964,0.05786647475280615,21.698296708503676,24.25184763137895,-21.66111919186664,0.04036461988172935,0.04413575296583492,0.14003314959377577,0.00804924751951262,0.00954855934267391,0.011106781584827585,0.00874858884661914,0.03693701330887399,27.460724274713055,27.688602217372136,-27.45570044508508,0.04216295259841818,0.2107530484190221,0.01939196553320366,0.0013433088848612286,0.0007888890398875167,0.0006239061030157559,0.011519731040743764,0.04073680817012234,46.194034217362336,-27.688600022077935,0.05366541697345793,-0.021154331435525413,0.0014064819329344725,0.0010497613314259162,-0.000533118792856756,-0.014600687464065131,-0.0007628803427282639,0.0007189002330256488,-0.0005230939321085495,-4.509520142303991e-06,2485.6338024427714,2485.622138984889,2486.520287120045,-27.67803294062469,-0.011663457882605144,0.0010963764293592249,-2.8528664373602624,2.401036777902144,0.2557845704363899,0.24488055050737068,1.7690349068288924e-05,8.824317593745565e-06
329,train,1652.4281251592033,60.99000383688447,0.6543598071686532,0.37446385837124757,0.001,2.945296062816627e-06,6.842104643209373e-06,0.000145330594763706,False,0.19512773223678787,1.6650667531944237,0.030856961032303183,0.005948586269732381,5.6388007950517194e-05,5.040955610846226e-05,0.00010160435412601737,0.04669941662437536,0.01025313772326691,0.014765329121632845,0.011987714231243353,16.92091935821033,26.730683815948396,14.127249564508185,0.03554321068207067,0.026078446272201346,0.02224230466177508,0.00914875766089663,0.02754656610391003,0.05361181218415113,0.043201973335497634,0.030304976703071973,4.024071600875876,6.058810069262563,-3.9856095833504974,0.008659711497154277,0.00941617515182636,0.004115293344861937,0.0015800160460891916,0.003271042097774659,0.0023883010024597522,0.01129511057695702,0.005344323036661487,4.529074903883522,4.566506004911844,-4.528612642351268,0.01632489481912003,0.04803871857785691,0.0286544700380002,0.0010859545885693706,0.0006850346012124254,0.0003857202358395996,0.011769067556347169,0.015103160932970948,10.364735027637069,-4.566478349457157,0.007937229044228186,-0.03220110077858963,0.0014492154073203188,0.0009542801359440665,-0.0004899576135130528,-0.0163198977425187,0.00046400183177439656,0.0004196385518803932,0.0006234713362443659,5.501638281613097e-06,2444.8524016968386,2444.856900072105,2444.8976528595263,-4.572514936861808,0.00449837526639385,0.0015382121382572223,-3.2751492407842306,2.6962638650119874,0.0970449322899185,0.09861585644838618,0.00028688375005003763,6.21113162277103e-05
330,train,1587.9054164636573,62.71067177942508,0.6014401117070389,0.36142793366677584,0.01,5.045032903877463e-06,1.166192861791708e-05,0.001351421744327072,False,0.09207512623454905,0.8274537124589187,0.011433773178956762,0.008270350599863363,4.470619009460486e-05,4.6858009077505265e-05,9.055028633441934e-05,0.09197481758033911,0.014698336398122347,0.034711871860257176,0.023594523387370864,20.335458471848675,29.057402079176427,18.722358976660637,0.03314627683493632,0.02390578076306742,0.02783823543348211,0.011278132359053486,0.023714317175760332,0.049119852562539215,0.036603567680745096,0.028743314329107945,6.5190753510484285,7.925265285795831,6.410288146670013,0.014151401901949467,0.017308239860500806,0.03749458609455771,0.005102131772626596,0.0050747217435209435,0.004654091726782275,0.02423565804341199,0.01564490487356672,11.099664938644956,11.229332593652089,11.094116880423952,0.016531548781985705,0.10216726094977778,nan,0.002381610190667158,0.0012022604067540054,0.0006775958372105691,0.022896969557412234,0.02586513938836435,13.34244659578563,11.22786830173618,-0.016003487147096304,0.009151803919887494,-0.0019395633848150473,-0.001045298297203086,0.000516982718207016,0.0193697665348142,0.00011846923465845283,0.0003471937011146238,0.00015274426369681751,1.6281577790433488e-06,2200.2894678891194,2200.287822956786,2200.3536231044304,11.222474159427748,-0.0016449323334200017,0.007039074641852494,-2.412196626461082,1.9594992039793333,0.40982030671329994,0.39933047667397664,-0.0008596922139076923,0.0007425491811027749
331,train,1488.9020684289608,57.94015713438047,0.5652253985194455,0.41503591424836767,0.1,1.373063024399765e-05,3.0595221214733015e-05,0.01764394876736717,False,0.17760926764838866,1.3884576816931258,0.03427480172427416,0.007651483889122623,1.5090685830085678e-05,1.0983351963047921e-05,2.6607818743001498e-05,0.06504912167814873,0.018511665210085147,0.06314278611567392,0.02445937581007399,30.424485367984033,66.57810603210237,-4.398823611527058,0.0605289325984375,0.017112118315115207,0.032187041423675226,0.010846417549713723,0.048759521045348905,0.11943704158736757,0.05500445435115434,0.04722443237872916,24.083728024118198,41.46189516908771,-23.308744835908815,0.03417629906613229,0.027371591228783153,0.4008703841171593,0.007606872204144718,0.010984921877471543,0.00752949546545858,0.025033102039561127,0.07989939448876306,17.097565358971494,17.26049770083023,-17.096852702754415,0.051719596333797746,0.09117646141515214,nan,0.003098995554472151,0.0014376562364238974,0.0008784062694263071,0.02730393008110866,0.02477908991131663,21.214513583759327,-17.26049770083023,0.05035774072317884,0.3731469844509051,0.0019344162907321677,0.0009718534430917912,-0.0005071233326480922,-0.017464631369259652,-0.0003307761324422512,-2.4293335767477833e-05,0.00021283961565002837,2.7775380173622466e-07,1957.4735569441114,1957.4835844237946,1957.16732640176,-17.244328375307305,0.010027479683230922,-0.02619680520615475,0.9025554175793786,2.214538505789789,1.3368325944181834,1.2325382932783888,-0.06441754553839019,0.007795028740148566
332,train,1657.3126200656416,57.58468955290662,0.5832241879342807,0.42011129340983366,0.01,3.2405290233158498e-06,8.466513826864803e-06,0.0016521398895442449,False,0.31119361526030936,2.5096515232148704,0.06749142172170156,0.00643203965046002,3.580965560856029e-05,4.4037949758589787e-05,6.45934118293293e-05,0.12701710782325767,0.013650611349658203,0.04131277307723069,0.030354155544557174,17.693130893091336,33.57639271133439,-7.437138762838965,0.024859798188373583,0.006754224284603744,0.025814118949273965,0.0056501794523674195,0.024773251154785465,0.03796083543184624,0.03557942798176746,0.022755339542440717,6.525311451644968,9.51365133005902,-6.4681252646206,0.0117942168575631,0.010632169643013256,0.07007861733524959,0.00443458811542313,0.005113389711085535,0.002985177459637915,0.047957840567435656,0.023533630471974182,9.44795850863202,9.594645651100109,-9.444884940465295,0.024494572539241588,0.11185394862932592,nan,0.005740416414046389,0.0031573532428816205,0.0016702083118934727,0.06390736742707945,0.03726585880504537,11.538750504766966,-9.594645651100109,0.010006798270182922,-0.061541420079650085,0.006556373490201095,0.0037072942010351394,-0.0018599089348274441,-0.07488247894109473,6.0217439679687545e-05,0.00044017067086614875,0.00031890882714129054,2.559428572634914e-06,2191.9092403064965,2191.911401098376,2190.637121004941,-9.602857187869631,0.0021607918793051795,0.0060507448902171745,-5.832862627602481,4.6730831818195515,0.0022116825330158463,0.01769202967987811,-0.0034737134751594567,0.0015041490029711997
333,test,1610.3166717117324,65.69620710850621,0.7154096757115185,0.3920915108766744,0.001,3.870346372754403e-06,7.689227752537392e-06,4.558512936459723e-05,False,0.24907868629151472,1.9216965815762705,0.05477540197476164,0.007113036132436523,2.6906539804901058e-05,1.8091341807264885e-05,3.847426439381267e-05,0.06773650588723645,0.03723459694207171,0.031576306556455894,0.02277181358862834,9.169276260397313,15.438926383151284,7.751136597983846,0.021081943545270487,0.01612624350270954,0.007469229003428918,0.0029156079922632136,0.012570551517038767,0.02298441928021427,0.03591334525614352,0.016329899425299704,0.7550064416077614,1.4187749736406658,0.5596734609532971,0.009899332288749285,0.007705264973654117,0.0040561399302965866,0.0006174655478055127,0.0030171693353413746,0.0008585570974669822,0.00859499216901745,0.004141598175597005,1.9188276524650605,1.9366910586759332,1.917773678322655,0.00896616918135762,0.017773065627131362,0.0023060775588504734,0.0014401068727479113,0.0011738241754441986,0.0006485427179020243,0.01579187347975137,0.006522248405304556,5.6434361816682515,1.9366910586377344,0.004515027080903685,0.0017155689680426528,-0.0018269027216379996,-0.0014533486887162673,0.0008269075382056483,0.019764098639108028,-0.00020657512861255308,0.0005897187241257045,2.101982402917061e-05,2.0952617130198803e-07,2596.770723609513,2596.766666669377,2597.010618302364,1.9401290069131392,-0.004056940135797049,0.0006189918603922706,-0.5226806372538704,0.46802775930009527,0.10031321064889198,0.09735017987088475,-0.00017097454428949277,1.0311163636910249e-06
334,train,1495.2322615007602,56.95480433398762,0.7178832369899685,0.3825627999002288,0.001,1.1674986534236634e-05,2.155100364191849e-05,0.0001020624068580257,False,0.2712993334263228,2.1734249741557505,0.05490063204750876,0.008249855593169375,9.718933577178694e-06,1.6463958850976606e-05,2.2543555302602726e-05,0.04013319296195531,0.031060439188376972,0.03786932027500489,0.01818527981217799,19.607801471921167,32.49467828217803,-12.82821440308658,0.02998664183891353,0.011681563463046649,0.03120466789307632,0.00813794447096097,0.011907807807057814,0.006725431893012268,0.03268690693522506,0.01705738707706318,11.6812813998294,13.509694094358565,-11.656402277989894,0.017556630665674255,0.03089554654926915,0.04061259212823168,0.0012112481136640951,0.0044030255886250745,0.0025858144133131928,0.015529848701026515,0.01587301258235495,15.153431477272479,15.260679222500585,-15.151233438854263,0.02997070996544615,0.12978489549063044,0.03889731848275278,0.002758665131478758,0.0024176483652470796,0.0012268215563512952,0.030278803160613283,0.03422735869784561,14.817139699676963,-15.260659325882898,0.03602254447362359,-0.03876490944864625,-0.002735913305683041,-0.0022269681477003096,0.0012818656494040545,0.028981394426231294,0.00014065025591641445,0.0002314878484525501,7.738874680351052e-05,1.0871128717226952e-06,2501.7733255826715,2501.770709790663,2502.9705481401597,-15.258739288157358,-0.002615792008327844,0.000695754282787675,-3.028481718557032,2.6415578305339547,0.2855928230169411,0.27228521337231176,-0.00014515624161504093,3.487087114216389e-06
335,train,1519.7752527425364,51.013612487414406,0.701219625629066,0.3681705282360335,0.001,1.1340891286014983e-05,2.0496045052088814e-05,0.00012447247516750326,False,0.2421024708393593,1.8558631210030399,0.050723121799960545,0.008354646724129555,1.2141318499272281e-05,7.475359479451037e-06,2.5011498126096376e-05,0.06296118807893522,0.030219223162586413,0.05090662997437241,0.024021944898666475,6.128222306077413,9.622357063571599,-1.7750409407110452,0.01242220412142625,0.00276352131332463,0.011045713038117204,0.0030048013889119466,0.008512310334742635,0.013335729573094422,0.0324166266330493,0.011846450380206689,3.9991896804458884,5.362394367535217,-3.969612102373006,0.011027528710171097,0.016475042174432866,0.0113476729274648,0.0006438606437588192,0.0030085254492615895,0.0010909845591101806,0.01442927138855081,0.007832559523763178,6.23784275732574,6.295681773068736,-6.236538136072222,0.01891025752772557,0.0790658104622539,0.0380212802027234,0.0020025650679483006,0.0016009615169434047,0.000819816807436224,0.021860494919454156,0.023895154829459895,5.106699181339858,-6.29564865751081,0.02553096084145042,-0.03690548860298356,-0.0019867861561418962,-0.0015085229560750954,0.0008316463991121966,0.02116582802799696,5.0066666027803985e-05,-0.0003713026472619361,3.2331042364407005e-05,-5.591824969730652e-08,2475.0270010008903,2475.031512261007,2475.5058026070333,-6.300888628077246,0.004511260116487392,0.0007287104499482666,-3.685408928630295,3.1060681157498613,0.1880113765932947,0.1816361772746893,0.00016548746498301625,2.0233049985732697e-05
336,val,1689.9065540856036,66.77221681131952,0.6698762136396063,0.39790547818001915,0.001,2.012039819890361e-06,4.718409899794153e-06,7.491566654391537e-05,False,0.25334236287936357,1.4945101049950154,0.0676138974606181,0.010424429992809792,2.071821724923102e-05,1.8016979606514702e-05,4.165910563864226e-05,0.062153077382055166,0.04157541082047302,0.09032227400636503,0.03235519275189793,7.022229413709969,13.93777319093033,-4.319476650352408,0.020873268052358007,0.005945230556688055,0.020850911563810297,0.006302797381884738,0.017027928730528386,0.024833631897648693,0.033982030792346796,0.018157088487151158,12.269557522773773,14.908087068507939,12.23583689192755,0.021934610729261284,0.04742737234081927,0.03559910612312369,0.004216761048530693,0.0030810714838389957,0.0057782276018652845,0.015441657493103167,0.01859069934854685,17.62867430761364,17.74180534700281,17.625206045640454,0.03287717289529013,0.1483866149846355,0.06630156980492753,0.0006428546647112494,0.0006535864645401942,0.0002521430202303511,0.009120599541869704,0.03755956141348576,10.982498922668707,17.741805346761794,-0.0318235061524085,0.0643156245872349,0.0005919854169994208,0.00046057579814999137,-0.0002297893632263225,-0.007426676410653901,-0.0005841796162952808,0.0007037705881389486,-0.00035216841194372407,-2.9645609310735566e-06,2525.381912682944,2525.3721521832977,2525.162809552813,17.750445477917765,-0.009760499646290555,0.001120368490319379,-2.31505672588537,1.944173237478776,-0.12801701759644857,0.11894296152361192,-7.282532487806748e-05,6.222363825088537e-06
337,train,1669.1095499404746,59.29635797874644,0.6928588233445951,0.42866368027252155,0.001,2.697315972300986e-06,6.0433293264907346e-06,5.597865583624742e-05,False,0.34696074394341303,2.1354287107781147,0.08980840360303272,0.012601052701102233,2.1353399499441775e-05,1.297675158593466e-05,2.739959839723902e-05,0.07152067892312346,0.043697132940702994,0.10113913710699839,0.03606977978671791,28.957721753295402,43.749289990568286,25.264571116332167,0.04400822090312018,0.036938415680245,0.03917850265783821,0.008108009415171258,0.026306290644479927,0.062234176214725524,0.06696823187047558,0.039955604413822586,2.263706732337708,3.3825261770853103,-2.237015926214582,0.008749364540610038,0.00378024929156189,0.030646465791862948,0.0009315701640755132,0.0023708255106302,0.0018113900459943016,0.0030469857810992707,0.0070979144308706875,1.969975875075872,1.9773374721089567,-1.9699525793422068,0.00535230928943875,0.008077758220399973,0.036000194460338385,0.00020443302404751342,0.0001669239228014672,9.057134000317496e-05,0.0023634131034769978,0.007817215678511251,17.463941634801184,-1.9744824419458382,-0.0025921463262712297,-0.034140271891051975,3.869358434778123e-05,3.1515809877777355e-05,1.1054227359826337e-05,-0.0004289341963285226,0.00023075614195495572,0.00025300118339482237,0.0005535558969617092,4.3174468744577865e-06,2568.497459962531,2568.5050608042266,2568.826438844998,-1.9826894712091416,0.007600841695420968,0.0006061875678824435,-2.6888881423196835,2.3104332723799175,0.053021915485715,0.0501448327364052,-0.0001160333144980541,2.475778937208502e-06
338,train,1532.304956650114,54.11651300594262,0.6920242362591646,0.39720344449253453,0.001,9.445661405323336e-06,1.7951983357446295e-05,0.0001477174384205737,False,0.1655907930465556,1.2565215214683576,0.03522399794749611,0.006793351265000247,6.7316246709018995e-06,1.2320341685745753e-05,1.754105251965571e-05,0.06082048690366537,0.03267165605008799,0.031948026025917044,0.020912793666424453,6.122802151868818,10.497958945580649,-1.7710635783295436,0.012016311980915795,0.0019380203110704966,0.012302207812169917,0.004758787226403709,0.00900467037473456,0.016961427149339858,0.01564250931133666,0.010101270364175867,5.495678866053985,7.123501542462236,-5.471561915911802,0.011113613414668322,0.016167925464101427,0.013909036982657193,0.0013232159695338672,0.0035252340978295165,0.001404988812192483,0.022374380682157552,0.00978413033474534,8.241588624007681,8.320530072606289,-8.239962044396348,0.022526249457491154,0.10011492011577329,0.03645741383223842,0.003270576082320271,0.0026075602333750264,0.0013614953955362837,0.03477441554938842,0.029764396868105284,5.975611352630517,-8.32049517352607,0.027581237007613425,-0.03446370555610719,-0.0031240056417862834,-0.0023978201803564305,0.0013408025892096484,0.032706182412839103,0.000537809844826742,0.0003461876489476503,0.00029314166108502935,3.5908179076837854e-06,2447.9702340557305,2447.9665181278324,2449.059504619278,-8.317682300955767,-0.003715927898156224,0.0009030553278535081,-5.415445132665354,4.566348140296147,0.11501244334567673,0.1125754512758162,0.0002109830752488051,3.6151343399622045e-05
339,train,1607.058076397179,63.025016457290796,0.5904996469756926,0.4280121415303638,0.01,4.4295557453588995e-06,1.0789450839084663e-05,0.001975373014233908,False,0.2663678889815992,2.0111462026966365,0.06225500845335491,0.00918746017694172,3.0655781493287445e-05,3.409663323428831e-05,5.1321777498246204e-05,0.11168051933167356,0.02041839701011977,0.029570553918062396,0.026964257408680258,8.709065652315692,13.570978608629503,1.0518283285026997,0.017966839154466396,0.007496310251808155,0.01429277763222287,0.002885387105327232,0.014696144098016384,0.03818560727244785,0.017272412645231498,0.015804773167508997,2.8923973052222824,3.7741483202034942,2.8572249266472975,0.012859225233472937,0.016192537730216134,0.01725437206775792,0.0019378056562072967,0.005693702048492239,0.0039193817841982875,0.013714513772187442,0.009785385509843222,5.337547387027487,5.431097277006302,5.333714125144655,0.014302638495343523,0.08307855442645747,nan,0.0016862041805906296,0.0010506747083626254,0.0004885663058932617,0.018159984529340988,0.020892796830128995,5.849352005916933,5.431097277006302,-0.0233175625914007,-0.0010950925992830333,0.002291165980424467,0.0013536201907826913,-0.0006808080661272291,-0.024217959041402583,0.0004938839720618384,0.00016574358622460262,0.00020464275095110436,2.77912636437172e-06,2166.196565333404,2166.193123510263,2165.584487373278,5.42793906866973,-0.003441823141201894,0.006600031477773882,-6.4515347922097135,5.163003708311296,0.1887419544623299,0.18134544250043805,-0.004774142617407051,0.0041791059135773785
340,train,1567.9060404558402,66.28718904291907,0.7213194445294792,0.42630306680169133,0.001,5.3852733077086e-06,1.0495414984734237e-05,5.5778577904934736e-05,False,0.229734177408737,1.615718984043042,0.060301983198985616,0.008235224766103055,2.1732728052429035e-05,2.1909717149341793e-05,4.466581056616981e-05,0.07631733761611481,0.05508934962283425,0.06185699183268573,0.032225331221233784,120.69058590568098,187.09826465858623,101.45127021855008,0.1211805109170847,0.12770131133416487,0.22923217905558457,0.030571032276772568,0.06512610069783328,0.11807636847404884,0.18560894933081,0.12605265686153566,12.370997049260012,15.12088498799676,12.19625571179817,0.027683929972709187,0.036588733656357016,0.09670528311259825,0.007819472138516602,0.0021409374213409737,0.009834695234995968,0.038587944255219365,0.031946177636504695,17.159516886784772,17.24768457434402,17.157162689030663,0.019235476295216714,0.10142037607092048,0.005127444650660831,0.0046280934456690405,0.0037657515320214637,0.0021225834765860913,0.046915255456657055,0.02732991743875249,73.80686508562823,17.24768457260234,-0.013652790562040832,-0.0030477281666978196,-0.004871760128164837,-0.004115766370499004,0.002205553484680329,0.050216451273195156,0.00030206126127581414,-0.00035220643500711516,0.0003142297864666241,2.385453670150639e-06,2565.072685370448,2565.080901652224,2564.505237581379,17.238831038964236,0.00821628177573075,0.000637251862372068,-3.33002660185457,2.909678230320876,0.2776837086244086,0.26453557951238965,5.524953849089798e-06,1.2345765064547605e-06
341,train,1577.0237040213724,51.42350232329329,0.6710006771408203,0.39463933952418423,0.001,6.81969294554579e-06,1.4025406531224608e-05,0.00019212847379256946,False,0.09655919418813,0.7718362055434227,0.02054228659416354,0.007131578850337883,3.9100163729437304e-05,2.9064767548077323e-05,6.369561227156132e-05,0.07886446736546973,0.028627042341785498,0.03427901060406595,0.023650396809145043,10.711540807511776,18.87489764011889,-5.8366363186240156,0.014275921693963411,0.0028480703123859685,0.020467681316139817,0.004112953000806242,0.00695812542426677,0.014208013077535428,0.022518272791250675,0.011852185987064149,3.200052445227004,4.9315633535720735,-3.14603371311454,0.0077249026511037044,0.011159678079114286,0.0189668340275805,0.0014193949854216048,0.0028178068320584807,0.0018397260392025439,0.006253620149634174,0.007076176685501932,5.970436330073298,6.053824678263027,-5.968603554466715,0.017969555963027517,0.10846480514068747,0.04864138501614402,0.00023531108369343696,0.0002503194140424879,9.110080351326086e-05,0.0031700272455722277,0.026808824783942153,7.185159439414573,-6.053824678263027,0.027904755081747515,-0.04625043917042563,-0.0001839450752929592,-0.00013073151048427468,7.36660499272831e-05,0.001998163410202874,0.00026732796510253227,0.0002781259590220096,7.935549226044562e-05,1.495402098594667e-06,2421.7103842483666,2421.705666156441,2421.755762493423,-6.050153269407929,-0.004718091925496992,0.0010466830703990126,-6.500394055910419,5.409225875174332,0.008437651348685904,0.013801425290458313,-0.000938442513870541,0.012559057712726432
342,train,1682.4948392315787,60.67786211585168,0.5867953024204081,0.3959034482782121,0.01,2.315449422784295e-06,6.548064668520697e-06,0.0011243749937373153,False,0.1913250409509009,1.5021107581028446,0.04120948355644403,0.005901865283362007,2.9190917895008855e-05,3.337713621422656e-05,5.1431617804734924e-05,0.10280217286099401,0.017445811011771374,0.0491501202278095,0.02825201729541481,32.93497893318002,48.21814812858747,28.95637267956099,0.04250432407247129,0.032290948333882,0.0422989058444286,0.012057126882375528,0.02645659235550384,0.05909262886584884,0.05706506127076735,0.03821021059213436,13.035911351221634,15.180902227595652,12.966334186783483,0.023274621242596272,0.02742959117516877,0.08732477935880134,0.006881836581384708,0.007193463175894895,0.008075314148384145,0.008047208556342752,0.024158698832662768,18.899431292877466,19.017898739361044,18.896154887472935,0.028217064111255574,0.13318317602794127,nan,0.0005961448832932534,0.0003156909009423308,0.00021132524713486346,0.00598387776622421,0.028058042965107187,21.848396008678172,19.013056419355962,-0.036509942500455174,-0.0326845472348833,0.0007066097613624341,0.00039674714833594626,-0.00022629970399021184,-0.0077347757146967525,0.000145872675734326,0.0003187865942335555,7.292098382531073e-05,1.2047447073282314e-06,2234.818823379908,2234.815133288986,2234.139123273167,19.011044860224047,-0.003690090921736555,0.005701650053651974,-3.723525680316925,3.028791457519881,0.012311079117807822,0.025331560520425428,-0.003990768742369255,0.00048140857229491785
343,train,1489.3997940528734,62.32753767541576,0.6082727660117666,0.3947806842199497,0.01,1.267248497762357e-05,2.510011891071761e-05,0.0028026255375834135,False,0.19239573869731916,1.5530008928496954,0.03559669872166703,0.007949969949039293,6.603392376493364e-06,8.03783605625578e-06,1.0033066618010853e-05,0.045042455877602396,0.024192691997509844,0.05611089157242777,0.02089511895709846,47.67888502599366,84.04029706924803,-33.87820788583382,0.07395304882389886,0.028421016243567496,0.05655784528112001,0.01837504544293865,0.03741012453393024,0.05085980089575074,0.12449335703962859,0.052686198239489286,3.5528287774372114,7.233867544215627,3.3247266110957447,0.014632977580999906,0.00644502603705879,0.06150328652235947,0.003500817620503116,0.003965723327432255,0.0031731857133915206,0.00921404304153859,0.014633680377047287,5.630922020311148,5.791268162883625,5.62451979561197,0.03314293638484189,0.11461155704040928,nan,0.0035232045047481745,0.0019616490901079157,0.0010979015651300134,0.03213794360563525,0.030666451161206126,26.71032439636684,5.791268162883625,-0.07188530793859846,0.004129375749680885,-0.002827184355673746,-0.0016449056863655014,0.0008442079619859108,0.0265499877487686,-0.0004192851532029767,-0.0003979296564083847,-1.9133579777907014e-05,-1.7250407138291735e-06,2120.3622948280895,2120.371866448337,2120.9463021676934,5.862277945829192,0.009571620247697865,-0.08058140319326412,-4.616430806287553,3.5362421607905237,0.601627422051024,0.5670599160273492,-0.09095050905398239,0.043171400674997806
344,val,1455.030950369594,55.23442206599924,0.5874376536768738,0.43619628409817107,0.1,2.118593425182408e-05,4.102505753447238e-05,0.009677355949601587,False,0.27162477075406577,2.0408641957828877,0.057437572843633766,0.00580904872887178,6.229978488886948e-06,1.4366542105116281e-05,1.2528676977857879e-05,0.03258872889424626,0.01519109905186193,0.017381959860837747,0.0108658188340863,110.74811092173402,181.03123887045604,91.81200750463476,0.10635703533462482,0.08085396715608993,0.15346262501858343,0.028748574464113313,0.08193598687855615,0.1486548297104575,0.13452058091306257,0.10469609402347717,37.1441963150606,50.15557020652068,36.72895797636882,0.06480779312963891,0.12347832607053419,0.31321208120626054,0.02635380786987881,0.027340100053213405,0.034918665569288326,0.047783454794444624,0.09551440592726997,66.61539850364561,67.06764478925379,66.59833950425444,0.0817568093790213,0.4006262757336232,nan,0.010160585636896466,0.005617178833371017,0.0030358826753118517,0.08170990044753576,0.10022996466534766,72.40029497201319,67.06764478925379,-0.1626662952188812,0.29618924698638954,-0.009912916570633003,-0.005734600671087502,0.0028364705197702683,0.08159025672443335,0.002089500018709424,0.0014615306718343915,0.0013905131371413967,1.5742380844674386e-05,2002.2938086149306,2002.2835403046777,2003.9707183254536,67.06377388714532,-0.01026831025296815,0.014139212361442333,-4.751011676748703,3.6964227898537945,0.6525041187528586,0.6839320322333713,0.06140519057612437,0.001050017923789796
345,train,1644.4078840958357,64.90971924612542,0.5571000451094168,0.39630748310587066,0.1,3.2728610434582015e-06,8.47439099195338e-06,0.004365722645614384,False,0.26575423597114656,2.403859649946753,0.049693034213163206,0.009709777850805068,5.934497755269233e-05,7.281547095471257e-05,0.00011289803541169773,0.125877223428255,0.014756401898341912,0.01106342750213396,0.025323685218774993,17.3130867249092,25.957506735051993,13.72619300679311,0.03941436568543466,0.023204025087492502,0.02237691607342942,0.013295741036556225,0.045859919107151606,0.06632305272677419,0.02913181514667733,0.033365244863013545,5.01311008148554,8.11103976378672,-4.9697016619271075,0.020632254463448962,0.02113893041827729,0.06875115108613063,0.00507403557099504,0.0010310811954671725,0.004681782563274143,0.03306913381515859,0.022291019108217142,9.23977653194946,9.438165938544898,-9.23253575057871,0.03016032812524916,0.078413114745486,nan,0.004123478337319441,0.0019261108786200094,0.0010262037420007409,0.0421842200694204,0.02553462555456932,11.203483821078947,-9.438165938544898,0.030050182736352914,-0.16506136362524101,0.004352816171929069,0.002119733816861385,-0.0010460837465052829,-0.04556132928099581,0.0013387262332289005,-0.0007539444327202907,0.0009164357104295127,8.31752528340779e-06,2087.362317123195,2087.374284510277,2086.663311459332,-9.466459929685243,0.01196738708176781,0.016326604058576777,-3.6201326283776325,3.0655137297023156,-0.2816863179846223,0.219959143319859,0.01925996902900806,0.00018809925538605353
346,train,1494.0122247157676,66.60090452565531,0.7164914845399573,0.36102438882999105,0.001,9.87068855419857e-06,1.8017942619192503e-05,9.188647035302581e-05,False,0.24487891204571602,1.9458831439169444,0.052193501802194016,0.010510981558004673,2.454786990395783e-05,2.4446184978277253e-05,4.756655363995861e-05,0.05626596719722151,0.038516854783550686,0.05830224798117602,0.025530271761745067,20.306115976319198,36.140983127394065,-6.6062215274647285,0.029668005356010996,0.0051636643992489135,0.025734177825972433,0.00405970999806216,0.019952740830579106,0.0453700030511988,0.012673203166100683,0.01882558321186035,15.780529056506104,16.994398846445165,-15.772465264636544,0.02630383831087979,0.026656525877510523,0.08535971611693807,0.004956399032385047,0.008157853767918059,0.006425862959853228,0.006941194713956937,0.02308292541142698,18.818152725730897,18.93790011851661,-18.815924361283553,0.030080623835278875,0.13035322257542536,0.007020543327910236,0.00030565520397954663,0.00017153826955295618,0.00016797169225144767,0.0019537943355150402,0.0233287875674391,16.526867382728202,-18.937878150788947,0.040604490349473596,-0.00480907657942095,0.00020995056053209324,0.00011019862505791263,-8.245435032574451e-06,-0.0015782796836461845,-0.0006384009803461802,0.0008176855639777059,-0.00021906031663378574,-2.1855606158194263e-06,2504.665053447937,2504.6581033419734,2505.6658734101256,-18.931902157057266,-0.006950105963824171,0.000974112232142943,-2.3101553396409145,1.9431861974983455,0.2627015182465584,0.25222426694995365,-3.1617324111721246e-05,3.561632400556491e-06
347,train,1600.8245734159757,67.40365039424618,0.6836185492145267,0.385901993071318,0.001,4.052768370762723e-06,8.429586161809973e-06,9.311330177570669e-05,False,0.18067762946516713,1.4997194680204302,0.036761131827173416,0.008947345254732397,2.63273005077446e-05,2.158343127792852e-05,4.362518538372404e-05,0.07684752156375323,0.03654033039585804,0.0284159251973018,0.02364921884568041,13.53186831080351,23.726987255344284,-9.190593633194245,0.021056241537596332,0.004337617945663009,0.023190917136431004,0.004777282897970679,0.014506798823767724,0.009704925676787105,0.013970797055304783,0.011748056589320717,1.6415309583006024,1.8933010840264615,1.6249355550725257,0.01119758403161053,0.008014323767140126,0.018636738939405435,0.0008068105162024648,0.004971719272645232,0.0004911021998605976,0.024205577421708598,0.009521045352827077,2.5821607319264803,2.615262932540645,2.5801474711803563,0.007042512332138706,0.030072754245233133,0.006280473655557858,0.0005841513295059057,0.0003819670622205287,0.0002673225976686691,0.0060663774648217275,0.0072755077258346386,8.171269144248416,2.6152629325360977,0.006782323587754921,-0.007043082193062665,-0.00038873194711607075,-0.00029429470176362774,0.00018244480235028932,0.004357094745278439,-0.0007522199507828779,0.00026798670119629255,-0.000584036607978215,-5.309582098877996e-06,2489.519347611877,2489.5113066365902,2489.9129190826643,2.6220675273157212,-0.008040975286803587,0.0012363805071800016,-3.197388742763451,2.6537163769426053,0.08339357783961532,0.08167277243930307,0.0003250313534408633,4.402298935118813e-06
348,train,1570.2388479192246,54.24456542972155,0.554751358426202,0.4378883435436855,0.1,7.476297587314051e-06,1.8425765944136615e-05,0.012216397469046488,False,0.18835351083645877,1.4460986768331168,0.03904927353629977,0.008867363732223854,6.9328619363695115e-06,1.356744513571082e-05,1.648388714004427e-05,0.09004125765170354,0.014886001081381212,0.05291128154915526,0.026312587412742023,15.307903015510698,22.06885349977688,13.805767859129192,0.02218974639059601,0.011352651526484904,0.008846344148903128,0.0032289648263612225,0.026295669396070174,0.040933113926111785,0.030182997047927398,0.020139956811976435,6.6142491135514705,8.314342209940833,6.545520034105406,0.018534966598710012,0.024003463962778106,0.041493723377417656,0.0042699312107974275,0.01314666920067571,0.007904886061344409,0.024650301806714695,0.019244829269954668,11.923433894046289,12.138943543105597,11.91349471170728,0.02157470936831629,0.11435742004187162,nan,0.0010821038837019765,0.000697972889074993,0.00025221846626666695,0.01140400489871454,0.025558744035925958,10.986363617604667,12.138451312620873,-0.037643391088876814,-0.045135484282128165,0.0011633026662847528,0.0006252494748833962,-0.0002882453336650371,-0.011219758788696143,0.0004697880975432165,0.0008455440929644503,-5.6869437191990266e-05,1.9857042414805903e-06,1996.729964118669,1996.7134473064607,1996.3679191264914,12.13781579370334,-0.016516812208237752,0.017152331125771525,-7.383173505540981,5.934653826563576,0.6330323587055773,0.6029540982713846,0.04354336457208774,0.0018674453508099008
349,train,1691.277149689936,70.85183818300104,0.5863476760937198,0.4141783589216457,0.01,1.8502279382030277e-06,5.2626246843427176e-06,0.000964948685910109,False,0.1966151597248255,1.5400547270257903,0.04545898887094383,0.007547972379761347,2.440787259486249e-05,2.7454573101967316e-05,3.741133025759456e-05,0.1160947031076376,0.03316112424468916,0.060357232819742715,0.03495038899133732,34.12087115861718,56.82462695466165,-26.974281474455502,0.0462073283727249,0.017092810718690777,0.05028862826233623,0.0148120669081469,0.02880625686087704,0.022732173968224894,0.051741751342281615,0.030912281343426246,1.220538886770855,4.519869502263646,-0.9527284264006406,0.012450568158309139,0.0060460500595471665,0.06067295273393749,0.0011065598224720705,0.0023475022587731704,0.001223928286725906,0.015201724897216743,0.014433119676445423,2.4384570009679627,2.4801393573329733,-2.436896748972198,0.0075218708313755656,0.02336226374757942,nan,0.002994612927396598,0.0016731114357758487,0.000850278769451189,0.03312330835716903,0.012400715047474416,19.62109527976362,-2.4801393573329733,-0.005823094927746459,-0.035374195231152115,0.003264108387308433,0.001849529396572018,-0.0009211570384549888,-0.036451081410093164,0.000552931651522469,-0.0005076431968663909,0.0006239436998543379,4.6714513131096425e-06,2238.8387236212575,2238.852366873614,2238.366577639989,-2.5007773438160257,0.01364325235635988,0.006994734126692492,-5.299255371618074,4.344012886133445,0.051567991422416526,0.05755466393984642,-0.010257525989345595,0.0007437433978438184
350,train,1532.9666781534224,50.898930951764235,0.6841583908692093,0.37731803318313945,0.001,9.95102193232349e-06,1.9199969366284647e-05,0.0001784179206479439,False,0.15883356758989903,1.224355028320815,0.032321217565872376,0.0059511583337150675,1.153061233225553e-05,5.721841898600915e-06,2.2452789823099604e-05,0.06497553420905455,0.028030870218418928,0.04547936459850862,0.02308757904500601,25.260411350538394,40.098479356276584,-19.19368078519544,0.042435057178544455,0.016787170309121573,0.04462203501986456,0.010892562703812338,0.026273317015339113,0.018996965735950964,0.06081988363632293,0.02973198907006858,0.7176274141522092,1.653330191067198,-0.14520569093665472,0.008193396263786568,0.00706156666804058,0.022035474576406963,0.000676968893380398,0.0019234481288522888,0.00043114191258060154,0.012650081937348992,0.007463113686101638,1.970834216058005,1.99340054244567,-1.970456325460056,0.012660656731074749,0.04359017283261238,0.024320980936728326,0.0014483866373589894,0.0010804910581662865,0.0005691395877683045,0.015562240599767916,0.0144285686087337,15.07972501808813,-1.9933229628986737,0.025291909715062063,-0.021530261596178463,-0.0014103009111505055,-0.0010235640642588882,0.0005441391548657901,0.014941237832144454,0.0002831593593891642,0.00048354855703001796,0.0003241648723305514,3.260654098280469e-06,2428.778389967534,2428.777106546786,2428.8235386344368,-1.9930005256842378,-0.0012834207482228521,0.0009609835337869299,-5.665815399220719,4.733695159797826,0.11496160709566539,0.1142616740839342,-0.0007713873383181635,0.0033548814340643163
351,train,1685.9330032742155,49.89904341758592,0.6260959322595445,0.3740663274612299,0.001,2.776209443552791e-06,7.129430997120795e-06,0.000289730072673909,False,0.06767653552111441,0.36653771948590474,0.017129346223227416,0.010434219017999347,5.1153351101378436e-05,5.1539013160080273e-05,8.815647314638134e-05,0.07565363065796574,0.028950556663090602,0.04993711165593592,0.025788691302400014,17.80556042178081,27.212993048931367,-12.429163480173386,0.03691268998724684,0.013922385468219495,0.029544217199821015,0.010674466948230633,0.05312737976285358,0.029256299246728575,0.02991347355793491,0.027739703697298033,23.654666185042583,25.15812521951375,23.639068893082648,0.03495852974625713,0.022022317826082705,0.1272898881419372,0.0099294325656315,0.006712543035774321,0.009204047796210313,0.030450398328443373,0.034268104615679904,26.281092277362028,26.499095772288456,26.278846605302782,0.08445529037469424,0.34823401076429694,0.09054027434602784,0.002178520176700984,0.001048005977679966,0.0006637927056896214,0.02077893369853431,0.07724058961148828,19.030583272807267,26.499095772288456,-0.23189958450258016,-0.09086835458050653,-0.0019554285392964026,-0.0011460428604819564,0.00045751204165527274,0.020551874852073663,0.00027861000416517823,0.00018264993622151587,0.000303375977619465,2.7920639820155913e-06,2380.623734619901,2380.625476995731,2378.6357992506582,26.514598593060782,0.001742375829962839,-0.01724519660228907,-6.948407893613876,5.597020165765665,-0.20033391229708286,0.17668682846396097,-0.020082051674762624,0.05202539438470924
352,train,1475.358570633731,54.95998603627201,0.5657017440439586,0.4108620687486402,0.1,1.6886673185931997e-05,3.6209463333277004e-05,0.02102912410352479,False,0.19846927124102542,1.5401725460053513,0.03879678318068093,0.00662497212664892,1.2945001073374688e-05,4.5902841017670855e-06,1.7899376152803366e-05,0.048000686266109364,0.015221693699333905,0.05736676743240437,0.020104097009862598,25.980064547784107,36.49637953448132,21.71068160463043,0.052415053838321235,0.015790414566525586,0.02086525238343128,0.006577838332373905,0.05124919529978844,0.09578031830371377,0.014832498941170566,0.034182586304500585,7.034613379201261,16.46978635429923,-5.678782283638695,0.016724759395029487,0.022713692457363568,0.13731508356646427,0.003128900416981603,0.008951617822843427,0.00806083082233715,0.010802433034173543,0.03182875968669393,4.056072267997816,4.359759298841027,4.024576618872686,0.01425203783360418,0.1370389463496923,nan,0.0012496643770642882,0.0008517567561149945,0.00024174498361343507,0.013152342649661709,0.030506891023229336,14.579741174639507,4.359759298841027,-0.09114338266407852,0.23680648204085628,0.000501353840211007,0.00031138573423991937,-0.00010247441046804654,-0.004955080645989824,-0.000559663549724795,-1.2123714746427162e-06,-5.078274446994684e-05,-1.8949516391586485e-06,1946.3429572951866,1946.3496059623121,1946.1958957748022,4.483259100041323,0.006648667125546126,-0.13014846832584226,3.4385327634443,3.742125333570072,1.294323375930162,1.1805491507765429,-0.16652469974292217,0.021750890591418465
353,val,1486.9061919428245,55.2414373972669,0.7173352661431598,0.35881165005930993,0.001,1.301846031281499e-05,2.3598976093039532e-05,0.0001086382689500918,False,0.2613843944463863,2.1366991490374403,0.05017255688615136,0.014346741121068707,4.43052104983774e-06,1.2449562254230442e-05,1.3154277250149801e-05,0.04636430414532186,0.037505394900058636,0.06759294638953797,0.025248779965912113,109.49697644349475,172.08348484888893,-88.01936794064723,0.12566056224157163,0.08580971673181803,0.141682111932263,0.037665275641929716,0.06537149818973682,0.08722243270123274,0.1568057585281242,0.09575946562085075,19.825950412629172,23.50804635227405,-19.683880955745543,0.030514462294871203,0.05667328066701399,0.1334457336660276,0.005551448933189361,0.009515881276869117,0.009928975631604444,0.01776796644789984,0.0388138811037674,26.797819701821933,27.035672729500675,-26.792302919583673,0.046621005308648655,0.24358787898899908,0.05033720820696768,0.002015502511603227,0.0019769617380497656,0.0009426350656234402,0.024152500393320894,0.05383544781742735,68.30191843145029,-27.0356667344804,0.05941974569369722,-0.052726354854450666,-0.001933496916108927,-0.0015568869308937637,0.0009512436191435813,0.021071030702563564,-0.0001580766313735493,0.00010266744905261023,-8.320133197436779e-05,-8.250409820886873e-07,2500.4009070220113,2500.3996605548778,2502.173228790154,-27.035120226003528,-0.00124646713356924,0.0006999586566962535,-2.079906997879789,1.8063654373985265,0.2648454944246623,0.253824135840728,-0.000277228782124439,5.150972619588568e-06
354,test,1463.4562461082996,54.870996799128044,0.61631478003292,0.36033527733940246,0.01,1.723471040841431e-05,3.476697532191987e-05,0.002882299550992792,False,0.12156546506796115,1.081494767819322,0.013915522806663708,0.011268059815336073,9.376556720997381e-06,1.7194873739613093e-05,1.9452762343142694e-05,0.03544392576652469,0.03046647557369252,0.08603792574171824,0.0253323918791232,76.72181415117832,142.67317092680332,-51.64972448445221,0.07269064020852234,0.036119223216384354,0.07813212744900536,0.02602869989166492,0.04355318191410263,0.06723377815044249,0.12286958740212407,0.062322766337287304,22.040709851973407,34.23703818505328,-21.86389947678122,0.0439336281492384,0.02983046154172182,0.32291658755489366,0.00771416396347823,0.006771428457632322,0.00788078010869391,0.018042869240086166,0.06552604847775102,26.147374843295683,26.710802964144023,-26.141257074114296,0.060877244348600534,0.38120649175913607,nan,0.002275782136475314,0.0008416342811795052,0.0008951656664571997,0.01839153099305072,0.08072212096725977,45.769320873593614,-26.710802964144023,0.3710540960949748,0.05500898114327062,0.0023479313059288492,0.0012156385738813357,-0.0007374213863709173,-0.022399850897209937,-0.0005152618302042546,-0.00015688499769688185,-0.00025381751886033896,-3.129839611482055e-06,2131.8415319051173,2131.844083580124,2131.8307749123082,-26.661515840691663,0.002551675006543519,-0.0518387984589026,-2.408305607400507,1.9195942845028051,0.49044530547098475,0.478007862231035,-0.06070598724136289,0.03758348863711508
355,train,1561.7737906593873,63.16631579814924,0.6220024852075424,0.35821536835467555,0.01,6.24742499853973e-06,1.3415298641312214e-05,0.0008884940343857056,False,0.10164222706748183,0.8674461767270714,0.016476888336377976,0.005781228804878857,2.374674967355293e-05,2.394899723890658e-05,5.032393848674184e-05,0.0903309880181563,0.015877810682131697,0.03662466711128007,0.023821914249494546,17.649965024067672,25.48907823538957,15.931846617876012,0.025088704068447765,0.01799282914568295,0.023678055431770494,0.005893208951965128,0.0074204454016431965,0.02720015140392498,0.041986162310313595,0.020695142107550055,12.561985604629783,14.667217532990435,12.490961807805974,0.019574274541380277,0.024112339897519642,0.058516079825398574,0.00851600422335729,0.006664740829184558,0.007879777242883277,0.04590502491717719,0.025265661155920088,18.417146552699215,18.542384963458517,18.412818287556455,0.03803231470888058,0.11137219079056696,0.016230584621268918,0.004775439096242274,0.0026711897761016166,0.001432248024940821,0.04587160655580563,0.03039220981082104,14.873462960692358,18.532396886944298,-0.014118497489460266,0.014700109992974485,-0.004505687542678526,-0.0026025884766143086,0.0013129288504257373,0.04409460742492093,-0.00020189382571410224,-0.00025766270929695735,-0.00011586564513522834,-1.5405911413246542e-06,2249.314420718574,2249.317144770315,2249.7162011286637,18.524714145064536,0.002724051740642608,0.004958690139119426,-2.7731361049141015,2.311321854347914,0.2814555452901004,0.28148534978773604,-0.002682625296529295,8.740122277078775e-05
356,train,1577.6470154871104,56.067925111068945,0.5750074632633272,0.4230617650000436,0.1,6.7993179290872795e-06,1.5821835859516672e-05,0.004905078527715869,False,0.18447332603089087,1.4224657776651384,0.040831770989074485,0.0058961946477547045,1.619001616539874e-05,2.1201615492833904e-05,3.0959598077484604e-05,0.09656545619958617,0.014052522549209662,0.024692655281907307,0.02256316421007314,13.516931834724872,20.673076620756547,9.71858021105034,0.027022968339605047,0.015934659129823923,0.012472078264372228,0.004414864104349477,0.025704111617791556,0.05969338158874305,0.01704695828181147,0.02254434216448195,1.590815955040702,2.7835718617179737,1.3574798412463787,0.009813359208153294,0.020008500300755433,0.04470062043292525,0.0020584546776585156,0.008040615617108999,0.0055193163349147685,0.01848127466798465,0.016468130338557936,5.109297534611923,5.1780606697248,5.10468036544815,0.0072297042727860195,0.039536623650562215,nan,0.0027152343481870777,0.00154226592017417,0.000735212430695361,0.027969883579756553,0.014499843985875074,8.26894929173708,5.140577512092932,-0.011601664121022962,0.023564870561950505,0.002949575990500984,0.0016379413417295023,-0.0008054775355153315,-0.030038536595925213,0.0023927662069516227,0.0013873577462028544,0.0012353122367251077,1.56224860252685e-05,2081.3337115789823,2081.3164404193094,2080.529808916802,5.1471710643195365,-0.017271159672873182,0.010677607446268667,-7.728394824274346,6.261889640241889,0.08933857362080744,0.10369231493040042,0.02787756957786769,0.0002762608195795347
357,train,1501.7496969924587,57.36522819262127,0.5535341098999886,0.40877323082116834,0.1,1.3075167660208688e-05,2.8653521669408685e-05,0.026277447014175438,False,0.19774972535984714,1.5354535408198444,0.03891206574354436,0.008487898389471837,1.7767523053418294e-05,1.7132731953896217e-05,3.512795775890481e-05,0.07887375263038489,0.0174539297030726,0.07204223345022245,0.028073323999407693,26.363028996406427,53.34956849696073,3.99982821197701,0.0612865274931329,0.01825852953374614,0.02911017463627727,0.011282034865562202,0.061405241494203074,0.12762875675647958,0.05599053077120299,0.05061254467624521,22.658294208250485,40.909396208486214,-21.80420375616737,0.03594415972907217,0.029767759680078085,0.39533419596712616,0.007661268599553586,0.010273439691407033,0.007951800123005904,0.028596361095052,0.07993080419270379,16.259827199310756,16.28687936595861,-16.259717229376548,0.03284807332598394,0.04745817666416732,nan,0.006587524979996329,0.0031070382290581673,0.0016561133819214607,0.06165044830250894,0.024091860311530443,19.022462191948083,-16.28687936595861,0.05007771022922268,0.48930666818264495,0.006344163637112256,0.0030421076583727683,-0.0015654594044172722,-0.059722774562006975,0.00024147254450937602,0.0002860434529348076,0.00011162303200671965,1.6781883525052166e-06,1927.279112494868,1927.2755797538423,1926.7071120760866,-15.609858371547716,-0.0035327410257650627,-0.6734882533851305,5.443281323850215,5.294545550782646,nan,,-0.7008952599142049,0.06085820564180041
358,train,1584.0036967570802,61.39273292591411,0.5973520158939951,0.42710943375920574,0.01,5.414924517791453e-06,1.29414749084078e-05,0.0016789965042343167,False,0.19869390499930484,1.5132211577622456,0.04677425242592253,0.008237961559100171,1.3055672061137308e-05,1.5034617748312955e-05,2.1971968227504605e-05,0.09513661345121274,0.026093947268020952,0.028384637589275653,0.024944210094424383,21.75264160017128,31.306464854096248,20.06102185909862,0.0342266345591451,0.024292645575195514,0.02100209080756343,0.006533284736179296,0.019014583603655964,0.060666144442749086,0.04677011295930559,0.02971314368744148,9.741725910514248,11.462233029410982,9.689267175782945,0.018851372231968533,0.036952881269609966,0.049691917951551416,0.006869218353054824,0.00789413743108233,0.00963208474795395,0.00899283211303941,0.020005511977715315,16.5240878868,16.747626474110803,16.51485152604343,0.04007559012287354,0.21326168666591447,nan,0.000505175245399991,0.0001893636565259198,0.000217261534160468,0.003983750614931825,0.043631447543386534,15.694684430249762,16.747626474110803,-0.04759866086897741,0.05574144606264566,0.0002372367858357891,0.00015506555248994203,-8.755853742884229e-05,-0.0025455753808603884,0.0006713315540064366,0.00015091296548628888,0.0004743984425132013,4.8617609640366766e-06,2167.82842323309,2167.829366022031,2167.470694119286,16.74045681944017,0.000942788941301842,0.006226865729331621,-6.688168206238515,5.364002297730477,0.4471075692076738,0.42759197138955984,-0.004408052340295399,0.004901978922326525
359,train,1692.4989642483445,55.81820201816911,0.7192427007896283,0.3797260529189081,0.001,2.316573877859426e-06,5.0769973934904795e-06,2.700485007841174e-05,False,0.05289660659248542,0.33669793916806157,0.008702050375403156,0.01812461037175961,3.3743003462417966e-05,3.2374965343304295e-05,8.265798990913145e-05,0.045052728182850145,0.03731480893301481,0.06588204065459546,0.024733058954862542,71.82537510874029,106.6369286371496,-62.038653910308305,0.09584145343863748,0.06944794216337162,0.11049410761823207,0.03188186890437758,0.0859517326321751,0.06575315507847047,0.05512877238643628,0.06977626313051051,5.948958186849704,7.5944985388300665,-5.854197937832516,0.026807433005181958,0.029458021393096237,0.0678121601192522,0.0046648632231047395,0.0033767079273008408,0.003101347307532771,0.03847091664202599,0.02448066943538546,8.64632332136891,8.69526767679281,-8.644837546143414,0.02471180756678759,0.060339679144114346,0.008664615286422608,0.006130365740135577,0.005098778268669559,0.0028075074309140725,0.0671087725171789,0.025024953064572513,44.33592816275236,-8.69524187510251,0.024018335621551617,0.006220064773887961,-0.006142686484158016,-0.0050613817523274705,0.0028817317343081293,0.06696964753064912,-0.0004537806611072483,0.0005785757137516241,-0.0004306092495408315,-3.2711427140341698e-06,2684.575138425433,2684.5632294573443,2687.1094296948654,-8.683648018268286,-0.01190896808884645,0.0003151112546220247,3.3057937552389376,3.0531996256087144,-0.07223263172818406,0.06732411091013567,-5.898480594623834e-05,1.9623775041465127e-06
360,train,1471.1606639341396,64.54961837335942,0.5943392691303125,0.37635898548859403,0.1,1.4802486863719463e-05,2.8431032819773693e-05,0.005406363775531395,False,0.2163399475581041,1.8179809745015518,0.03808143820402031,0.01136835104520273,4.772151047659036e-06,6.408326593561663e-06,5.586478076180668e-06,0.04221556258023617,0.02623273281492148,0.0637058729704959,0.02202848922022849,21.466300059978142,27.62744509564368,20.124011530220294,0.033397393299389844,0.0170909111976002,0.021830595675510114,0.010219594858667335,0.03092541237093576,0.048885405305651,0.03435774817319017,0.0272182779302591,1.7451931838672456,2.4038813887095785,1.4608023835457586,0.011896925621864618,0.009836732194459078,0.02050293493793479,0.0029180683719266408,0.003615722903275055,0.0019158408334479004,0.020692390889023176,0.009913615021677773,4.25430139613427,4.320306345467088,4.248748988304409,0.009981004063010168,0.021421596752690977,nan,0.0049418864692917655,0.0026360116171131116,0.0013544381568494906,0.04377564181974829,0.014825914963138726,12.164257922419024,4.2679880663663425,0.011557853576271045,-0.0480973950734472,-0.00477107292514922,-0.002569573171488821,0.0012878219603844406,0.042582826724731716,0.0011796425841776675,-0.0007159539417180708,0.0007469809158856678,6.941959516781893e-06,2055.373707852985,2055.3830228386223,2056.4351661797878,4.243175462464478,0.009314985637502105,0.015497618264362245,-1.8889971121452618,1.6313776364297972,0.48481013322407307,0.5134515997561756,0.021741462975569448,0.00010076932590708329
361,train,1561.221232449354,70.98217676147553,0.5714444104063724,0.3702567399513322,0.1,5.9117890593703365e-06,1.3222590723155905e-05,0.005713027447232422,False,0.12332452436009941,0.9832180618764141,0.026926737632013302,0.007883633511037047,1.7000745214450373e-05,2.698346200007487e-05,4.2581739907098424e-05,0.11570385570859829,0.022448980108002618,0.03260991033517666,0.028474885349816532,63.94630067301537,99.137297589034,55.54896401131682,0.12006667336262566,0.06556936747977371,0.10739244229097702,0.03306303172356475,0.07352950123698686,0.1431461240753554,0.15115757469492175,0.09564300691692991,2.863000683208225,8.39811087613407,-0.5017930407617742,0.01689239538805065,0.011850675234036094,0.07062687733411521,0.002053434295257598,0.01069775659283121,0.002732649671327277,0.04832038414916551,0.02438029621278882,3.150775102665714,3.2093493365659924,3.147660987786414,0.005884046131073184,0.015118902182349807,nan,0.0038408822919037532,0.0018526456001489583,0.0009428018654721192,0.03509155557082022,0.011369357502138971,37.03753045947346,3.1399658209379595,0.002763197857731891,-0.03349789983294784,-0.0036367465295618047,-0.0017705035988728247,0.0008781149388841481,0.03350327936428888,0.0012579886452262707,-0.000957218577353212,0.001072175490837723,8.778450922397596e-06,2061.1022662312516,2061.120962650163,2061.9042283822882,3.1000481627470435,0.01869641891153151,0.021221239279384463,-0.4666610748072344,1.3594530986068496,0.04013401157999397,0.09208525343922766,0.05582833715925517,0.00023804635705493044
362,val,1643.5597984826802,66.37967032347407,0.5742614057758403,0.4127785114001154,0.01,2.9949492588946287e-06,8.066830976781182e-06,0.0023327133270262365,False,0.2359163905496033,2.018653741318076,0.04946463691011441,0.008848097870642668,4.157230805471453e-05,4.994272108500898e-05,7.593361696020198e-05,0.11653083610779297,0.01264596592872844,0.025273390246298395,0.025769606821486626,19.49385796411453,35.05132879957546,-11.114390720262207,0.02613135185556814,0.007887324772453668,0.02582856640571533,0.0063531507441586445,0.02376270275961467,0.030040020507217265,0.04491367432086025,0.023130906585003306,3.9669022264935054,6.42988234908853,-3.852694823060534,0.01730159642149731,0.016249451976388645,0.08488659873528616,0.0035647737341484697,0.001835183717227785,0.0031838430749310353,0.032125257677010015,0.023640851485832018,6.9196914416106985,7.093717683682826,-6.916652244316463,0.030254771390203494,0.12167199069602472,nan,0.0027307850681465105,0.0013527594394675635,0.0007846696103101111,0.0276688673049673,0.030841814423783243,11.875572460013409,-7.093717683682826,0.058979056107605655,-0.1117122580945295,0.0034273379649638184,0.0018300219324132543,-0.0009222421847981262,-0.03638721713882786,-0.00028726881021321464,-0.0003851094432181513,0.00022366372433884458,6.206917246842636e-08,2147.141177423499,2147.1546830052393,2146.599436773771,-7.100388258044859,0.01350558174044636,-0.006835007378413138,-4.877580822336768,3.892901723118232,0.18829877025928,0.1673935946696073,-0.02783107803998064,0.014704538311449989
363,train,1565.355440148096,68.6591957097438,0.6496850303722791,0.3581825124217135,0.001,5.617384941118434e-06,1.1230471661506585e-05,0.0003252539243146465,False,0.14406392833862938,1.2139453082891123,0.027130190494253647,0.011174468660875903,1.098652831477492e-05,1.2330520643551372e-05,2.744364889997528e-05,0.09622008364030545,0.026103641753880125,0.03489185430024731,0.02621105673204853,30.296819897246095,46.016634761046134,26.929036375754873,0.045626133299935256,0.033931859345825634,0.04714539285254917,0.012074318182414981,0.023426493932978295,0.05339488525386437,0.06336940199224085,0.038890391926645555,5.169888169736378,6.2890959452388415,4.873724253312056,0.015514538588087046,0.012665161481240571,0.03622208391205234,0.004447370286300061,0.005706335009308447,0.004284029735727975,0.04635043815945159,0.018279236430680162,7.63106198486446,7.739697228141722,7.62923072018405,0.024291254476092483,0.1185736941663534,0.009467890194101396,0.0022885336314075887,0.001365120695461982,0.0008090967337388924,0.022951564917618614,0.02590931672311365,18.51901510542014,7.739697228141722,-0.08415833293819948,0.007788467194224735,-0.001379253725778863,-0.0008688874867544663,0.0004613149499052321,0.014393378060997246,4.114117958769031e-06,0.00023539477638818016,0.00039940514430802135,2.6816092111303647e-06,2350.2522948679666,2350.259459611918,2350.4074992225014,7.764424171808969,0.007164743951307173,-0.03189168761855399,-2.3127106875185746,1.9529172474701768,0.2327266647757824,0.23138391556983673,-0.03529191463485404,0.04718772214944381
364,train,1541.2259602936256,62.57073190024874,0.6854448803170148,0.39192675713854197,0.001,7.362574448931067e-06,1.4314186382420401e-05,0.00014543020044023689,False,0.15924329350168243,1.201068182954259,0.03602575563087785,0.005179033732613858,1.4666134437590983e-05,1.6313747979341802e-05,3.1070081510803606e-05,0.0659805197481032,0.03393074376076477,0.023245995916567556,0.02053655156489388,14.7829395088808,23.36698868817848,-10.3398647993228,0.03777809222754591,0.015010525895402431,0.027065753197088555,0.011681806949970978,0.04326150736982307,0.02781912542391399,0.03229713045673405,0.026189308215488843,14.657723540684177,15.522425265105994,14.651425189252743,0.025800449634941103,0.021586701063286046,0.036634673935944696,0.008740887781514772,0.0021756839554717376,0.008032190241741143,0.05177375624769221,0.021490648870941768,18.121194614506003,18.26456240554444,18.117424915811295,0.029223252023529822,0.17282732734645687,0.007514117715306282,0.0051330750497175235,0.0036388450829121415,0.0020574667433224665,0.050894094361401375,0.04034415438318611,13.88196801371845,18.26456240554444,-0.015864967654582365,0.009189950146358537,-0.004624135996615892,-0.00343750543683936,0.0018044977156177358,0.04720753429918419,0.0002985797313547005,0.0004360619621206702,0.0005184240349419773,4.453230782353046e-06,2437.290020398863,2437.293890038292,2437.350666173091,18.25939307406361,0.00386963942901275,0.001299692051816237,-4.9888388981439675,4.189776709064741,0.1997051384050792,0.19164771914092776,-0.00021019336236349773,4.582790200749069e-05
365,train,1511.8778638973363,53.82713497787939,0.6061071651864646,0.37723431364862864,0.01,1.1519716210325423e-05,2.481925891175629e-05,0.002621823757683137,False,0.1409964263387231,1.1639370316188433,0.023843765687788745,0.007033647839244317,9.197309452755194e-06,8.873180332704178e-06,2.4909904009889826e-05,0.07787620282929669,0.020179896581179337,0.07352200193960744,0.0286035136239798,18.84967405979904,33.48889874397264,1.098288499435667,0.0337560390519116,0.012748712562893076,0.022609318941960575,0.008205627045138211,0.03253943582650551,0.07062299839590394,0.019267526681671046,0.027665603242345394,13.940560017694898,20.00057152022191,-13.83394108088846,0.027240718810397357,0.019624939657116536,0.171756454501741,0.004950763760124285,0.005195216889133388,0.004480806604816856,0.018581785265446165,0.03743166111306304,16.18425915656446,16.506792416770168,-16.180407740830955,0.03788830630412754,0.24318530082736275,nan,0.0019745836150174873,0.0008783229633679181,0.0006852284383693655,0.017617095584870297,0.052868106285797564,14.736997805601098,-16.506792416770168,0.2115295421700263,0.0104314523518585,0.0024619886309760553,0.0013481724486927498,-0.0007288554824694126,-0.024574240036823486,0.0004860097780781083,0.00020079928508312148,0.0003653159402884038,3.758856996105564e-06,2138.284258959924,2138.284417552075,2137.98714755797,-16.473804255283085,0.00015859215091040824,-0.03314675363799324,-4.103484959146954,3.2364646317431975,0.47526206895418,0.4650649639338002,-0.0455364059985186,0.029746945541641853
366,test,1616.6787042256244,65.86747114666014,0.6867627217327075,0.3886280804268468,0.001,3.5241536345033013e-06,7.684013167537173e-06,7.902680576677048e-05,False,0.2005017703563165,1.6023316539631196,0.04126830095858416,0.0070181463789680265,3.6034405993077794e-05,2.9152794923612993e-05,5.9588397812331334e-05,0.06466520665376978,0.031231741873299888,0.02506995623778915,0.02018194672726464,7.702689063388325,14.080827576582578,-1.1750248295189585,0.015176493424291726,0.007818394902268568,0.012219650265813285,0.0015016611169087802,0.01000502975810878,0.02519809325955701,0.02415397132415545,0.013482800104468645,1.4957881871061387,2.651536209903952,-1.469736102426346,0.009348757532488872,0.004356017025282358,0.017468858187097636,0.000886525807321375,0.004269014261356302,0.0013350388607627746,0.013259108714177412,0.006929093809332976,1.05107587332559,1.269537444575235,-1.0505749332260572,0.005789575258826396,0.008852823837162583,0.011745890408696497,0.0001663903291556995,0.00013564611274410586,4.43890034361731e-05,0.0019140664295825929,0.0038098676867962754,4.6343671549089125,-1.0428388773948427,0.01029091170140681,-0.01347237694510777,0.00015412065970529085,0.00010041238135637157,-2.3312337681856127e-05,-0.0015582994551805074,-0.000615198612116557,0.0004278911244672748,-0.00028920373923236524,-2.957203560693955e-06,2513.546065773668,2513.541593027848,2514.0035454325216,-1.039414351004325,-0.004472745819839474,0.0010482194293217617,-2.5083041223997498,2.0868404965583736,0.05786999040219598,0.057845142894832544,0.000155373755205801,2.6864532862071493e-06
367,val,1517.702624898293,64.24615589503722,0.6896992112227643,0.3657804084737677,0.001,9.004377358039321e-06,1.6302445193071617e-05,0.0001503821037683056,False,0.23898238933848837,1.874060621820945,0.04991668163956745,0.008405884988464063,1.611766062466663e-05,1.7994342761084043e-05,3.419364491248184e-05,0.058509054653387134,0.027369591560445942,0.039046820166114125,0.020832295338040905,23.660927525212387,35.35578142542499,21.315866510783692,0.03718594983496626,0.026050719944490534,0.03490888024453966,0.006298724915442958,0.014761162886969709,0.0404967340622684,0.047417995038260864,0.028322369515328686,3.452960524522113,3.918879262725568,3.3574926111992185,0.016621139726106016,0.007380144350387153,0.03680391109821851,0.0042711272637135445,0.003949881516921086,0.0037604808563597623,0.04045052157245321,0.016102677776342212,5.014821672513767,5.079338267244111,5.012125888423119,0.015109614569830399,0.062051514532038575,0.013260856760461317,0.003133987344733985,0.0022148541439893366,0.0012453548872759287,0.03202199594005444,0.01898809393475893,14.383126276530266,5.079338267244111,0.007661300361367968,0.012990139107382311,-0.0025942229451151187,-0.0018949952764094414,0.0010192698787497912,0.027166894011591784,-5.904149439228099e-05,0.00012911939715427276,-1.0201917852738108e-05,-8.353155911411392e-08,2437.597156916774,2437.596159650513,2437.9421001837354,5.078926912182851,-0.0009972662610380212,0.0014086213222981314,-3.501853192489307,2.9203962552847806,0.25921599232833614,0.24977421030849345,-9.476772856942262e-05,4.667664176494969e-05
368,train,1599.1712199078547,70.35392908492649,0.657220418187241,0.40860601211476033,0.001,3.887665727559154e-06,8.653030978673316e-06,0.0002111407375022159,False,0.16223914991984378,1.2699023736154231,0.037926171106967436,0.008878592141503105,2.154277645518907e-05,1.871754086223133e-05,3.182285894607076e-05,0.08315852614460749,0.04619202541052461,0.04340046153229899,0.02880384937728243,15.998354845053335,29.200113763622994,-9.177633448958934,0.01948976003013847,0.0043494593290817575,0.024910871723969073,0.00509652173145557,0.010463428906183332,0.03647473835332626,0.03761279780793835,0.01981796964199239,4.564585216984324,6.972968461126129,-4.53110151111845,0.01142782651929286,0.007764980565912661,0.048669796803729584,0.0008391570119862363,0.006986231991151172,0.0015335658624646424,0.02943380320928262,0.015871255907421153,5.304751258620949,5.334803663054117,-5.304557334126991,0.01125796710060012,0.03316375283433269,0.0038049153924985474,0.0006631191044775716,0.0004911629476820479,0.0002368661375412104,0.007394365735293823,0.007625697025304315,10.018794264069575,-5.334803663054117,-8.084220451437219e-05,0.0014033945263688835,0.0007161486740753975,0.0005006350218655604,-0.00024191249641961513,-0.007831077788970355,0.00015107217018533214,4.702925547971946e-05,-0.00020987081606776804,-8.315970333461209e-07,2394.5261882747272,2394.518490805793,2394.7360650380842,-5.32924055209196,-0.0076974689341113844,0.0021343579719541594,-5.178650186224786,4.243898171663565,-0.014022276784544374,0.01334422719708913,-0.0012238074086781126,0.013726368979891655
369,val,1567.636345992363,51.157667208431505,0.6608789050763343,0.36789181594194537,0.001,7.47128166030717e-06,1.5182495473433247e-05,0.00025876018122028284,False,0.08862058562910848,0.729620459062744,0.015406790786932157,0.006191069155923934,4.7743222647467534e-05,3.711148623078439e-05,8.727679060626204e-05,0.0811018341359892,0.02132665013552165,0.039196116149144485,0.023632788653356645,8.061183920580554,11.719966012068198,6.606867070461305,0.013876891334801966,0.015940340357371057,0.007392930689631661,0.004327624889744449,0.006641742309972171,0.02999071053613355,0.014618900026021661,0.01315204146814576,2.498586989423201,4.137222947171267,-2.4361178738485916,0.008778670754123086,0.013439588011466762,0.006610039793758103,0.0007879755932889619,0.0034473158010186445,0.0015334604571037422,0.01940451373708098,0.007537148898952867,5.224659547580484,5.329563977240014,-5.2225250270773405,0.026369727647849506,0.13532465387790063,0.05344001543511743,0.001829630701093368,0.0013361561497551484,0.0006252527475980411,0.020146180992166033,0.03545031498393844,5.594755851435473,-5.329563977240014,0.0850439465972461,-0.05465285963903002,-0.0018734009015065178,-0.0012627643178692825,0.000668403802214996,0.019846576049472694,9.114033859071495e-05,0.00039640794360880263,0.00024126347649134998,2.1422067471021933e-06,2386.774179869239,2386.7743788970906,2387.1097216777184,-5.3284658753527765,0.00019902785152225988,-0.001297129738759395,-5.9964411845371615,4.914511774568982,0.04595516650215359,0.05114814447531105,-0.003031380048014398,0.01219180239387415
370,train,1636.7121265073192,66.27604548229812,0.6945565030027446,0.43095083680223245,0.001,3.172468095001409e-06,6.694069182401599e-06,6.170549657832514e-05,False,0.3522895144746439,2.493924117278084,0.08761295940937606,0.011036947437220945,3.813339192675224e-05,2.7789724658725673e-05,4.86202391022619e-05,0.0639909191652302,0.044639567377249396,0.0851949481286711,0.03232332967113974,15.127476030805362,25.397867456860695,10.349146971957328,0.031197154641654734,0.025317902424630136,0.013184760027989396,0.0045025662847899784,0.017136549071897725,0.05817418523758638,0.05080139194478908,0.028186225831947114,6.670888540755338,8.005990599076085,-6.655521979041276,0.013476913557466386,0.008526783557313627,0.017044231833336802,0.0027799817848808413,0.0023572447868241784,0.0027553558104220573,0.007628636455771617,0.006848705704758187,6.804897648287606,6.823265127659397,-6.804769132696263,0.01381316231750418,0.025474421207640402,0.018847922443615835,0.001265266688550448,0.000978104945587631,0.0005204039889960476,0.014205501725448447,0.010215270166639801,9.899658095411048,-6.823211376246036,0.0030789593299885066,-0.019166677321378348,0.0010315145840953431,0.0008093527192637181,-0.000388553803365417,-0.01153289254118165,-0.0003070276582341391,0.000305800401358758,-5.542703039638909e-05,-8.160583067073901e-07,2543.9831009889485,2543.981858310654,2544.6398542834486,-6.82278035772697,-0.0012426782946022286,0.0008116597755360999,-3.9844217654444947,3.363004328831039,0.06013756619404376,0.056850308721834206,7.38633962100721e-05,2.1628551024297714e-06
371,train,1672.8472429101832,52.37371560597116,0.6262467332062004,0.4034572947799886,0.001,3.107260569919253e-06,7.566134390808811e-06,0.00031556060493864203,False,0.24227152672992505,1.5712042661079977,0.05913932768365522,0.008470284617787982,5.007218929878604e-05,4.9849255292440396e-05,8.033560999404938e-05,0.09918603737662664,0.02557739209432429,0.06740536146095974,0.03205817466441599,11.278460503822291,15.515089039218765,10.449218470834696,0.019585946149964784,0.015420308626070352,0.011051176287505458,0.0025122486583642133,0.008582690657435738,0.03409131464481719,0.020003502580289854,0.015276873575747132,7.375578981652646,8.278003406933749,7.360685342510359,0.014897067739148562,0.006100976364179297,0.07772224595564309,0.003334994057723529,0.0035739860943261757,0.004234358277485633,0.010022513064627312,0.017498178968997507,6.4219927686993845,6.437722506232603,6.421927654533228,0.026051589250577933,0.0228257314872239,0.0941049042312809,0.0007728717153286168,0.00044155386642885116,0.00024363941964388,0.007883454728694424,0.02104535924143343,7.824273052266962,6.437499065567863,-0.010006635326634495,-0.10084929493868612,-0.00025996613221617826,-0.0001599906203377968,5.8184477190746055e-05,0.0027299685895463737,-0.0005373272700174554,-0.00016123240678865685,-0.00021190161842571614,-2.92547425662093e-06,2361.415286322947,2361.418877625356,2361.125478490811,6.481698379770478,0.0035913024089495593,-0.047790616611564474,-7.107210178020523,5.739042547253088,-0.1795931120750538,0.16079800462856553,-0.051709672031392984,0.08922989533598837
372,val,1581.0335447068362,59.730430521809666,0.5684666726374348,0.40788262068281833,0.1,6.097630307453253e-06,1.4416768054350536e-05,0.005811496799909828,False,0.17253663665408525,1.350018168551287,0.0384491432354527,0.006805173086589011,2.3725262250018363e-05,2.9511959645685595e-05,4.51574714212077e-05,0.10308400677085462,0.01564325414410743,0.027414414449107274,0.02437334500956437,23.15262536064046,34.23532035900962,20.70145921073986,0.04621069619959561,0.027847917809465623,0.02595827905948135,0.010710471786698924,0.03359723095154985,0.07842330689536199,0.05575827987816016,0.03871591439678631,4.4162842542431315,6.10423629040497,4.26659806487378,0.012544358354004359,0.024850308978295182,0.027252983018334988,0.0037613883900657996,0.004105436038383179,0.006194422897027217,0.007320226172241099,0.012247460915724576,9.774754124161895,9.887297314423904,9.768731486425619,0.008299126244294852,0.06682946631727256,nan,0.0008565124629953838,0.0004616909083422031,0.0002409226653797785,0.008247308179700083,0.015327180106738003,14.399818962321707,9.842242286449618,-0.02237717881294144,0.02100469639200548,0.0009660791080401711,0.00051471504822859,-0.00025604426861665965,-0.009520632235517915,0.0013951063589406887,-0.0007571628815830365,0.0010860162857362033,9.471035280483875e-06,2063.315768171601,2063.3309810764795,2063.007034743391,9.812724658086609,0.015212904878353584,0.014304723484656279,-5.754682283329203,4.666760192186709,-0.08062162826718122,0.04601002928523681,0.010769973461719928,0.0005149079671264177
373,train,1522.5649889983556,68.83374807466659,0.6713042639984129,0.3936428635065972,0.001,8.03705416453306e-06,1.520699731290313e-05,0.00024148279221378012,False,0.18498800069890656,1.3684767137190192,0.04257560856480665,0.00774388116297775,2.6452821259694416e-05,2.3802572511522148e-05,4.726412214222895e-05,0.06031822479999763,0.0315106028839494,0.02407004741452926,0.019332732435731623,38.60446076988809,62.87805561272535,-29.62897092868445,0.04208844415631213,0.02481481144896808,0.05828801323573725,0.01505829774330134,0.03419014599601413,0.0323970246980135,0.029096010907637877,0.032307384004945365,0.7752631492360752,1.6555797995242756,-0.5871670271327177,0.010546719510847513,0.0031478640517277573,0.06146605435024439,0.002652496074377659,0.0068696571542695775,0.0015408388254317634,0.039323412616511066,0.019166720512093702,1.0869306477452942,1.3839095145754072,-1.0857723970978743,0.012925497322099133,0.019137291570554296,0.01987460857781939,0.002720497085438959,0.0019427385005603582,0.001062434495036342,0.02795641453463478,0.012115664127340687,22.99534240268726,-1.0613726109354502,0.0053368299408174365,0.018616449787454598,-0.0020231007695102323,-0.0014567122868257157,0.0007745615155219767,0.021119348396559618,0.000447544509019744,0.00015224067097050075,0.00030218249180448235,3.2098669457969464e-06,2372.719878685898,2372.7197474033233,2373.072278574174,-1.0624561230561085,-0.00013128257478456362,0.0012147946954428335,-5.133776713762927,4.212693875003101,0.12777125015873025,0.12040709367043706,-0.001509491130036622,0.0036303572621459858
374,train,1578.7542218707385,67.77059181809707,0.69847292291333,0.4021881167554343,0.001,4.6528663237153395e-06,9.683838501160392e-06,8.011863318368686e-05,False,0.1571775469138859,1.1941315030783244,0.038802063566602644,0.004883380501868206,9.897275196026869e-06,1.00655425489604e-05,2.1840414646840224e-05,0.08362381527438649,0.04778904654133195,0.04151934329192576,0.028829001390006003,17.493172949634985,26.226796062318954,15.368952541240493,0.028045467927589662,0.02168975335079367,0.021901322144338767,0.004209648964977723,0.015410486186616688,0.03141920287841057,0.05823344095011632,0.02547730907920896,7.468501354999727,8.50650614252163,7.446218050433518,0.01638229269166569,0.019362552075513656,0.02315733452158485,0.004116378898409642,0.0028388544306338667,0.004158513799469743,0.034307915222705335,0.014656924824719515,9.959224892091562,10.030218812849398,9.957051889233849,0.01891150371768635,0.06722713715006658,0.007538943158182943,0.0027480475530147442,0.002033294689653993,0.0011877263438602478,0.02847308382868107,0.018201372120576598,11.932820890807795,10.030218812704788,0.0007155581015939008,-0.008139956325952026,-0.0027243228801381433,-0.0021313057214730475,0.0011588891472026233,0.029031962621238704,-0.0008233683985168272,0.0006044305547752099,-0.0002370522842744397,-2.9833015311453437e-06,2511.624190230016,2511.6215091334716,2511.906636492871,10.03189915889243,-0.0026810965446202317,0.0010007503569795517,-3.701647794760902,3.0997340042980364,0.09370589741956792,0.08983419481944555,0.0002689706798264524,2.4966201371424252e-06
375,train,1600.1237384354201,69.49838807361084,0.7219066612366235,0.43444329595670167,0.001,4.101715046717006e-06,7.877821082554404e-06,4.3872622106491555e-05,False,0.32505498319351717,2.284151239119865,0.08304028437894478,0.008010116196467187,1.396630017447625e-05,6.044458034284858e-06,1.0680845352231391e-05,0.07405886376882459,0.05930206386625959,0.0897571767601194,0.037191465999794095,62.08442059872517,95.81129335005426,53.248987114317956,0.08366872809260184,0.0765292982699186,0.09867051911804067,0.01782350565638914,0.03995574454104677,0.09665013687852644,0.13620827872842436,0.07763958053205766,5.614970429487274,8.668891991917917,-5.489170295848956,0.013113004451351884,0.010817898973966763,0.02489816104863998,0.0008705626987307945,0.00306767874427652,0.0018651598091743863,0.013848363268239312,0.009227970757171293,4.620788228985157,4.6261156829991705,-4.620773344826942,0.009867693427239033,0.020508905700830284,0.032675424774156685,0.001963439368164049,0.0016813183663884584,0.0009689650379881382,0.021243291727695138,0.013173557495870458,37.64958089830572,-4.626001349040962,0.00902536143853436,-0.0322776009866598,-0.002361378958181346,-0.002033101644165461,0.0011722621404638982,0.02557446387034524,-6.5675903906505e-05,0.00027263307551088773,0.0001734195497299323,1.2117029428715398e-06,2593.897127257312,2593.8988620065884,2594.620168215723,-4.628345399825321,0.00173474927623829,0.0006093015081205522,-2.829071947799548,2.4448835406049034,0.19156933229669448,0.1827679532836306,-2.6934853849525098e-06,1.0127646828345058e-06
376,test,1621.8365211381326,67.64083396701301,0.6137831227271997,0.4101385036837759,0.01,3.600513247453157e-06,8.409486744840951e-06,0.0006712497233451543,False,0.25477411406557704,1.9233696536355183,0.05699772027171626,0.011389717688348178,5.189560948126688e-05,5.272857596714483e-05,8.742875172402032e-05,0.09420606104513093,0.027012953794267037,0.03655546562007863,0.026327755566108172,10.557163376572856,14.54602941569101,4.215202984314369,0.025973761911051163,0.015567073875966987,0.01304388147421897,0.005425661669918956,0.02205373015156242,0.05557614625651099,0.03242204255717051,0.024014755997558142,4.260423283588164,6.756363787050304,-4.218167069143704,0.006771626933422592,0.008879953438610845,0.030044288869508457,0.0010402669571053437,0.0015362661907179647,0.0017673756569060554,0.0031384990133119777,0.007734441687693441,6.012455248339457,6.069642933725845,-6.01082160425421,0.01452906861116654,0.040617253882172286,0.03502055940154294,0.0012163353657421911,0.000737776058778334,0.0003872862038641756,0.01287526710865107,0.015142413003458498,7.126778021115215,-6.069642933725845,0.008578891315409341,-0.03599556974012184,0.0014616944299805298,0.0008945407089412329,-0.00044722612994724654,-0.015766664225399296,-0.0007619644859407273,0.00021163919781646987,-0.00029773689362306015,-3.6488881283158747e-06,2267.3265668655304,2267.3269482227934,2267.2399675362435,-6.0747721048351195,0.00038135726299515227,0.004747813846279314,-5.204662836131774,4.3283394835189295,0.1575616950390213,0.15867403698321125,-0.001963530447028461,8.54845110294448e-05
377,train,1538.8317337922235,62.62710155043777,0.6725846960993209,0.4112177069078706,0.001,7.564426759439309e-06,1.507457617901232e-05,0.00022299138760363467,False,0.16139936035573288,1.187302379386665,0.037780091554416584,0.006551574612731592,1.846998316149219e-05,1.926909884503834e-05,3.53171094089024e-05,0.06135379289281051,0.03726189954758983,0.021911643605098372,0.020100065372819022,10.153669271810319,17.591829604471968,-5.126881672010825,0.027709547480036623,0.010813492160425514,0.021591918680206882,0.01034796377507599,0.039927565199851675,0.017352974362516295,0.02682750733139445,0.021143570251578467,16.503414763367577,17.906815879930946,16.497062237925864,0.03125229737529667,0.03245170124301287,0.03966530199613178,0.010130471240177397,0.003555830301512124,0.010526164852715918,0.05158970865507429,0.024653196381437398,21.187680123051464,21.391341949686648,21.18325484399797,0.04534592454627029,0.29385096728955445,0.03772382267764654,0.005026860902777865,0.003486414071897067,0.001993253862135182,0.04913213354499959,0.06520224205816845,13.842694182199518,21.391341949686648,-0.030075829909131335,0.041471332447612363,-0.004472443283832238,-0.0032856233925760885,0.0016998626092390458,0.045218756429890976,0.00030938990149979823,0.0004415163922547465,9.878787090157459e-05,1.8966920003471444e-06,2386.898825630968,2386.892113366781,2386.8993829178335,21.396604597738587,-0.006712264187171968,0.0014496161352326453,-6.541985737322648,5.452781737256396,0.09869855554643436,0.09505308941107818,-0.0015628714777449204,0.010722621092965923
378,train,1623.7747521605663,61.100971809153364,0.6654833425523563,0.3775779480952055,0.001,3.766631972692492e-06,8.204017520881225e-06,0.00013748846739558156,False,0.16013640122982173,1.3399191131695716,0.026707479472714606,0.0072693191777037924,5.642372892119413e-05,4.847399294719695e-05,9.97514030459999e-05,0.05643530669086205,0.016330950737762046,0.017793831753410316,0.015127456384491469,25.425994670655744,42.31539017446721,-18.755661067285935,0.027404336682887998,0.013959054472680966,0.038393657513782514,0.007663477441124346,0.015903249734352705,0.018999612254224096,0.019899362430175573,0.019136402307723368,5.827470519098222,6.881077489176278,-5.805131004478247,0.010078430610670264,0.014186603425728148,0.030070632214627937,0.001955566563532111,0.005764028713127105,0.0028385596558824183,0.014916364465857436,0.011621959173125857,7.81396421887291,7.882502951338665,-7.812757740297468,0.01685993812599751,0.08145861547263174,0.03825692470654053,0.00044277342283974286,0.0003684863851997376,0.00014457715921813342,0.005337723102459781,0.021001516708148277,15.736543810388715,-7.8824845713957075,0.01653404791610992,-0.04101994096599752,0.000618493267274127,0.00040776805463698306,-0.00019635709026529668,-0.0066292343353598834,-0.00020416668150387838,-0.00016141145024595868,-5.703207410199641e-07,-7.249972558964757e-07,2453.643151639152,2453.647639251978,2454.0150040451845,-7.8883443279041785,0.0044876128258692916,0.0013721436826017452,-3.5526530275801633,2.940173055604133,0.10953178071576986,0.10859871554484854,0.0003195254262209346,3.3012104479618284e-05
379,train,1615.7027982744733,60.13347015619156,0.6563374549294823,0.3873554191826933,0.001,4.139848820209212e-06,9.064994945743344e-06,0.00018534467371649337,False,0.16359152286848,1.3247393125407143,0.031610882812283116,0.009772935719184694,5.851481284678126e-05,5.041548054690515e-05,9.961805804193585e-05,0.06972671739733578,0.02047970585699667,0.02248100409256038,0.018815995949721408,28.28677786574729,46.9309507726598,-20.86194066344323,0.030184871899698873,0.016065076123174156,0.04260032796381894,0.009076471066370134,0.017282345230440147,0.022503675434674176,0.024807804831148802,0.02205595010827106,7.572410949520615,9.075425122552133,-7.540368866168835,0.009606948705533913,0.017068069267909595,0.042208815547001455,0.001940187638127976,0.00645154085567629,0.003045221018803981,0.01773797472059589,0.014741968174685866,10.733034339362822,10.87515239195045,-10.73020790981538,0.03452175700133142,0.15544836266369713,0.049839629524295236,0.0005199453620101956,0.0005159354533235918,0.0001754412791425508,0.006999465178008,0.035583129910079454,17.868877588350546,-10.87515239195045,0.03238106940679939,-0.051987710960731834,1.4056663328013132e-05,-6.266356316687454e-07,1.3219224272937668e-05,1.859821682782237e-05,0.00018764374707489577,-0.00019126217035277514,-0.00010395479096436748,-3.3506218510837016e-07,2412.6342459014772,2412.6314920243253,2412.914019346775,-10.874003088472364,-0.0027538771519175498,0.0016045736738306005,-4.598556201780866,3.785991130223327,0.09805679351029539,0.09818048121776903,-0.0013136008356013917,0.005178135111506153
380,train,1651.399036883504,51.70182385841006,0.6428244513721759,0.41767979228810204,0.001,3.7553305920632614e-06,8.698245369823877e-06,0.00024715776383719317,False,0.33311955539058413,2.3815478736769364,0.07917762113687356,0.009301677024623256,7.827317260413085e-05,7.336184976904138e-05,0.0001256664138894234,0.11813011535411515,0.02572104969496636,0.06191388863873115,0.03434039252067921,14.375898393182183,26.192906269238847,-7.255197898903465,0.0176414974818786,0.0045977111803730715,0.025430712341828695,0.004293620454034332,0.008788576141942854,0.026315172842483647,0.036595258022843205,0.017670175163917636,4.407604399871898,6.464251902913929,-4.341116487636355,0.016986916315915757,0.010225277829624627,0.048269601248232444,0.004115481440000228,0.003481831271087837,0.0035567464475272917,0.027139573580381805,0.01613141863614237,8.139260992763596,8.30551200424452,-8.13585256156544,0.040807488736882114,0.19155793899935175,0.07667252123141359,0.0032204327845448753,0.002052668297081149,0.001180835301114011,0.035900885981226184,0.0517642137657886,9.616766153564928,-8.30551200424452,0.07212634394354167,-0.07625216181770933,0.0028458911220559497,0.0019445219799956244,-0.0010035431405109572,-0.032692418432523906,-3.208522415017603e-05,-5.1999997894205746e-05,-7.508998605427065e-05,-6.005949121368204e-07,2392.960242959372,2392.9594170430355,2392.7499199036893,-8.304895347617276,-0.0008259163364527922,0.00020925970920870895,-7.99818673328582,6.563733374868734,-0.14035180219252652,0.12800625053813416,-0.001755719269567635,0.005962463505237963
381,train,1504.42416008797,68.34892149292106,0.6344568284314991,0.3951922039761597,0.01,9.789878970020868e-06,1.895575452319305e-05,0.0008620916389309699,False,0.19253550900349142,1.4728383463680075,0.04140618903878495,0.007132297622193917,1.8135808867385152e-05,1.585171748905821e-05,2.8913917799317505e-05,0.05112747800624742,0.02267648054684374,0.0323669353779048,0.017705632562525286,66.98214898898966,108.39982954740299,-52.29505422273074,0.07790619362433482,0.044117113251843566,0.08907526358543234,0.025372738955622916,0.052569517871618614,0.06176024652944742,0.09819375851589174,0.06184810645164277,1.6241328407095799,4.055136239780495,0.06422387238247776,0.015481217202451991,0.00446144182976993,0.1074104279048749,0.0024253806707442926,0.00364691993114586,0.002675492199105724,0.02010571495317801,0.023454229581469786,0.7810926470935876,1.4157782809329547,-0.7750803623688449,0.007215406642000488,0.014776437710428515,nan,0.0030146829305966183,0.0019241565099248055,0.0010202520605869484,0.029526092215738396,0.010052324285455057,39.78704289058997,-0.7495411730023989,0.0033043472552616417,0.02638463010466617,-0.00276361881945445,-0.0017784625010522736,0.0009302151882710677,0.027266391539234103,-0.0006169867668498694,-5.4285405360751855e-05,-0.00035236629303994,-3.87284677461075e-06,2228.390498001967,2228.3907143042034,2229.111384830341,-0.7549836729817798,0.0002163022363674827,0.005226197743013472,-5.107511123775566,4.249040976909054,0.4559450374372318,0.44309569527944526,-0.0023393948526972963,0.0001392231202231295
382,val,1527.5563836218732,62.27059211527646,0.7272392655565001,0.4077744449733152,0.001,8.527076295959481e-06,1.5029795074231961e-05,6.376197291684691e-05,False,0.27149162057750104,1.9637616941076885,0.06468283831113023,0.008010107745437978,2.8201690204778696e-05,3.166152836196424e-05,6.008296446753521e-05,0.05351276937462631,0.03900106729303721,0.024369319109716698,0.019500516993402415,80.33014253483557,129.73029934268106,66.19226002509677,0.07459059511747834,0.0768359168544563,0.14287441267697326,0.01853025468491523,0.042951699197849615,0.0650182638970316,0.10856089648902861,0.07579524063337577,13.459263568981207,15.56194754323269,13.395263785808133,0.030670588162151624,0.02771292229059741,0.08338795878081952,0.008362878910766237,0.0028748828619186814,0.009602096428019579,0.039050990396376044,0.02849862161141625,17.709945262782075,17.809703990392336,17.70714609276231,0.019557641538211712,0.10340177861765042,0.0032717754634094694,0.0050574595263831795,0.004087351198692267,0.0023009686904331902,0.0505924334273036,0.028118627820645354,49.75768145991195,17.80970394056658,-0.00719115239411003,0.001676454301209975,-0.005096073038804726,-0.0042777858349296,0.0022888263136778757,0.05192963683531037,0.00114123036184217,-0.00010112700995975178,0.0005643757724792202,6.3584762044488485e-06,2552.4041243953034,2552.4049928984587,2551.6403306718566,17.80823829449446,0.0008685031552886358,0.000597142916831217,-2.8355232099952445,2.514009409240278,0.39515877320945947,0.3763525291387496,-0.00013572396437666612,1.3606739216671281e-06
383,train,1583.112921844616,59.18845310238573,0.5933577495566102,0.393898867398339,0.01,5.595236959573716e-06,1.3423666355401901e-05,0.0019420014600019927,False,0.10478025349088212,0.8586856950498714,0.021910834040860375,0.0083476562121092,2.9030204115722884e-05,3.1434226230378504e-05,5.35791856529756e-05,0.09728065358733476,0.01921638442051014,0.030368195752647768,0.02449654622941529,9.903282165589816,16.471953085369023,-0.21799282789331062,0.022030103351862174,0.008809949856265722,0.01470450825203921,0.00470974346662782,0.015849057693734105,0.04573767677957487,0.021043613464552396,0.018475758252132355,0.8496957355815686,1.5053394251167447,0.6989319496845912,0.013315384844976741,0.01542863335075498,0.06030910190926338,0.0022789297133910327,0.0025904000969023703,0.0035462850261510953,0.0053377439057375456,0.014915182333700067,3.513597404978964,3.6163316742013194,3.506044197477307,0.011607940811710904,0.07733155814726907,nan,0.0007452182785342813,0.00037652356395939885,0.00023437385711945968,0.007246368009298789,0.0171868083712362,6.0297655397928285,3.6163316742013194,-0.027305982798827892,0.03042001238452874,0.0014353755217112161,0.0008070998472175473,-0.0004111101977433706,-0.014869592159556041,-1.2121716890170024e-05,5.482140436574144e-05,-0.0002951744634945304,-1.7203771116580668e-06,2159.2379009611095,2159.2302237664685,2158.794576669823,3.620988902552199,-0.007677194641019014,0.003019966290139564,-4.436869765584561,3.5217596467445245,0.365601455740034,0.3570281172562711,-0.013882274084153323,0.009734957270697765
384,train,1639.769591730592,57.16488505482873,0.5979901399728222,0.42429872535943186,0.01,3.6918678757225168e-06,9.361121126414436e-06,0.0010306974525112675,False,0.2906135143986554,2.297449511960849,0.06693916719177183,0.007293373391277669,4.6524386598527006e-05,5.124263469296832e-05,7.885302661847808e-05,0.129657249069278,0.014715326353584246,0.03803850541529505,0.03043128348101121,44.52999285630878,78.03306627002758,-31.26550997216922,0.041240438866979146,0.021342434401260327,0.05777226693236917,0.014093930858444532,0.03466738437765442,0.041281522785535714,0.07434611139064726,0.040583941790985234,13.857857129585053,18.46241552811125,-13.752835650322275,0.025203835780085893,0.016889653437595378,0.13753999568094785,0.007505081648053031,0.005132677331627883,0.005756593924769036,0.05414978287289074,0.03782896414931399,19.798954178445083,20.055096960243645,-19.79114144748417,0.04067469338497176,0.18051024546668235,nan,0.005999506756384227,0.003416369509310896,0.0018934116777826388,0.06682191596389409,0.05172828987481084,28.09523720973222,-20.055096960243645,0.028958829743470464,-0.05703050034010072,0.006419510121961393,0.0038538536703952514,-0.0019366738169959137,-0.07393703061752278,0.0006999230716369826,0.00038212811381628986,0.00015288681126778044,3.2811139876187667e-06,2226.1142605914742,2226.1044644103436,2225.098764795604,-20.04988444158289,-0.009796181130695913,0.004583662469940464,-6.350695422541776,5.134863549784502,0.08065694321157935,0.08391243272381342,-0.0024521047598682344,0.0006995548277406566
385,train,1479.1798983923893,50.21432043015265,0.5842317323934842,0.38138879736437975,0.1,1.771595590790182e-05,3.682258943284044e-05,0.008575715878545175,False,0.22365144099099862,1.7744290857206124,0.043425943010819035,0.00795439232735351,4.584524329290827e-06,5.37741564113934e-06,5.134478168592112e-06,0.046555458034850436,0.022833645477976602,0.06422515422377097,0.022271559025789506,33.42793967568816,48.86064848471756,25.043406323775187,0.07239432117853939,0.0348974416013487,0.03628170829554979,0.014986695619806046,0.07272417845160951,0.14512366205790073,0.047882712882022505,0.05864939981803955,20.14582675186881,30.4265246941477,-19.669635076022807,0.028375975979870738,0.018851745836648864,0.1871428347391411,0.006978194460904922,0.008498752583518678,0.007439673659276178,0.012126066454780668,0.040172877955711735,18.243144501484903,18.551285341899984,-18.23579535307595,0.03323861602802047,0.1641700781018304,nan,0.00302223209353547,0.0013836817799540433,0.0008869984725902558,0.02724600191060785,0.039341798471703604,22.356968644215502,-18.541945320864215,0.0507991717590146,0.053178413733401875,0.0020810245173676152,0.0010803179072760942,-0.0005410112578947466,-0.0196666278736787,0.00039138170550993443,0.00029451514024388125,0.00041880668651059065,3.91175881375716e-06,2024.498741506359,2024.5004636623742,2024.2321261885832,-18.55633642956718,0.0017221560151483573,0.012668952687818091,-6.775362663936448,5.214716023765824,0.666299254276737,0.6751029993384923,-0.02367392505038879,0.0012972300879654057
386,train,1671.0901376006443,52.30384727272316,0.6734658969032276,0.37040100750395577,0.001,2.847568185268567e-06,6.811594965960123e-06,8.243394569039404e-05,False,0.1162968748989695,0.8175158190165348,0.01903056111539407,0.014374038788691479,5.400973673588578e-05,4.619478596410584e-05,9.236738614215896e-05,0.04179148844398012,0.021077816217524862,0.02830396682423634,0.015227640565763914,26.968483633080282,40.533611009517244,-22.729533957004946,0.03607686921971154,0.02320815661292201,0.04248834016029254,0.010979414138460653,0.027008617797058296,0.02709596667701822,0.02634848960181348,0.0261881641645942,3.9746558727242647,6.323832879794736,-3.751450348884621,0.01799034061942706,0.035887169524355673,0.0703881052399318,0.0007992165136874396,0.0036331277440249097,0.0010534452124798229,0.018777599435538434,0.021756443945003017,8.459635640212634,8.589132974609583,-8.45338909433314,0.025833041286819736,0.13231629239022297,0.14013917516604482,0.0032894179986963134,0.002451985028778681,0.0011973046091902253,0.03694478768118499,0.05272316047901967,16.610404590893385,-8.58911555048735,0.026517553938166016,-0.14463108079035406,-0.003065621878500477,-0.0021539623414043767,0.0011418124241493563,0.033580065904732045,0.0006777539390881227,-0.00017013522315680122,0.000433465390340378,4.29049089722966e-06,2525.4229395438488,2525.4270926079375,2525.792687147377,-8.594009097916114,0.004153064088768588,0.0007404833399959898,-2.6044945683229344,2.1903541277931384,-0.11952593368050657,0.11099801016868037,0.0003179615182489215,5.055378718865794e-06
387,train,1602.2996310652063,57.33820974923496,0.7090197732119671,0.3726475202379818,0.001,4.795042823837446e-06,9.47216429292353e-06,5.77247879611036e-05,False,0.11766837644617038,1.01320198883991,0.017556757576483607,0.008860591175809951,5.016249125056631e-05,3.4400433605415065e-05,8.160691573000833e-05,0.06525062790723936,0.02233790997859735,0.027836314297725956,0.01926517033735811,71.78406616748391,110.14233137144674,-59.443772427380324,0.09286484495860448,0.0631553666001285,0.10255250638934177,0.026015498074358316,0.06378817379680918,0.07123301528179111,0.08804259520447509,0.06913119255781733,4.500163899552822,6.210660200394614,-4.233792151987124,0.015541201841005936,0.030749125228853428,0.05660858313346766,0.0013880033058367867,0.005092147822955255,0.0035360793476816098,0.01668615310640376,0.019010015324199745,7.2366923467743005,7.293938594702013,-7.234916372820989,0.019570835955767585,0.07675504774622721,0.062269433022976405,0.002705687578365617,0.0021989920338128135,0.0011525959052816116,0.030094028479653277,0.029195964127719493,43.588397073641715,-7.293914799470258,0.029698347208528313,-0.06212954274250668,-0.0026831826155551894,-0.0021057005821660123,0.0011871358445592064,0.029335798833931514,-0.0010427991077901482,0.00046786493086144605,-0.00045428380831241677,-5.064009151900528e-06,2574.804401166057,2574.8005931242983,2575.630704383753,-7.290674073597074,-0.003808041758475156,0.0005673158852914639,-0.4997501278062373,0.46812614960652954,0.1008869001743733,0.09845574823879528,-0.00012380432917780126,1.556119022002508e-06
388,test,1655.0854762048514,58.50556649442156,0.7132423998743752,0.41554531824174334,0.001,3.0290732937430236e-06,6.466730689722508e-06,3.732532976169984e-05,False,0.312285329414921,2.2058680719831045,0.07472000608699306,0.011432150563611465,4.610728044856377e-05,2.8437955879184046e-05,5.6395645123127734e-05,0.05628740497025802,0.037001156593455306,0.0794112527942013,0.028805125873227585,31.681843606970318,50.752894906032,26.300016811665294,0.05267633766366142,0.042978926157147,0.0486837589515872,0.010582135356472101,0.031446769229488226,0.06752633086510232,0.07330546672838699,0.04575389788136397,13.078286562552684,14.537008772356785,-13.06680813463499,0.017281267777917497,0.02312377322891791,0.009130354249333979,0.0030433199988143473,0.003022165684326882,0.003521920469114356,0.006551280897048657,0.008065469087926021,14.709362955813399,14.781338973472884,-14.707831493083019,0.027247669097700822,0.08021547201216546,0.033922679133171714,0.0004421860062818771,0.00024428793711062384,0.0001925130479549339,0.0036088152337229,0.019770992228401254,21.02085071881653,-14.78131581783191,0.01510226967133981,-0.03225601889681106,0.00018362195055252146,0.00010234098779630398,9.220755024945646e-06,-0.0014265080528987428,-0.00036868829093031287,0.0005007774045082417,-0.00014731964541794167,-1.3492918355950678e-06,2621.9534330785486,2621.9482576282353,2623.0870243356626,-14.776570507440738,-0.005175450313345209,0.0004301399221731117,0.21496666128086872,0.28294951989000355,0.14449407674374015,0.13877925386218878,-0.00017722898428473854,1.2118526276451632e-06
389,train,1672.6406447778766,65.33627709347402,0.5984372858317206,0.390544039810023,0.01,2.477722206283337e-06,6.263973455455087e-06,0.0006937526674750353,False,0.278085539922301,2.2030908421909317,0.057741055703411426,0.007216202728250742,4.5464773013259953e-05,4.885975190570335e-05,8.215054991989122e-05,0.09740857250181263,0.016166924002467095,0.04292649513211517,0.026113077785205625,37.43992428406782,56.20433774606454,33.06459398241359,0.05403281954582728,0.04219305086110729,0.055113198656977606,0.01622706622564212,0.04092975216996425,0.07408811115268102,0.06747902942289956,0.04933836808154531,6.347439222561066,7.699001683570259,6.130091771697515,0.0138081024963419,0.01573588443828164,0.056541277314208306,0.0033607850702993877,0.0033719015824174975,0.005241701632596176,0.0073688389447069584,0.015270064830418324,9.619772458275628,9.681683209436414,9.61750463906142,0.017711282523308558,0.05060293077644172,0.023991687561786584,0.001529231158681271,0.0008885688986382669,0.0004508616906641522,0.016806636807514513,0.015711652815621084,22.626211633763294,9.669440316200507,-0.01364399048974182,-0.03507069167690962,0.0017343130075682944,0.0009886809237016026,-0.0005090913041628296,-0.019125148512426603,0.0004585589127538005,-8.896098537114697e-05,0.00018130141283748843,2.262568134181464e-06,2267.8349934417924,2267.8343795877477,2267.3508140467984,9.664835755030253,-0.0006138540447864216,0.005218415215040295,-3.5110086933755156,2.960927895967031,0.17420120935139494,0.18066067336894023,-0.002618150385842455,8.020424065197883e-05
390,val,1609.557169055204,58.01173637222563,0.6123117336669542,0.4121621299809919,0.01,4.760279200106086e-06,1.0984660472975062e-05,0.0008570808545042506,False,0.21688836229668518,1.652921989224069,0.050022489497549595,0.006631419811403028,5.279427577482641e-05,5.190522595140661e-05,8.777258027441065e-05,0.10686808820959953,0.018986787088598238,0.027498961290758787,0.025591051445159534,22.84046524936328,41.495343296082865,-11.11766955051061,0.03132171546713436,0.009474831465595152,0.034302022630051256,0.007801732202479156,0.026052502004327613,0.047442406591470955,0.03824187853120282,0.027219228904187823,10.639300375805798,13.847968475895414,-10.603656513365515,0.015285774417065134,0.012942083067144065,0.11189395165682542,0.0034989678343447833,0.0030157770232030296,0.002936075715054893,0.01889587163514382,0.02553045448861933,14.261788524411838,14.387598997021996,-14.258614190621236,0.023362085933447574,0.10337178280840385,0.02269006665977316,0.002524927773566333,0.001460595128450102,0.0008214892377088497,0.026612907474262846,0.026246961513694187,15.820061144536597,-14.387598997021996,0.022700871838087337,-0.02623220392110242,0.00279763258801773,0.00172047434021305,-0.0008611501539909212,-0.030526218471505193,0.00017255776359848056,0.0005323862621702841,0.0001226394757486623,1.8044172502840183e-06,2249.2224776902667,2249.2172447799494,2248.9422323267436,-14.386324019710628,-0.005232910317317874,0.003957933005949599,-5.744541518391543,4.7703679371672365,0.08706485205948411,0.09037741657790557,-0.0013498904950211,0.0001719159225470686
391,train,1480.1634053208775,56.44008595477983,0.6775490158928443,0.3966959751563043,0.001,1.3937714757124193e-05,2.658978260382911e-05,0.00030008627558354006,False,0.22616289037459797,1.8593387345956671,0.041369144127881056,0.0080271583065612,1.0314956712342366e-05,1.7164291513571525e-05,1.999680201000378e-05,0.02905249650121131,0.030141902972961654,0.056474076727018874,0.019285992041904624,52.44669099890955,87.43581256543894,-36.27009461417144,0.05545434974420704,0.03105805059801638,0.07535049017814029,0.017333694013685102,0.02221292371387431,0.03137841639433306,0.08601008033121342,0.04389060920487709,19.99621221289488,22.72767307778531,-19.95154664230982,0.03341495432468511,0.027449151481548136,0.1839449071745564,0.004544206516304757,0.005131175826359608,0.005412926614600258,0.011673200215767784,0.03969259463818949,26.365945137359336,26.831582624093244,-26.359800250140694,0.06036535529594689,0.40874378819304164,0.017719047586292187,0.000504953048706511,0.000842890456999636,0.00020081841750204247,0.008064847444401634,0.07267939085782393,34.90943968216418,-26.831582624093244,0.46922415492116004,0.00494397595618397,-0.0002261410405537764,-0.00023695402340233782,0.00014080131974695542,0.003047246958974764,0.0002947883352111378,-0.0003963512276452702,0.0003112252560811591,2.2773028938161133e-06,2351.938747399094,2351.947145633457,2353.152622103764,-26.82290192308392,0.008398234362630319,-0.017078935371955595,-6.500201483633646,5.381285432059234,0.1890238394462358,0.1820529151163021,-0.019639813160210906,0.0510942666925178
392,train,1596.839867186653,60.50994201613065,0.6185806325596123,0.3719839955352341,0.01,4.82639121800641e-06,1.1040767751546133e-05,0.0007541082995712,False,0.09502273303395412,0.8463154130279236,0.012930290857730774,0.008224924466095906,5.095568562997631e-05,4.903325627278581e-05,9.557047453847802e-05,0.08406138198968985,0.015505527072078472,0.0278162098398078,0.021263113053002894,20.802017828531703,34.933160996969036,-14.710413117574369,0.025224361921501348,0.010779994449658074,0.03219271860667451,0.007837351731067121,0.017663128851713946,0.020315633005296634,0.02248320225817498,0.018545338150430878,0.7729338056560209,1.573648650805353,0.677808832327258,0.013073525803477537,0.0037930020780171324,0.035339430646771294,0.0018921822776179137,0.003072995156086212,0.0011760024049824373,0.02071286838425312,0.010997746824621351,0.6332224295827471,0.6451360968121662,0.6320846862639936,0.007966655467149586,0.011334566012557529,0.02705563991806397,0.0015917168711333334,0.0009308558480731787,0.00047426838322705536,0.016363529494612516,0.009625096087944596,12.297915230317404,0.6295852559164814,0.01289808921479463,-0.02981862121984131,-0.001303736715049976,-0.0007686078368611423,0.0003896395502880245,0.013509456755483252,-0.00042859464430183625,0.000725741053049161,-0.0001861661575634481,-1.5008910942970743e-06,2268.1750062130777,2268.1680080040014,2268.2930764510056,0.6324198162824359,-0.0069982090763005544,0.004163648710346024,-3.369916173252477,2.804742723757847,0.1467670488659678,0.15538675020015474,-0.0023290441381504934,4.575663344802313e-05
393,train,1625.4115347620072,61.97979194550872,0.6930716544332551,0.3942240797490959,0.001,3.4434730004857565e-06,7.66182819654432e-06,6.883339402526203e-05,False,0.19501802527125758,1.5110151481851517,0.042080796263176415,0.007470294916969156,4.243094709719327e-05,3.2569020355737074e-05,6.718145177748107e-05,0.058362606642792934,0.026460842572978684,0.0280541858992005,0.018836636089033756,9.28326765338809,17.471621829729884,-2.7131994982558463,0.014983988556085848,0.005820985615510395,0.014028398401285154,0.001754626526628422,0.00905173880483336,0.025273021856304156,0.01850685996926856,0.012405938528971676,4.976665748972945,5.406784138309376,-4.972975239806419,0.01047115696733636,0.010198979978372888,0.01608227111302006,0.0019542193284123443,0.003693043413938884,0.0023563377528599476,0.005937963169336171,0.006703802459323382,5.870081917104774,5.9013901619864555,-5.869589413359588,0.01231836617678006,0.04362838836042117,0.0345914066535294,0.00022521621472049736,0.0001523762622838131,0.00012811068590661928,0.0024087505958432388,0.01352237479545079,6.536089502699678,-5.901344384258664,0.015330794540379456,-0.03586673719645688,-8.063078415751944e-05,-8.35304006289353e-05,7.800657164595193e-05,0.0012065931310665657,-0.0003487042689257175,0.0002774480169759745,-3.5926038036215306e-05,-8.43789973781206e-07,2539.6330948454925,2539.6332355849613,2540.2124333140505,-5.902284356399377,0.00014073946886128397,0.0007992326718522236,-2.3690073380466856,1.9851176461392024,0.07270571022490913,0.07114551871553175,4.604547802955494e-05,1.7590483347992323e-06
394,train,1604.817315080731,59.744935874991256,0.5922361074145952,0.39552918777238477,0.01,4.7524089630800565e-06,1.1371619437023534e-05,0.0016358821803321515,False,0.1576466127366089,1.2801493611871138,0.03301401769385848,0.008840189793698716,5.2107682301442255e-05,5.503197362686536e-05,9.376703068490037e-05,0.10452321129401922,0.014843212004134063,0.02539377698536142,0.024160184495021317,15.365638716656349,28.096428741312593,-3.368967034452535,0.0296066219827833,0.009363111724156327,0.022786809936317924,0.007066823061259314,0.02791211239453504,0.05312816381232137,0.031994537445922684,0.025375259729085442,5.914742591689062,9.02546890629128,-5.882558606881598,0.01262185995989995,0.009363569158275816,0.08478818443357304,0.002198587587310608,0.0010811081687293407,0.0017592287591373771,0.013350436138304035,0.018756852374221703,6.914002107878259,6.99610046328371,-6.912973368415752,0.021666373723506993,0.06889673445207838,nan,0.0024361057125621586,0.0013050483956478865,0.0007126288007957826,0.02526693522473953,0.01972349051716475,9.808724619527833,-6.99610046328371,0.005831874868362302,-0.01737427557549961,0.003331789430430861,0.0018608891051070072,-0.0009376250878059999,-0.03562072850158514,0.0004301201051486255,0.0002781501613071636,0.00012061885331912928,2.2390380765013873e-06,2176.5404634638644,2176.534578780054,2175.878587254556,-6.996750602416341,-0.005884683810563729,0.00653482294319474,-4.393259849511651,3.5104819976440433,0.32201673650524754,0.31531437044352656,-0.005382083138101734,0.0032452327386888777
395,train,1560.4218256565362,65.5528060749266,0.6318064881601657,0.3845801981604537,0.01,6.187761249530816e-06,1.2934416300968143e-05,0.0005851777545298063,False,0.11874245430497848,0.9316078799608931,0.025594063862250244,0.005808087611668178,7.363813461536217e-06,6.8427361298104765e-06,1.2710763434269651e-05,0.08634622271141426,0.030498358640479076,0.02949454044788512,0.024394339852134014,6.5124043205183035,12.395668080862833,5.8499235109443255,0.009428891460270705,0.00818221562933647,0.0036589963318918554,0.0013472850938095365,0.013063513981554026,0.019465782473847653,0.027696338963688356,0.012235688745687983,12.083879746091386,13.387499363955612,12.054084874164362,0.02024863541378341,0.02267667614831507,0.04407272143006252,0.008472451186165656,0.005876946285750735,0.00831413148445327,0.049967973867258986,0.023230150067001038,16.877776192864452,17.000207786744795,16.872443221283955,0.030285723281855415,0.09697240211143944,0.01923872347262296,0.004499886585122763,0.002717752423102676,0.0014739835639324935,0.0437329736065029,0.02810595362712054,10.514905707086674,16.986319461834682,-0.01746966299955578,0.019618266089351123,-0.004254310550330258,-0.0026628332482288067,0.0013554913301203177,0.04216837986370363,-0.0012843358699282323,0.000492485315925144,-0.0007189760534930766,-7.3167685583630515e-06,2276.1762021675518,2276.17002304088,2276.610110571437,16.98841321885584,-0.0061791266716682,0.004085369650510984,-4.420852007550366,3.672223905598559,0.32265158242398684,0.3193338942410036,0.002760725630196248,1.629593341533844e-05
396,test,1588.9420878132905,58.410879039323426,0.6302169605979638,0.43416640846634463,0.01,5.614273040075591e-06,1.2362846061243229e-05,0.0005371768611424541,False,0.21951854329288728,1.6450657701866476,0.05304912574353674,0.008570283480248797,1.871743681635612e-05,1.5566263214328456e-05,2.5565212672633132e-05,0.09053197393758916,0.031169549202169137,0.030880216147069112,0.025440264699921788,10.216242351622233,15.134871314993234,4.978908446688504,0.022770088766190355,0.014274971256423241,0.012462485437607194,0.002611274401261065,0.014855122598196527,0.05512809417443539,0.030134699750300222,0.021577774603037277,0.5690948281041845,2.513309404190295,-0.3605369075964816,0.012447760274830078,0.02158221054377414,0.06331769511010563,0.0025392318839616585,0.00369674995948482,0.005240191310264101,0.004611225115665033,0.016831217320542564,0.8315973802143053,0.8671095010213321,0.8175080870456733,0.009120834049749948,0.042198844738686715,0.04222865681117606,0.00014054863256368586,9.585830529526946e-05,6.974468729779599e-05,0.0013338922574222837,0.014344590905406969,6.056140853770361,0.8554449482548989,-0.017613110140853185,0.04068676342575779,-9.006328343301743e-05,-4.898559320606903e-05,5.5325650091029094e-05,0.0009295857302836488,0.0021389524941405583,0.0016121478563217698,0.0013817872315978065,1.593328261639826e-05,2285.9916461780517,2285.9792430079106,2286.185212533075,0.8650015578646162,-0.01240317014116954,0.002846560531452269,-7.620473025640422,6.385414396960844,0.07103243042547547,0.07443967067866253,-0.0025992699702328537,5.3680008375848566e-05
397,train,1519.4468464726335,70.24277353337611,0.6973323403101632,0.39075471903609127,0.001,8.084447484877313e-06,1.4520053919773096e-05,0.00012174565409740488,False,0.20556583434588072,1.5029903847359947,0.04828591860224042,0.0102285420163577,3.4019015079811966e-05,3.067929871635311e-05,6.312910777590693e-05,0.060982911773447196,0.03399593669090957,0.025340790623290692,0.02007457775153659,59.02607034176265,94.63366620474153,-46.320225054091075,0.05832990444548347,0.04011957225963413,0.08335201686369585,0.020333107455095863,0.04176013097440953,0.043790698127965565,0.0483167416181045,0.04627871121648424,7.197418810850774,8.61604817069383,-7.1436548691351165,0.018853079248787097,0.012657425638985918,0.0858382677440194,0.0012617006769546316,0.008532587411180235,0.0030649996766063834,0.025773729199448557,0.022854785057865853,9.495289185715253,9.54884485386674,-9.49450321441566,0.01613482009592415,0.06487790659752668,0.00901645189682216,0.0013301682009225465,0.0011248690756793368,0.0005771738545124469,0.014995783168414083,0.015320392132312876,35.58358581824079,-9.548831340311153,0.021184948648727008,-0.009482056191279453,-0.0009099338530409937,-0.0007311579105612351,0.0004242207430956731,0.010150878368904052,-0.0003289177313228029,-0.0005083388474866899,0.00014851064165447028,-4.6957588406559836e-07,2456.673714485128,2456.6876413047407,2457.4436018650244,-9.564134849077163,0.013926819612606778,0.0013766891534032766,-4.515549747913155,3.773683261127014,0.1201692641302543,0.11438598133395551,0.00012286150467843981,1.7399177465804463e-05
398,train,1663.3700882678845,53.79001654767531,0.6740116531803256,0.37949529219554856,0.001,3.029866159762934e-06,7.013713925379262e-06,9.188734795467737e-05,False,0.1711786982440718,1.2955267279157852,0.030154229108338454,0.013945935985401725,6.25502233333724e-05,5.159885185135824e-05,0.00010332656562740903,0.049221685911282925,0.020072257053007456,0.03202803525234102,0.016923242309573924,11.47287692644944,20.765091994479008,-7.025882505330251,0.013408964758682362,0.005696263585881709,0.015713891032414568,0.003232856067862923,0.00336770379303589,0.022524733236098535,0.01699101944215153,0.011254411192907527,9.54030108068519,12.113915082345102,-9.49074025348976,0.019406897585480642,0.03825012884736569,0.059085918970491036,0.0022799880996104277,0.004990778092389534,0.0031748346746179284,0.014491050840290941,0.020378783254127595,14.663824761650709,14.830726479999612,-14.658696903158683,0.022177088473959827,0.17308590101185606,0.12974236883339924,0.0018868236229635331,0.0015634150721985192,0.000730468715831142,0.022714624452701324,0.05495393361815831,10.780277944222663,-14.830715994315142,0.03090102961217283,-0.13402435622435444,-0.001708255339342197,-0.001238370082227886,0.000699779372284849,0.019319149492031434,0.000497584855090819,0.00012478389349162636,8.18275551990153e-05,1.9629173335644623e-06,2517.491090496891,2517.485421568877,2518.4027671516196,-14.825832862753941,-0.005668928014074481,0.0007857964528739103,-2.740536594682908,2.2944134116827555,-0.07768543631209468,0.07145121671229761,0.0002394215325693949,4.977101598831103e-06
399,train,1542.8520211809912,53.68798217271823,0.6133414565091494,0.41129097468905845,0.01,9.122160849347417e-06,1.9676094382999845e-05,0.0015815415362560256,False,0.10285470460003228,0.8028741180380621,0.018085638234173328,0.007641272296341484,3.435468170392858e-06,4.1912748963810365e-06,6.282320694793599e-06,0.06685207189887227,0.021056120587802013,0.05453688213528553,0.02374316394762023,27.128441572714237,48.45013516424024,-17.064677673612426,0.028309793896639235,0.01093094363604905,0.03944258241200324,0.010188847544589038,0.01596430731938245,0.02914170937822286,0.044158557079933936,0.024971157895030096,5.740293790074434,9.023569562779358,-5.693543690213037,0.016097894815902625,0.011766984828097791,0.12952812637965605,0.0018887838629988532,0.005547132277234509,0.002878644929861372,0.020039559068993393,0.02860820522447366,6.466858036243108,6.497300986728078,-6.466711469872449,0.018166638606475383,0.034397536125065284,nan,0.0014750897352230744,0.0008720750365747214,0.00047372685303508815,0.01493175029472672,0.010430035608924979,16.225722016612842,-6.497300986728078,-0.003779451144709361,0.0176414945858988,0.0018389206349761417,0.0011239599737880978,-0.0005756210302123231,-0.019009518018843288,-0.0007032161187723341,-0.0004161596497611828,0.0002884740538981448,-6.665843599318322e-07,2187.1596995408304,2187.180879156464,2186.882909139299,-6.523059347713115,0.02117961563362769,0.004578745351409452,-6.763193238157328,5.438244880211591,0.428134061693072,0.412408153382747,0.00014474045747192577,0.0011254112863922769
400,train,1473.15,51.0,0.5921587,0.3975,0.1,1.872113036359249e-05,3.7660516468069655e-05,0.0067384217015603294,False,0.2208711033937386,1.7262611498601927,0.042511652790758934,0.008403148487120315,5.97512190310264e-06,1.3692026603230776e-05,1.3842745872147517e-05,0.024621346476707454,0.01981089136658154,0.05276439622444099,0.016205023993684745,18.537353874650996,35.34516080563617,0.9870572467787965,0.03646529935421938,0.008064370522931553,0.01861554882002215,0.0061357134493642915,0.031028718578919822,0.07392969902609574,0.04369581488220454,0.03024497754658968,11.712387200741222,18.743961064715677,-11.434282575848151,0.020344399908668764,0.014326166361082271,0.13393124946714177,0.0035679027423348494,0.007372309436410831,0.0045719337556405365,0.014962605850512163,0.02978869460218707,10.046964672020113,10.175848686885729,-10.044046401012409,0.01298370616667821,0.08616791739766849,nan,0.0010167830617862977,0.000598992783814694,0.0003098602410884257,0.009433733503181786,0.01950545739750794,12.457604645758492,-10.175413212490866,0.033779671017505904,-0.014845619964089554,-0.0013107235085850222,-0.0007389190222611223,0.0003667659978666025,0.012193924635895885,-0.00039626809551335544,-0.0006257576923892226,-0.00035173559858510704,-3.905508067059138e-06,2044.7893645466058,2044.7927904240294,2045.2047895089138,-10.189356504395619,0.0034258774235240708,0.010517414481228116,-7.8363916803652955,6.0600659514983155,0.6579848454857711,0.6244183732502516,0.028895524035533526,0.00035617974987219324
401,train,1473.15,61.0,0.583816434,0.3975,0.1,1.5483847028895734e-05,3.0979335967669845e-05,0.008364477894284298,False,0.17934887743564412,1.4718225459514542,0.03103950197392921,0.009296960537478416,6.9718916952024e-06,4.953248232377953e-06,1.1488888807406422e-05,0.03590914988127839,0.022820663935843442,0.0589854321383601,0.01962310999736949,24.28565385868674,46.904174863143,-9.41458481702429,0.03238810629821298,0.01138933515163794,0.02879286099371548,0.008691200391650023,0.019005122432131222,0.03725459389568203,0.06389104694361177,0.02817069330140474,6.796691915935193,11.793005171214645,-6.6743948786193865,0.019494936132881335,0.011579187488420324,0.10385337631214105,0.0010560905302718527,0.005829424395068927,0.0015711663185888447,0.022331563366113884,0.02437013473510081,7.153344188275218,7.285964744937473,-7.150952561385666,0.03265552735136534,0.0705049107371274,nan,0.005049638052405444,0.002808346750758724,0.00131641619770647,0.04479417027470037,0.024894696402539683,14.269088827378695,-7.285964744937473,0.02642311209183108,-0.06186030283748972,-0.0050470612284533685,-0.002728962712000351,0.0013553399011400988,0.04417479361501137,-4.933486366696809e-05,0.0008241001914585681,-8.094061802610983e-06,7.508718424809047e-07,2014.158665268984,2014.1506824149383,2015.3724907747894,-7.295859032929911,-0.007982854045621934,0.0178771420380599,-2.8729431501799354,2.384188981113233,0.7452772957512934,0.7402354716743645,0.02701382889586057,0.0010732647818664778
402,train,1473.15,71.0,0.565822946,0.3975,0.1,1.3208564696780553e-05,2.6873279588740433e-05,0.018609743304334805,False,0.22212328268093595,1.7307141514309023,0.04869341386430458,0.008879919648441259,1.0836859645306019e-05,1.942181264943904e-05,2.901617276660761e-05,0.055204865290630116,0.019983894027308807,0.04682004698924348,0.020344680192040627,38.326372617733185,55.75097664412169,33.19898281776257,0.08372236463113802,0.03205860527858073,0.04587623782751275,0.019488538456763373,0.060080455816094745,0.11218155772975283,0.05878713569530451,0.05474542180066816,8.022984234414043,18.433653746848904,-6.545211780746112,0.023988111165984094,0.03733999406791295,0.14883140876694145,0.0024324485511009603,0.02082375443805684,0.004748859440790496,0.0649232710590269,0.04651662272063827,4.462216695935803,4.752033971426272,4.4319705204935325,0.01841516756641104,0.11167084090700777,nan,0.005013902554430581,0.00230408571104754,0.0013409195479335949,0.04052490646870505,0.03217093103782491,21.243611058208767,4.752033971426272,-0.058105653593861536,0.31478902480317794,-0.005016413100167764,-0.002459434925492697,0.001262336863490833,0.04181534589370155,0.0005233617524376276,0.0003932722214918038,0.00025245088775140633,3.4295278981133492e-06,1947.1162481860447,1947.111073873427,1948.1852410687611,4.816870350257432,-0.005174312617782562,-0.05966206621337733,11.50652743817409,9.609523951805965,1.215788531876342,1.1546377274555777,-0.16383381489504245,0.00971376877212752
403,train,1673.15,51.0,0.715288412,0.3975,0.001,2.873104971779273e-06,6.5029679270444816e-06,3.500069568317734e-05,False,0.17833578035679903,0.9600298871389441,0.046197637711410756,0.014928159980863054,4.154209872321221e-05,2.8280001189765233e-05,5.934424170625893e-05,0.05993539114007774,0.04371839280647979,0.0832063266915652,0.031164879496623665,37.73414819848861,55.5597626063236,-32.8406331306259,0.05097622137422708,0.03725018191958787,0.06143069763058083,0.016479911186429927,0.0441714095372129,0.031837982681628026,0.03158045102581622,0.03712510566354263,11.521356797743861,13.776890573075889,-11.48552792390597,0.02713018254414168,0.04489518129587283,0.0349869427665126,0.0013591444490013884,0.0036302562450741755,0.000871802335704661,0.016625886485309965,0.017061535596245937,15.82054325387497,15.924319281362841,-15.81735940433184,0.03144242066240732,0.11998168808527634,0.06401818707893996,0.002746033225363368,0.0024959565174425347,0.0013199243021910206,0.03272387624331723,0.03721427757542174,24.520118970450344,-15.924310146639073,0.030469300278994114,-0.06390922756703503,-0.002479916536009176,-0.0021337594859781564,0.0012991832708695204,0.029042429536084303,-0.00020800098915265026,0.0006741490601794831,-0.00022275828883144843,-1.2333037686662607e-06,2648.527788231574,2648.516846522017,2651.100747537552,-15.913669217511142,-0.010941709556846035,0.0003007804289154592,2.1246907889794784,2.0188715618127597,-0.017675780950412445,0.015788597188064062,-5.763481613030308e-05,1.6244997092533609e-06
